customer_id,signup_date,plan_type,region,industry,acquisition_channel,onboarding_completed,logins,sessions,feature_usage_score,support_tickets,churned_flag,churn_date,monthly_revenue
1,2026-08-15,Starter,North America,Healthcare,Partner,1,26,17,67,1,0,,49
2,2025-02-21,Growth,Europe,Manufacturing,Paid Search,1,26,13,41,1,0,,129
3,2024-11-24,Growth,Europe,Finance,Outbound Sales,1,74,16,100,0,1,2026-01-07,129
4,2025-08-07,Growth,North America,SaaS,Paid Search,0,52,13,54,1,0,,129
5,2025-07-07,Starter,Asia Pacific,Healthcare,Organic,1,19,26,64,1,0,,49
6,2025-06-15,Starter,Asia Pacific,Finance,Organic,0,62,21,73,3,0,,49
7,2025-03-21,Starter,North America,SaaS,Organic,0,31,22,71,0,0,,49
8,2025-02-11,Growth,North America,Retail,Paid Search,1,62,20,79,1,0,,129
9,2026-09-22,Starter,Asia Pacific,Finance,Referral,1,51,17,47,2,0,,49
10,2026-05-11,Starter,Latin America,SaaS,Outbound Sales,1,51,11,68,2,0,,49
11,2025-01-27,Growth,Asia Pacific,Manufacturing,Outbound Sales,0,55,27,61,2,0,,129
12,2026-06-26,Enterprise,Asia Pacific,Manufacturing,Organic,1,64,7,39,0,0,,399
13,2026-01-05,Starter,North America,Healthcare,Paid Search,1,41,21,59,2,0,,49
14,2024-12-01,Starter,North America,Healthcare,Organic,0,11,14,58,1,0,,49
15,2024-11-29,Growth,Europe,Manufacturing,Outbound Sales,1,18,12,70,3,0,,129
16,2025-02-02,Growth,Latin America,Education,Referral,1,55,5,61,1,0,,129
17,2025-06-10,Starter,Europe,SaaS,Referral,1,37,22,27,2,0,,49
18,2025-06-25,Enterprise,North America,Healthcare,Organic,1,48,24,69,3,0,,399
19,2026-03-31,Growth,Latin America,Finance,Referral,1,25,9,59,1,0,,129
20,2026-07-08,Starter,Latin America,Healthcare,Organic,1,37,23,100,1,0,,49
21,2024-11-26,Enterprise,Asia Pacific,Manufacturing,Referral,1,71,7,100,2,0,,399
22,2026-05-27,Starter,Latin America,Finance,Partner,1,44,20,70,2,0,,49
23,2025-05-21,Enterprise,Latin America,Education,Partner,1,42,4,37,1,0,,399
24,2026-08-26,Starter,Europe,SaaS,Organic,1,72,21,95,0,0,,49
25,2026-05-11,Starter,Latin America,Education,Outbound Sales,1,73,18,44,4,0,,49
26,2026-01-02,Starter,North America,Retail,Partner,0,40,14,71,0,0,,49
27,2025-06-12,Growth,North America,SaaS,Partner,1,44,22,93,1,0,,129
28,2026-02-01,Starter,Europe,Finance,Paid Search,1,30,12,77,1,1,2026-07-31,49
29,2025-08-10,Enterprise,Asia Pacific,SaaS,Outbound Sales,1,38,15,95,0,0,,399
30,2024-11-05,Starter,Latin America,Education,Partner,1,53,5,50,1,1,2025-12-28,49
31,2025-04-11,Starter,North America,SaaS,Outbound Sales,1,34,26,60,2,0,,49
32,2026-01-05,Growth,Latin America,Retail,Organic,0,60,27,70,2,0,,129
33,2025-10-13,Growth,Latin America,Healthcare,Organic,0,35,19,47,1,0,,129
34,2025-08-10,Growth,North America,Finance,Organic,0,37,11,48,3,0,,129
35,2025-04-07,Growth,Latin America,Manufacturing,Partner,1,67,24,72,0,0,,129
36,2025-06-07,Starter,North America,Healthcare,Referral,1,0,15,47,4,0,,49
37,2025-10-09,Starter,Asia Pacific,Education,Outbound Sales,0,38,19,66,3,0,,49
38,2025-02-11,Enterprise,North America,Retail,Paid Search,1,78,14,64,2,0,,399
39,2025-02-01,Enterprise,Latin America,Education,Organic,0,50,16,56,1,0,,399
40,2025-11-23,Growth,Europe,Retail,Referral,1,82,15,59,1,0,,129
41,2025-02-06,Starter,North America,SaaS,Referral,1,42,21,53,0,0,,49
42,2025-11-01,Starter,Latin America,Education,Partner,1,54,16,65,1,0,,49
43,2025-10-17,Starter,Asia Pacific,SaaS,Partner,1,73,12,42,2,0,,49
44,2026-07-10,Starter,Latin America,Retail,Paid Search,1,40,11,33,0,0,,49
45,2025-07-27,Starter,North America,SaaS,Partner,0,27,21,83,5,0,,49
46,2024-12-13,Starter,North America,Retail,Organic,0,35,20,65,1,0,,49
47,2026-02-12,Starter,Europe,Finance,Organic,1,51,19,45,3,0,,49
48,2026-05-02,Starter,Latin America,Manufacturing,Organic,1,32,5,85,0,0,,49
49,2025-03-06,Growth,Europe,Healthcare,Referral,1,33,38,64,2,0,,129
50,2025-11-21,Growth,Asia Pacific,Healthcare,Referral,0,45,19,16,2,0,,129
51,2025-01-18,Enterprise,Latin America,Retail,Organic,1,39,4,33,2,0,,399
52,2026-05-18,Starter,Asia Pacific,Healthcare,Outbound Sales,1,58,23,54,2,0,,49
53,2025-08-26,Starter,North America,Retail,Outbound Sales,1,46,14,35,1,0,,49
54,2026-08-04,Starter,Europe,Manufacturing,Referral,0,21,17,55,2,0,,49
55,2026-07-25,Starter,Europe,Manufacturing,Paid Search,0,80,20,77,0,0,,49
56,2025-11-04,Starter,Europe,Retail,Referral,1,54,20,50,0,0,,49
57,2026-06-13,Growth,Europe,Retail,Outbound Sales,1,38,1,100,1,0,,129
58,2025-05-14,Growth,Latin America,SaaS,Outbound Sales,1,32,10,32,2,0,,129
59,2025-01-09,Growth,North America,Education,Partner,1,31,14,43,0,0,,129
60,2024-12-15,Starter,Asia Pacific,Education,Outbound Sales,0,34,19,78,1,0,,49
61,2026-09-07,Starter,Europe,Healthcare,Organic,1,10,38,72,1,0,,49
62,2025-06-20,Growth,Europe,Manufacturing,Partner,1,28,16,69,1,0,,129
63,2025-08-22,Growth,Europe,Finance,Paid Search,1,32,24,24,3,0,,129
64,2025-01-19,Growth,Latin America,Retail,Partner,1,24,18,56,2,0,,129
65,2025-06-25,Starter,Europe,Healthcare,Partner,1,58,7,94,1,0,,49
66,2025-02-10,Growth,Latin America,Healthcare,Partner,1,61,18,93,0,0,,129
67,2025-11-23,Starter,Europe,Education,Referral,1,7,11,59,2,0,,49
68,2025-08-10,Growth,North America,Manufacturing,Organic,1,66,24,42,0,0,,129
69,2026-02-06,Growth,Asia Pacific,Retail,Organic,1,0,23,100,1,0,,129
70,2026-08-11,Starter,North America,Retail,Referral,1,48,21,97,0,0,,49
71,2025-11-07,Starter,Europe,Manufacturing,Paid Search,0,50,8,95,2,0,,49
72,2025-04-14,Growth,Europe,SaaS,Outbound Sales,1,56,12,50,0,0,,129
73,2025-11-13,Starter,Europe,Healthcare,Partner,1,29,23,81,2,0,,49
74,2025-10-28,Starter,Asia Pacific,Retail,Referral,1,40,15,29,0,0,,49
75,2025-06-01,Starter,Europe,Education,Organic,1,81,27,39,0,0,,49
76,2026-09-16,Starter,Europe,Manufacturing,Outbound Sales,1,55,13,41,1,0,,49
77,2025-07-30,Growth,Europe,Manufacturing,Partner,1,66,14,64,1,0,,129
78,2026-09-29,Starter,Europe,Manufacturing,Referral,1,81,20,54,2,0,,49
79,2026-08-24,Starter,Asia Pacific,Finance,Paid Search,0,69,0,60,0,0,,49
80,2025-01-11,Starter,North America,Healthcare,Referral,1,16,15,55,0,0,,49
81,2026-07-15,Enterprise,Asia Pacific,Finance,Outbound Sales,1,31,10,26,1,0,,399
82,2026-08-11,Growth,Latin America,Healthcare,Paid Search,0,80,15,58,1,0,,129
83,2025-04-23,Starter,North America,Finance,Referral,0,34,21,100,4,0,,49
84,2026-04-29,Starter,Asia Pacific,Manufacturing,Outbound Sales,1,58,20,72,2,0,,49
85,2025-07-07,Starter,Europe,SaaS,Partner,1,35,22,65,0,0,,49
86,2025-04-15,Growth,Asia Pacific,Retail,Partner,0,64,29,50,1,0,,129
87,2026-02-15,Starter,North America,Finance,Referral,1,14,11,71,1,0,,49
88,2025-11-22,Growth,Europe,Manufacturing,Partner,1,9,20,25,0,0,,129
89,2025-08-02,Growth,Asia Pacific,Education,Referral,1,37,19,59,0,0,,129
90,2026-08-16,Starter,Asia Pacific,Healthcare,Referral,1,80,25,48,3,0,,49
91,2026-05-23,Enterprise,Asia Pacific,Education,Organic,1,61,21,29,0,0,,399
92,2025-06-11,Enterprise,Asia Pacific,Retail,Organic,1,43,24,62,0,0,,399
93,2025-09-27,Starter,Latin America,Retail,Referral,0,67,17,31,1,0,,49
94,2024-12-26,Starter,North America,Healthcare,Paid Search,1,55,16,51,2,0,,49
95,2025-06-21,Enterprise,Europe,Finance,Paid Search,1,46,26,49,3,0,,399
96,2024-12-01,Growth,Latin America,Finance,Organic,0,73,4,24,1,0,,129
97,2025-09-18,Starter,Europe,Retail,Outbound Sales,1,13,23,55,1,0,,49
98,2025-12-14,Enterprise,North America,Education,Partner,1,27,25,55,2,0,,399
99,2025-07-31,Enterprise,Asia Pacific,Finance,Partner,1,50,37,49,0,0,,399
100,2025-01-05,Growth,Europe,Education,Partner,1,33,18,30,2,0,,129
101,2025-06-03,Starter,North America,Healthcare,Referral,1,49,5,52,2,0,,49
102,2026-06-02,Enterprise,North America,Retail,Outbound Sales,1,56,22,55,1,0,,399
103,2025-09-17,Starter,Asia Pacific,Education,Paid Search,1,63,18,68,2,0,,49
104,2025-06-04,Enterprise,Latin America,SaaS,Referral,0,57,24,70,2,0,,399
105,2026-09-01,Starter,Asia Pacific,Education,Paid Search,1,34,23,91,1,0,,49
106,2026-03-25,Starter,North America,Manufacturing,Referral,0,51,7,74,2,0,,49
107,2025-12-09,Growth,Europe,SaaS,Paid Search,1,57,19,63,0,0,,129
108,2026-08-19,Starter,North America,Finance,Organic,1,53,27,29,0,0,,49
109,2026-02-11,Enterprise,North America,Finance,Outbound Sales,1,10,29,51,0,0,,399
110,2025-03-25,Starter,Asia Pacific,Retail,Paid Search,1,67,8,56,2,0,,49
111,2025-07-28,Growth,Europe,Healthcare,Referral,0,53,19,37,3,0,,129
112,2025-03-21,Growth,Asia Pacific,SaaS,Organic,1,21,8,100,1,0,,129
113,2025-07-09,Starter,Latin America,Healthcare,Paid Search,0,26,20,63,0,0,,49
114,2026-05-27,Starter,Europe,SaaS,Outbound Sales,1,59,6,66,0,0,,49
115,2026-05-04,Starter,Europe,Healthcare,Partner,1,84,14,84,2,0,,49
116,2025-07-26,Enterprise,Asia Pacific,Manufacturing,Referral,1,59,17,36,2,1,2026-09-11,399
117,2026-06-20,Starter,Europe,SaaS,Organic,0,17,9,78,1,1,2026-09-12,49
118,2026-06-19,Growth,Latin America,Healthcare,Partner,1,56,18,47,4,0,,129
119,2025-12-12,Starter,Latin America,Finance,Paid Search,0,33,17,93,0,0,,49
120,2025-11-04,Growth,North America,Education,Referral,1,35,22,48,2,0,,129
121,2025-06-11,Starter,Latin America,SaaS,Referral,1,57,9,81,0,0,,49
122,2025-03-20,Growth,Latin America,Education,Outbound Sales,1,42,18,91,1,0,,129
123,2026-04-04,Starter,Europe,Finance,Paid Search,1,56,27,34,1,0,,49
124,2026-03-19,Growth,North America,Healthcare,Paid Search,1,14,20,54,1,0,,129
125,2025-01-31,Starter,Latin America,SaaS,Outbound Sales,1,37,9,34,1,0,,49
126,2024-12-17,Starter,North America,Healthcare,Paid Search,1,68,18,34,1,0,,49
127,2025-02-19,Starter,Asia Pacific,Finance,Organic,1,19,5,89,1,0,,49
128,2025-04-04,Starter,Asia Pacific,Manufacturing,Outbound Sales,1,48,15,50,0,0,,49
129,2026-08-03,Starter,North America,Education,Referral,1,33,18,78,0,0,,49
130,2025-04-11,Growth,Europe,Finance,Outbound Sales,1,51,18,62,0,0,,129
131,2026-09-26,Growth,North America,Manufacturing,Partner,0,61,8,73,2,0,,129
132,2026-01-05,Growth,Asia Pacific,SaaS,Outbound Sales,1,34,23,37,1,0,,129
133,2026-07-02,Growth,Europe,Manufacturing,Organic,0,39,13,84,0,0,,129
134,2025-01-03,Starter,Europe,Retail,Partner,0,58,28,54,0,0,,49
135,2025-11-28,Starter,Asia Pacific,SaaS,Outbound Sales,1,4,26,53,2,0,,49
136,2025-11-24,Starter,Europe,Retail,Paid Search,1,44,25,53,1,1,2026-08-20,49
137,2026-04-24,Starter,Latin America,Education,Paid Search,1,42,4,77,1,0,,49
138,2025-07-14,Growth,Asia Pacific,Education,Outbound Sales,0,64,8,90,0,0,,129
139,2026-05-19,Starter,Europe,Education,Outbound Sales,1,25,9,90,2,0,,49
140,2024-11-10,Starter,North America,Manufacturing,Referral,1,60,20,67,0,0,,49
141,2026-09-26,Growth,North America,Retail,Outbound Sales,1,54,0,100,0,0,,129
142,2025-02-24,Growth,Latin America,Retail,Organic,0,53,15,75,0,0,,129
143,2026-09-28,Starter,Asia Pacific,Finance,Outbound Sales,1,56,23,37,0,0,,49
144,2026-05-02,Enterprise,North America,Education,Organic,1,39,9,45,0,0,,399
145,2025-07-30,Starter,North America,Education,Organic,1,28,31,66,2,0,,49
146,2026-08-17,Starter,Europe,Finance,Partner,0,34,13,39,0,0,,49
147,2025-10-13,Starter,North America,Finance,Paid Search,1,48,13,93,0,0,,49
148,2025-02-21,Starter,Europe,Manufacturing,Paid Search,0,62,23,98,2,0,,49
149,2025-08-26,Enterprise,North America,Education,Organic,1,13,3,13,1,0,,399
150,2026-01-18,Enterprise,Europe,Education,Outbound Sales,0,35,27,62,2,0,,399
151,2025-04-09,Starter,Latin America,Finance,Outbound Sales,1,29,7,61,0,0,,49
152,2026-02-06,Starter,Asia Pacific,Retail,Outbound Sales,0,59,21,49,2,0,,49
153,2024-11-02,Starter,Europe,Retail,Partner,1,56,22,36,1,0,,49
154,2025-07-26,Starter,Latin America,Retail,Paid Search,0,37,17,76,2,0,,49
155,2026-03-26,Starter,North America,Education,Partner,1,64,0,64,0,0,,49
156,2025-04-30,Enterprise,North America,Finance,Partner,1,25,4,85,1,0,,399
157,2026-04-02,Starter,Europe,Healthcare,Paid Search,1,33,14,47,0,0,,49
158,2025-02-15,Starter,Latin America,Finance,Organic,1,38,13,49,4,0,,49
159,2026-08-01,Starter,Asia Pacific,Finance,Partner,1,40,9,29,3,0,,49
160,2025-08-31,Growth,North America,Retail,Partner,0,65,10,59,1,0,,129
161,2026-08-15,Starter,Europe,Manufacturing,Outbound Sales,0,59,8,65,3,0,,49
162,2026-04-02,Growth,Latin America,Education,Organic,0,30,35,47,3,0,,129
163,2026-07-15,Growth,Asia Pacific,Education,Outbound Sales,1,40,18,52,0,0,,129
164,2025-05-21,Starter,North America,Finance,Partner,1,48,19,59,3,0,,49
165,2025-04-04,Growth,Europe,Retail,Outbound Sales,0,31,23,42,2,0,,129
166,2025-11-16,Enterprise,Asia Pacific,Manufacturing,Paid Search,1,27,17,38,0,0,,399
167,2025-04-13,Enterprise,Latin America,Finance,Paid Search,1,56,16,39,0,0,,399
168,2026-05-05,Growth,Europe,Finance,Outbound Sales,1,5,19,56,1,0,,129
169,2026-04-26,Enterprise,North America,Finance,Organic,1,20,22,57,3,0,,399
170,2024-10-30,Starter,Latin America,Education,Partner,1,37,21,46,1,0,,49
171,2026-07-05,Growth,North America,Manufacturing,Referral,0,58,29,80,0,0,,129
172,2025-09-26,Starter,Europe,SaaS,Outbound Sales,1,49,28,51,0,0,,49
173,2026-03-14,Growth,Asia Pacific,Healthcare,Referral,1,58,0,76,4,0,,129
174,2024-11-18,Growth,Asia Pacific,Manufacturing,Referral,0,60,11,18,3,0,,129
175,2025-02-21,Growth,North America,Retail,Outbound Sales,1,16,4,74,3,0,,129
176,2025-11-05,Starter,Europe,Retail,Referral,1,25,17,86,0,0,,49
177,2025-09-09,Starter,Europe,Retail,Partner,0,0,24,45,0,0,,49
178,2025-07-02,Starter,Asia Pacific,Finance,Referral,0,7,10,81,0,0,,49
179,2024-12-28,Starter,Asia Pacific,Healthcare,Outbound Sales,1,82,30,31,0,1,2025-05-30,49
180,2026-06-02,Starter,Europe,Manufacturing,Partner,1,21,13,33,1,0,,49
181,2025-01-18,Enterprise,Latin America,Manufacturing,Paid Search,1,44,32,67,2,0,,399
182,2025-01-25,Growth,Latin America,SaaS,Outbound Sales,1,23,25,46,2,0,,129
183,2026-03-11,Starter,North America,Education,Outbound Sales,1,47,8,64,1,0,,49
184,2025-01-08,Enterprise,Europe,Retail,Outbound Sales,0,46,17,100,1,0,,399
185,2026-04-28,Starter,North America,Healthcare,Referral,0,12,27,51,0,0,,49
186,2025-03-07,Enterprise,Asia Pacific,SaaS,Organic,0,34,14,32,2,0,,399
187,2025-03-10,Starter,Europe,SaaS,Paid Search,1,36,34,45,1,0,,49
188,2026-09-05,Growth,Europe,Healthcare,Referral,0,46,12,44,0,0,,129
189,2026-02-28,Growth,Europe,Education,Outbound Sales,0,39,5,58,2,0,,129
190,2026-05-15,Growth,Latin America,Healthcare,Outbound Sales,1,30,11,55,1,0,,129
191,2025-04-17,Starter,Latin America,Finance,Organic,1,68,22,69,2,0,,49
192,2025-07-28,Starter,Asia Pacific,Education,Referral,0,28,18,34,1,0,,49
193,2026-04-23,Growth,Latin America,Healthcare,Partner,1,30,19,38,4,0,,129
194,2026-07-13,Starter,Asia Pacific,Healthcare,Partner,1,53,32,64,1,0,,49
195,2026-01-06,Starter,North America,SaaS,Outbound Sales,0,50,14,74,3,0,,49
196,2025-06-03,Growth,Latin America,Education,Outbound Sales,0,33,16,52,0,0,,129
197,2026-05-05,Starter,Europe,Healthcare,Organic,1,76,22,53,2,1,2026-09-08,49
198,2025-05-23,Growth,Europe,SaaS,Outbound Sales,1,31,13,75,2,0,,129
199,2025-09-14,Starter,Asia Pacific,SaaS,Partner,1,51,19,65,0,0,,49
200,2025-12-12,Starter,Asia Pacific,Healthcare,Paid Search,1,59,26,57,1,0,,49
201,2026-09-17,Starter,Latin America,SaaS,Organic,1,52,12,100,5,0,,49
202,2026-08-26,Growth,Latin America,Manufacturing,Partner,1,63,16,53,0,0,,129
203,2025-11-16,Starter,Asia Pacific,Education,Referral,1,58,30,36,0,0,,49
204,2026-01-21,Growth,Latin America,Education,Organic,1,19,4,50,2,0,,129
205,2026-04-12,Starter,Latin America,SaaS,Partner,1,50,23,23,3,0,,49
206,2026-02-04,Growth,North America,Healthcare,Paid Search,1,31,29,54,2,0,,129
207,2025-03-02,Growth,Asia Pacific,Manufacturing,Outbound Sales,0,74,22,45,2,0,,129
208,2025-07-10,Starter,Latin America,Healthcare,Outbound Sales,1,18,6,8,1,0,,49
209,2025-06-17,Starter,North America,Education,Partner,1,66,13,67,1,0,,49
210,2025-01-03,Starter,North America,SaaS,Partner,1,41,26,60,3,0,,49
211,2025-10-11,Starter,Latin America,Healthcare,Outbound Sales,0,21,24,73,1,1,2025-11-20,49
212,2026-06-24,Growth,Asia Pacific,SaaS,Outbound Sales,1,53,15,42,1,0,,129
213,2026-05-20,Starter,Latin America,SaaS,Organic,1,67,11,76,1,0,,49
214,2025-06-22,Growth,Asia Pacific,Manufacturing,Organic,1,51,21,72,0,0,,129
215,2026-06-24,Starter,Latin America,Manufacturing,Paid Search,1,11,12,20,1,0,,49
216,2025-06-12,Growth,Latin America,Education,Referral,1,59,8,78,1,0,,129
217,2024-11-06,Growth,Asia Pacific,Healthcare,Outbound Sales,1,37,19,54,1,0,,129
218,2025-01-10,Growth,Europe,Finance,Partner,1,43,16,68,1,1,2026-02-06,129
219,2026-08-07,Starter,Asia Pacific,Manufacturing,Referral,1,64,30,59,1,0,,49
220,2024-12-29,Starter,North America,Manufacturing,Referral,1,50,3,30,1,0,,49
221,2025-06-21,Starter,Europe,Education,Partner,0,58,15,57,3,0,,49
222,2025-01-07,Starter,Latin America,Education,Partner,1,53,7,62,0,0,,49
223,2024-12-01,Starter,Europe,Education,Referral,1,85,18,63,0,0,,49
224,2025-10-03,Growth,North America,Healthcare,Partner,1,70,0,54,4,0,,129
225,2025-01-10,Starter,Latin America,Education,Organic,1,78,30,46,1,0,,49
226,2026-04-09,Starter,Europe,Finance,Organic,0,46,10,60,2,0,,49
227,2025-06-30,Growth,Europe,Healthcare,Referral,0,72,11,90,2,0,,129
228,2025-08-11,Starter,Asia Pacific,SaaS,Outbound Sales,1,78,6,79,0,0,,49
229,2026-09-15,Starter,North America,Education,Partner,0,44,14,40,3,0,,49
230,2026-03-11,Starter,Latin America,Manufacturing,Organic,0,17,27,31,0,1,2026-06-03,49
231,2026-05-05,Enterprise,Latin America,SaaS,Organic,0,29,19,27,1,0,,399
232,2025-03-14,Starter,Asia Pacific,Manufacturing,Outbound Sales,1,12,12,66,1,0,,49
233,2026-06-06,Starter,Europe,Education,Outbound Sales,0,13,11,83,0,0,,49
234,2026-06-12,Starter,North America,Education,Referral,1,50,11,66,2,0,,49
235,2026-02-26,Growth,Latin America,Finance,Paid Search,1,61,22,67,2,0,,129
236,2025-07-05,Starter,Europe,Retail,Paid Search,0,34,10,78,1,0,,49
237,2026-02-26,Growth,Europe,Manufacturing,Organic,1,61,11,33,1,0,,129
238,2025-12-20,Starter,Latin America,Retail,Referral,1,28,16,75,1,0,,49
239,2025-05-12,Starter,North America,Finance,Referral,0,28,21,56,0,0,,49
240,2025-02-03,Starter,Latin America,SaaS,Organic,1,48,22,84,0,0,,49
241,2025-02-06,Enterprise,Latin America,SaaS,Referral,1,33,8,50,1,0,,399
242,2026-09-04,Enterprise,Latin America,SaaS,Organic,0,74,24,86,2,0,,399
243,2026-01-14,Enterprise,Latin America,Retail,Referral,1,21,31,53,1,0,,399
244,2025-10-27,Starter,Europe,Manufacturing,Paid Search,1,57,20,47,0,0,,49
245,2026-01-06,Growth,North America,Finance,Paid Search,1,27,27,72,1,1,2026-05-21,129
246,2026-02-20,Starter,North America,Finance,Outbound Sales,1,52,14,53,2,0,,49
247,2024-12-24,Starter,North America,Manufacturing,Partner,1,28,23,71,2,0,,49
248,2026-09-19,Growth,Latin America,Healthcare,Organic,1,84,10,46,0,0,,129
249,2026-08-30,Growth,North America,Retail,Paid Search,1,41,31,70,0,0,,129
250,2026-08-22,Starter,Asia Pacific,Retail,Outbound Sales,1,46,8,41,3,0,,49
251,2025-02-07,Growth,Asia Pacific,Finance,Outbound Sales,1,48,14,57,3,0,,129
252,2024-12-31,Growth,Latin America,Education,Paid Search,1,34,16,52,2,0,,129
253,2025-12-16,Starter,Europe,Manufacturing,Partner,1,51,23,60,0,0,,49
254,2025-10-12,Growth,North America,Finance,Referral,1,48,22,57,1,0,,129
255,2025-02-18,Enterprise,Asia Pacific,Manufacturing,Paid Search,0,55,13,96,6,0,,399
256,2025-07-11,Growth,Asia Pacific,SaaS,Referral,0,41,22,68,3,0,,129
257,2025-05-14,Growth,North America,Retail,Outbound Sales,1,72,18,48,0,0,,129
258,2025-05-12,Starter,Latin America,SaaS,Referral,0,15,45,30,2,1,2026-03-12,49
259,2026-02-01,Starter,Asia Pacific,Healthcare,Paid Search,1,31,24,35,1,0,,49
260,2025-03-22,Enterprise,Latin America,Retail,Referral,1,59,19,56,0,0,,399
261,2026-01-05,Growth,Asia Pacific,Healthcare,Partner,1,28,25,56,2,0,,129
262,2025-05-05,Starter,Asia Pacific,Retail,Outbound Sales,1,63,11,39,1,0,,49
263,2025-08-11,Starter,Europe,Healthcare,Partner,1,31,27,56,2,0,,49
264,2026-02-15,Growth,North America,SaaS,Outbound Sales,1,58,12,39,1,1,2026-05-19,129
265,2025-01-15,Growth,Latin America,Finance,Referral,1,58,21,83,1,0,,129
266,2026-01-26,Starter,Europe,Healthcare,Outbound Sales,0,25,13,88,2,0,,49
267,2026-05-16,Growth,Asia Pacific,Retail,Organic,1,38,36,63,2,0,,129
268,2025-02-07,Growth,Asia Pacific,Finance,Organic,0,23,22,77,3,0,,129
269,2024-12-20,Enterprise,North America,Retail,Referral,1,37,14,66,1,0,,399
270,2026-08-28,Starter,Latin America,SaaS,Organic,1,36,21,49,1,1,2026-09-27,49
271,2025-02-02,Growth,Latin America,Manufacturing,Paid Search,1,46,41,24,2,0,,129
272,2025-06-29,Starter,Latin America,Manufacturing,Referral,0,31,21,53,3,0,,49
273,2025-04-18,Growth,Latin America,Manufacturing,Referral,0,45,18,52,0,1,2025-12-12,129
274,2026-03-11,Starter,North America,Healthcare,Outbound Sales,1,36,27,42,1,0,,49
275,2026-03-06,Starter,Latin America,SaaS,Referral,1,48,17,73,2,0,,49
276,2025-06-05,Enterprise,Latin America,Retail,Paid Search,0,58,17,54,1,0,,399
277,2025-12-14,Enterprise,North America,Education,Paid Search,1,8,10,58,1,0,,399
278,2024-12-29,Starter,Europe,Manufacturing,Paid Search,1,16,17,63,0,0,,49
279,2025-04-16,Growth,Asia Pacific,Retail,Partner,1,68,26,73,1,0,,129
280,2025-11-22,Enterprise,Europe,SaaS,Paid Search,1,14,6,88,0,0,,399
281,2024-11-01,Starter,Asia Pacific,SaaS,Organic,1,42,21,42,1,0,,49
282,2025-12-03,Enterprise,Latin America,Finance,Partner,1,42,20,29,2,0,,399
283,2025-07-28,Growth,Asia Pacific,Finance,Organic,1,26,11,94,0,0,,129
284,2026-02-07,Growth,Europe,Manufacturing,Paid Search,0,38,16,11,0,0,,129
285,2025-08-18,Starter,Europe,SaaS,Referral,1,41,13,44,2,0,,49
286,2026-01-06,Growth,Latin America,Healthcare,Partner,1,17,20,77,2,0,,129
287,2026-05-22,Growth,Europe,Retail,Referral,1,52,7,79,1,1,2026-09-13,129
288,2026-03-12,Starter,Europe,Manufacturing,Partner,1,24,24,66,2,0,,49
289,2025-04-06,Starter,Latin America,Healthcare,Paid Search,1,17,7,37,2,0,,49
290,2025-05-12,Enterprise,North America,SaaS,Partner,0,17,20,16,2,0,,399
291,2025-08-29,Starter,Asia Pacific,Manufacturing,Organic,1,25,22,62,1,0,,49
292,2025-06-09,Starter,North America,Manufacturing,Referral,1,79,26,96,0,0,,49
293,2024-12-28,Starter,Asia Pacific,Manufacturing,Referral,1,53,30,43,3,0,,49
294,2026-06-15,Starter,Europe,Healthcare,Partner,0,79,22,100,0,0,,49
295,2026-05-08,Starter,North America,Retail,Organic,1,62,16,6,0,1,2026-06-14,49
296,2025-09-16,Growth,North America,Healthcare,Partner,1,50,15,67,4,0,,129
297,2024-12-27,Enterprise,North America,Healthcare,Outbound Sales,1,40,29,43,0,0,,399
298,2024-12-20,Growth,Asia Pacific,Retail,Outbound Sales,1,43,23,69,2,0,,129
299,2026-06-20,Enterprise,Latin America,Education,Referral,1,29,17,50,3,0,,399
300,2026-03-02,Enterprise,Europe,Healthcare,Paid Search,1,42,16,59,3,0,,399
301,2026-03-28,Growth,North America,Education,Paid Search,0,28,30,38,1,0,,129
302,2026-04-26,Growth,North America,Retail,Outbound Sales,0,37,30,65,1,0,,129
303,2025-04-09,Starter,Latin America,Healthcare,Organic,1,37,6,64,2,0,,49
304,2024-12-27,Growth,Europe,Manufacturing,Organic,1,35,9,77,2,0,,129
305,2026-04-03,Starter,Europe,Manufacturing,Partner,1,57,22,47,3,0,,49
306,2025-01-20,Starter,Europe,Manufacturing,Partner,0,54,20,28,0,0,,49
307,2025-05-08,Starter,Latin America,Manufacturing,Referral,1,36,31,74,1,0,,49
308,2025-01-08,Enterprise,Asia Pacific,Finance,Outbound Sales,1,56,24,72,2,1,2025-12-08,399
309,2025-01-07,Starter,North America,Healthcare,Outbound Sales,0,39,26,55,0,1,2026-01-17,49
310,2025-06-27,Starter,Latin America,Retail,Organic,0,34,26,100,3,0,,49
311,2025-12-17,Growth,Asia Pacific,Retail,Paid Search,1,78,32,90,2,0,,129
312,2025-03-01,Starter,Europe,Finance,Organic,1,72,18,74,2,0,,49
313,2026-06-05,Starter,Asia Pacific,Education,Outbound Sales,1,67,26,68,1,0,,49
314,2025-07-09,Starter,Latin America,Manufacturing,Paid Search,1,24,15,66,0,0,,49
315,2026-06-14,Growth,Asia Pacific,Finance,Outbound Sales,0,25,42,26,1,0,,129
316,2026-06-30,Growth,Latin America,Finance,Referral,1,55,17,50,0,0,,129
317,2024-12-09,Enterprise,Latin America,Manufacturing,Referral,1,57,11,65,0,0,,399
318,2026-07-26,Growth,Europe,Manufacturing,Outbound Sales,1,46,1,34,2,0,,129
319,2025-01-21,Growth,Asia Pacific,Finance,Paid Search,1,10,16,54,0,0,,129
320,2026-01-02,Growth,Latin America,Finance,Referral,1,40,9,44,0,0,,129
321,2026-09-03,Starter,North America,Education,Outbound Sales,1,37,20,21,1,0,,49
322,2026-06-19,Growth,North America,Manufacturing,Paid Search,1,41,20,39,0,0,,129
323,2026-05-31,Starter,Asia Pacific,Retail,Organic,1,27,6,72,0,0,,49
324,2026-04-18,Growth,Europe,Education,Organic,0,4,0,99,2,0,,129
325,2025-09-18,Starter,Latin America,Retail,Outbound Sales,1,63,18,81,3,0,,49
326,2025-07-24,Enterprise,Latin America,SaaS,Partner,1,45,19,38,0,0,,399
327,2025-05-27,Starter,North America,Manufacturing,Paid Search,0,72,32,46,1,0,,49
328,2026-09-15,Enterprise,Latin America,SaaS,Referral,0,61,13,69,1,0,,399
329,2025-09-16,Enterprise,Asia Pacific,Manufacturing,Outbound Sales,1,50,21,18,2,0,,399
330,2025-07-01,Starter,Europe,Healthcare,Partner,0,33,23,63,2,0,,49
331,2025-07-28,Growth,Asia Pacific,Retail,Paid Search,1,52,19,100,1,0,,129
332,2025-12-09,Starter,North America,Healthcare,Outbound Sales,1,39,30,56,0,0,,49
333,2025-03-13,Starter,North America,Finance,Organic,0,13,15,48,0,0,,49
334,2026-09-17,Starter,Europe,Finance,Organic,1,51,33,77,0,0,,49
335,2026-08-21,Enterprise,Latin America,Manufacturing,Paid Search,1,36,30,47,0,0,,399
336,2025-09-02,Starter,Europe,Healthcare,Outbound Sales,1,12,9,70,0,0,,49
337,2026-02-10,Growth,Latin America,Finance,Paid Search,0,33,1,87,2,0,,129
338,2025-09-18,Starter,Latin America,Healthcare,Outbound Sales,1,38,25,50,1,0,,49
339,2025-01-12,Enterprise,Latin America,Healthcare,Organic,1,24,25,65,1,0,,399
340,2024-11-08,Starter,Latin America,Education,Referral,0,59,23,37,1,0,,49
341,2026-02-11,Enterprise,Asia Pacific,Finance,Organic,1,47,18,39,3,0,,399
342,2026-07-28,Enterprise,Europe,Finance,Organic,1,44,18,39,2,0,,399
343,2026-05-29,Enterprise,Latin America,Healthcare,Referral,1,58,18,76,0,0,,399
344,2025-02-09,Starter,North America,Healthcare,Partner,1,30,20,55,3,0,,49
345,2025-01-13,Enterprise,North America,Healthcare,Partner,1,72,15,46,0,0,,399
346,2026-05-03,Starter,North America,Finance,Organic,1,60,22,33,0,0,,49
347,2025-06-05,Starter,North America,SaaS,Referral,1,68,13,58,1,0,,49
348,2026-04-01,Growth,Europe,Manufacturing,Partner,1,27,24,73,0,0,,129
349,2025-07-28,Starter,North America,Manufacturing,Paid Search,1,34,18,69,1,0,,49
350,2025-03-14,Growth,Europe,Manufacturing,Partner,1,25,18,27,1,0,,129
351,2025-10-22,Growth,Latin America,Finance,Referral,1,53,21,50,1,0,,129
352,2025-01-08,Starter,Europe,Manufacturing,Partner,1,39,8,52,0,0,,49
353,2025-07-07,Starter,North America,Retail,Outbound Sales,1,34,20,77,2,0,,49
354,2025-11-12,Starter,Asia Pacific,Retail,Partner,1,35,29,48,2,0,,49
355,2025-08-17,Growth,North America,Education,Paid Search,1,50,15,66,1,0,,129
356,2025-04-09,Enterprise,Europe,Healthcare,Referral,0,12,26,81,1,0,,399
357,2026-01-21,Enterprise,Latin America,Manufacturing,Referral,0,71,14,92,0,0,,399
358,2026-05-09,Starter,North America,SaaS,Paid Search,1,66,12,39,1,0,,49
359,2025-09-04,Starter,Latin America,SaaS,Paid Search,0,41,11,37,0,0,,49
360,2026-07-18,Starter,North America,Manufacturing,Partner,1,51,10,40,0,1,2026-09-27,49
361,2026-04-24,Enterprise,Asia Pacific,Healthcare,Organic,1,53,23,76,2,0,,399
362,2024-11-07,Growth,Europe,Retail,Paid Search,1,24,9,78,2,0,,129
363,2026-09-13,Starter,Europe,Healthcare,Organic,1,22,11,62,0,0,,49
364,2026-05-20,Starter,Europe,Retail,Partner,0,34,24,78,2,0,,49
365,2025-09-01,Starter,North America,Healthcare,Outbound Sales,1,28,28,67,1,0,,49
366,2026-09-09,Starter,Europe,Education,Referral,1,37,22,53,1,0,,49
367,2025-02-13,Starter,Europe,Finance,Organic,1,25,18,69,0,0,,49
368,2025-03-16,Starter,Latin America,Retail,Partner,0,86,25,96,1,0,,49
369,2025-07-27,Growth,Latin America,Retail,Paid Search,1,45,34,26,1,0,,129
370,2025-02-25,Starter,Asia Pacific,Retail,Paid Search,1,34,11,0,0,0,,49
371,2025-02-16,Growth,Asia Pacific,Retail,Paid Search,0,35,25,74,2,0,,129
372,2026-05-19,Starter,North America,Education,Paid Search,1,80,22,33,1,0,,49
373,2025-04-07,Starter,Europe,SaaS,Outbound Sales,1,52,8,61,1,0,,49
374,2025-08-04,Growth,Asia Pacific,Finance,Paid Search,1,38,7,63,0,0,,129
375,2025-08-14,Enterprise,North America,Finance,Partner,1,45,40,63,0,0,,399
376,2026-07-11,Enterprise,Latin America,Manufacturing,Outbound Sales,0,29,25,74,2,0,,399
377,2025-06-02,Growth,Europe,Healthcare,Partner,1,58,8,41,2,0,,129
378,2025-10-16,Growth,Asia Pacific,Manufacturing,Outbound Sales,0,68,17,0,1,0,,129
379,2025-05-26,Starter,Europe,Healthcare,Organic,1,56,2,62,0,0,,49
380,2026-08-10,Starter,Europe,Education,Partner,1,63,15,55,1,0,,49
381,2025-07-27,Enterprise,Latin America,Healthcare,Partner,1,5,14,82,1,0,,399
382,2026-03-31,Growth,North America,Healthcare,Outbound Sales,1,44,31,74,3,0,,129
383,2026-03-14,Growth,North America,Education,Outbound Sales,0,43,2,65,1,0,,129
384,2025-07-14,Starter,Asia Pacific,Healthcare,Partner,1,14,19,41,1,0,,49
385,2024-12-21,Growth,Europe,Retail,Referral,1,76,5,60,1,0,,129
386,2025-02-01,Enterprise,Asia Pacific,Healthcare,Partner,0,53,26,74,2,0,,399
387,2026-08-10,Enterprise,North America,SaaS,Partner,1,69,8,14,1,0,,399
388,2026-01-06,Starter,Asia Pacific,Retail,Outbound Sales,1,21,26,49,1,0,,49
389,2025-08-09,Starter,Latin America,SaaS,Referral,1,21,4,55,0,0,,49
390,2024-12-14,Growth,Latin America,Manufacturing,Outbound Sales,1,64,0,36,1,0,,129
391,2024-11-02,Starter,North America,Education,Paid Search,1,28,15,43,1,0,,49
392,2025-10-06,Growth,Europe,Retail,Organic,1,58,15,49,0,0,,129
393,2025-03-12,Growth,Latin America,Manufacturing,Organic,1,29,14,99,0,0,,129
394,2026-08-13,Enterprise,Europe,SaaS,Outbound Sales,1,17,26,46,2,0,,399
395,2025-07-25,Growth,Asia Pacific,Retail,Paid Search,0,56,11,68,0,0,,129
396,2025-04-13,Enterprise,North America,Retail,Organic,1,0,22,85,1,1,2026-05-27,399
397,2026-01-25,Starter,Asia Pacific,Manufacturing,Partner,1,19,30,76,0,0,,49
398,2026-05-17,Starter,North America,Finance,Referral,1,49,7,54,0,0,,49
399,2026-01-10,Starter,Europe,Finance,Paid Search,0,14,31,82,3,0,,49
400,2026-05-27,Starter,Asia Pacific,Education,Paid Search,1,83,19,84,1,1,2026-06-27,49
401,2025-02-21,Starter,Europe,Finance,Partner,1,42,13,81,1,0,,49
402,2025-01-15,Growth,North America,Healthcare,Partner,1,37,19,60,0,0,,129
403,2025-03-31,Starter,Asia Pacific,Manufacturing,Paid Search,1,87,22,50,0,0,,49
404,2026-05-11,Starter,Europe,Manufacturing,Organic,1,40,19,52,1,0,,49
405,2024-12-05,Starter,Latin America,Retail,Referral,1,68,29,52,1,0,,49
406,2025-11-12,Starter,Europe,Healthcare,Paid Search,1,43,10,82,1,0,,49
407,2026-06-18,Starter,Asia Pacific,Retail,Paid Search,1,38,11,79,2,0,,49
408,2026-05-18,Growth,Europe,Manufacturing,Partner,1,53,5,25,1,0,,129
409,2025-03-30,Starter,Asia Pacific,Finance,Outbound Sales,1,52,0,66,0,0,,49
410,2026-01-13,Growth,Europe,Finance,Outbound Sales,1,60,9,54,0,0,,129
411,2025-03-09,Enterprise,Latin America,Education,Organic,1,17,9,35,3,0,,399
412,2024-12-11,Starter,Asia Pacific,Education,Outbound Sales,1,30,27,47,1,0,,49
413,2025-09-10,Growth,Asia Pacific,Education,Paid Search,1,41,9,63,1,0,,129
414,2025-11-07,Starter,North America,Manufacturing,Referral,1,37,23,62,0,0,,49
415,2024-12-09,Starter,Europe,SaaS,Outbound Sales,1,64,18,78,0,0,,49
416,2025-10-31,Growth,Asia Pacific,SaaS,Referral,1,48,10,50,0,0,,129
417,2025-06-02,Starter,North America,Education,Partner,1,83,8,30,0,0,,49
418,2026-09-28,Starter,North America,Finance,Organic,1,46,9,41,1,0,,49
419,2025-07-12,Growth,Asia Pacific,Retail,Paid Search,0,37,15,23,1,0,,129
420,2026-09-12,Starter,Asia Pacific,Retail,Outbound Sales,1,23,18,62,1,0,,49
421,2025-02-12,Growth,North America,Retail,Outbound Sales,1,52,11,20,2,0,,129
422,2025-10-27,Growth,Latin America,Education,Referral,1,45,18,55,4,0,,129
423,2026-05-26,Starter,Asia Pacific,Manufacturing,Outbound Sales,1,35,16,43,1,0,,49
424,2025-12-20,Enterprise,Asia Pacific,Education,Partner,0,22,12,77,1,0,,399
425,2026-07-27,Starter,Asia Pacific,SaaS,Referral,1,37,12,57,2,0,,49
426,2025-04-06,Growth,Latin America,Healthcare,Outbound Sales,1,51,23,71,2,0,,129
427,2025-06-29,Growth,Asia Pacific,Manufacturing,Partner,1,40,32,63,2,0,,129
428,2025-04-14,Growth,North America,Healthcare,Organic,1,69,21,67,1,0,,129
429,2025-04-29,Growth,North America,Education,Organic,1,51,9,55,1,0,,129
430,2025-12-26,Starter,Asia Pacific,Healthcare,Partner,1,33,13,87,0,1,2026-01-31,49
431,2025-05-01,Growth,North America,Retail,Outbound Sales,1,37,15,55,1,0,,129
432,2025-10-05,Starter,Europe,SaaS,Partner,1,25,5,94,2,0,,49
433,2025-12-25,Growth,North America,Healthcare,Organic,1,69,24,82,1,0,,129
434,2026-09-15,Enterprise,Europe,SaaS,Referral,0,6,21,73,0,0,,399
435,2025-07-11,Starter,Europe,SaaS,Organic,1,23,11,77,0,0,,49
436,2025-07-30,Growth,Latin America,Manufacturing,Paid Search,1,65,28,51,1,0,,129
437,2025-04-11,Growth,Asia Pacific,Retail,Referral,1,34,18,26,1,0,,129
438,2025-02-17,Enterprise,North America,Finance,Paid Search,1,54,10,86,0,0,,399
439,2025-11-25,Starter,Asia Pacific,Manufacturing,Outbound Sales,0,29,11,64,0,0,,49
440,2024-12-08,Starter,Europe,Education,Referral,0,18,1,58,0,0,,49
441,2026-02-23,Starter,Asia Pacific,Retail,Organic,1,63,21,58,2,0,,49
442,2025-06-14,Starter,Asia Pacific,Education,Paid Search,1,19,16,64,0,0,,49
443,2025-05-22,Starter,Latin America,Manufacturing,Referral,1,40,7,44,2,0,,49
444,2026-02-13,Growth,Europe,Education,Organic,1,51,16,68,0,0,,129
445,2025-10-23,Starter,North America,Education,Partner,1,45,28,91,1,0,,49
446,2025-09-07,Growth,North America,SaaS,Organic,0,42,20,77,1,0,,129
447,2025-06-20,Starter,Latin America,Manufacturing,Paid Search,1,69,21,47,1,0,,49
448,2025-06-15,Growth,Latin America,SaaS,Referral,1,30,16,32,1,0,,129
449,2024-11-23,Starter,North America,Finance,Paid Search,1,47,13,45,0,0,,49
450,2026-09-05,Starter,North America,Education,Organic,1,41,9,59,1,0,,49
451,2025-05-15,Enterprise,Latin America,Retail,Referral,1,10,14,67,0,0,,399
452,2025-12-12,Growth,North America,SaaS,Organic,1,57,18,56,2,0,,129
453,2025-10-01,Starter,Latin America,Education,Referral,1,84,16,82,0,0,,49
454,2025-08-11,Enterprise,Asia Pacific,SaaS,Outbound Sales,0,53,13,81,2,0,,399
455,2025-01-09,Enterprise,Asia Pacific,Manufacturing,Outbound Sales,0,38,26,93,0,0,,399
456,2025-08-11,Growth,Latin America,Manufacturing,Outbound Sales,1,26,20,92,0,0,,129
457,2025-10-24,Growth,North America,Finance,Referral,0,27,0,39,3,0,,129
458,2026-08-17,Starter,Europe,Retail,Organic,1,42,9,28,0,0,,49
459,2026-04-04,Enterprise,Europe,Healthcare,Outbound Sales,1,39,26,47,1,0,,399
460,2025-12-13,Starter,Latin America,Healthcare,Partner,1,118,27,58,1,0,,49
461,2026-09-25,Growth,Asia Pacific,Education,Referral,1,55,23,51,1,0,,129
462,2026-05-02,Growth,North America,Healthcare,Paid Search,1,30,22,58,3,0,,129
463,2025-10-04,Growth,North America,Healthcare,Referral,1,65,26,67,2,0,,129
464,2024-11-27,Starter,Asia Pacific,SaaS,Outbound Sales,1,32,1,67,1,0,,49
465,2025-02-25,Starter,North America,Retail,Outbound Sales,1,53,22,29,1,0,,49
466,2025-07-24,Growth,North America,Finance,Outbound Sales,0,28,13,63,1,0,,129
467,2025-04-30,Starter,North America,Manufacturing,Organic,1,35,23,91,0,0,,49
468,2026-06-16,Growth,Asia Pacific,Retail,Organic,1,45,17,48,1,0,,129
469,2025-07-28,Starter,Asia Pacific,Healthcare,Paid Search,1,19,28,63,2,0,,49
470,2024-12-08,Starter,North America,Finance,Paid Search,1,66,8,3,1,0,,49
471,2025-02-18,Enterprise,North America,SaaS,Paid Search,0,63,35,78,0,0,,399
472,2026-07-02,Growth,Latin America,Retail,Referral,1,36,27,62,1,0,,129
473,2026-01-17,Enterprise,Latin America,Manufacturing,Outbound Sales,0,47,8,40,0,0,,399
474,2025-10-18,Growth,Latin America,Finance,Referral,1,63,22,45,1,0,,129
475,2025-09-16,Starter,North America,Education,Partner,1,39,15,86,2,0,,49
476,2026-01-19,Starter,Latin America,Education,Outbound Sales,1,40,16,63,4,0,,49
477,2026-07-12,Starter,North America,SaaS,Partner,0,56,13,29,1,0,,49
478,2026-04-06,Enterprise,Europe,Finance,Organic,1,29,23,33,3,0,,399
479,2025-02-25,Starter,Europe,Finance,Partner,1,77,15,57,0,0,,49
480,2025-11-28,Starter,Europe,SaaS,Referral,1,38,25,64,0,0,,49
481,2026-06-12,Growth,Europe,Finance,Organic,1,14,22,60,1,0,,129
482,2025-05-12,Starter,Asia Pacific,Retail,Organic,1,73,28,67,2,0,,49
483,2025-07-17,Enterprise,Europe,SaaS,Paid Search,0,29,17,55,1,0,,399
484,2024-12-14,Growth,Asia Pacific,Finance,Partner,1,51,27,60,2,0,,129
485,2026-01-19,Growth,Asia Pacific,Education,Outbound Sales,1,35,10,96,3,0,,129
486,2024-10-31,Starter,Latin America,SaaS,Outbound Sales,0,38,28,73,0,1,2025-08-23,49
487,2026-05-04,Starter,Europe,Finance,Partner,0,8,15,84,1,0,,49
488,2026-09-16,Enterprise,Latin America,Retail,Organic,0,84,26,28,3,0,,399
489,2025-05-19,Enterprise,Latin America,Education,Paid Search,1,58,31,43,2,0,,399
490,2025-11-06,Starter,Latin America,Education,Paid Search,1,71,24,22,1,0,,49
491,2026-01-14,Enterprise,Asia Pacific,Manufacturing,Paid Search,0,38,18,97,0,0,,399
492,2025-01-09,Enterprise,North America,Manufacturing,Referral,1,35,17,57,0,0,,399
493,2026-09-10,Starter,Asia Pacific,Finance,Paid Search,1,32,22,88,1,0,,49
494,2025-10-03,Growth,Europe,Healthcare,Referral,1,38,10,71,1,0,,129
495,2026-07-30,Starter,Asia Pacific,Finance,Paid Search,0,49,14,75,2,0,,49
496,2025-09-16,Starter,Latin America,Manufacturing,Referral,1,43,14,70,2,0,,49
497,2026-09-09,Enterprise,Latin America,SaaS,Outbound Sales,1,84,20,57,0,0,,399
498,2025-03-06,Starter,Latin America,Retail,Partner,1,34,30,61,2,0,,49
499,2025-09-02,Starter,Asia Pacific,Finance,Referral,1,35,19,57,2,0,,49
500,2026-04-02,Starter,Europe,Healthcare,Referral,1,69,5,58,0,0,,49
501,2025-09-11,Starter,Latin America,SaaS,Outbound Sales,1,77,12,33,0,0,,49
502,2026-09-12,Enterprise,Asia Pacific,Finance,Organic,1,13,10,87,0,0,,399
503,2025-12-22,Starter,Europe,Manufacturing,Partner,1,22,27,25,0,0,,49
504,2025-09-29,Growth,Asia Pacific,Healthcare,Referral,1,26,31,51,2,0,,129
505,2025-12-16,Growth,Latin America,Retail,Organic,1,81,3,62,0,0,,129
506,2025-08-28,Starter,Europe,Retail,Outbound Sales,1,10,2,58,0,0,,49
507,2026-05-20,Starter,Europe,SaaS,Outbound Sales,1,32,20,80,3,0,,49
508,2025-03-09,Growth,Europe,Retail,Partner,1,53,12,64,1,0,,129
509,2025-05-14,Starter,Latin America,Finance,Paid Search,1,48,10,35,1,0,,49
510,2026-01-03,Starter,Asia Pacific,Education,Outbound Sales,1,62,14,47,2,0,,49
511,2026-09-10,Growth,Asia Pacific,Healthcare,Organic,0,40,19,69,1,0,,129
512,2025-11-22,Enterprise,Asia Pacific,Healthcare,Organic,0,71,28,86,0,0,,399
513,2026-09-23,Enterprise,North America,Healthcare,Outbound Sales,1,66,14,38,2,0,,399
514,2025-04-26,Growth,Latin America,Finance,Partner,1,0,17,64,1,0,,129
515,2026-07-22,Growth,Europe,Finance,Paid Search,1,52,11,80,0,0,,129
516,2026-06-04,Starter,Asia Pacific,Healthcare,Partner,0,50,18,94,1,0,,49
517,2025-09-03,Starter,North America,Education,Partner,1,40,18,69,2,0,,49
518,2025-12-19,Growth,Europe,Education,Outbound Sales,1,89,27,65,0,1,2026-01-18,129
519,2025-09-06,Growth,Europe,Education,Organic,1,43,21,70,0,0,,129
520,2025-08-19,Enterprise,Europe,Finance,Organic,1,60,21,43,3,0,,399
521,2025-06-02,Growth,North America,Retail,Partner,0,61,22,72,0,0,,129
522,2026-01-13,Growth,North America,Healthcare,Organic,1,53,23,73,0,0,,129
523,2026-06-15,Starter,North America,SaaS,Paid Search,0,62,18,35,0,0,,49
524,2026-07-13,Growth,Asia Pacific,SaaS,Paid Search,1,58,0,36,1,0,,129
525,2026-08-31,Starter,Asia Pacific,Healthcare,Referral,1,40,20,33,1,0,,49
526,2025-09-24,Growth,Latin America,Finance,Partner,1,55,13,41,0,0,,129
527,2026-02-18,Starter,Europe,Healthcare,Organic,1,17,0,47,3,0,,49
528,2026-01-25,Starter,Europe,Education,Outbound Sales,1,35,6,75,0,0,,49
529,2026-01-25,Enterprise,Asia Pacific,Healthcare,Organic,1,23,13,98,0,0,,399
530,2026-09-21,Starter,Asia Pacific,Finance,Paid Search,1,38,19,61,1,0,,49
531,2025-06-05,Starter,Asia Pacific,Education,Organic,1,58,17,50,1,0,,49
532,2026-04-06,Starter,North America,Education,Paid Search,1,90,24,40,0,0,,49
533,2026-02-26,Growth,North America,SaaS,Outbound Sales,0,41,19,76,0,0,,129
534,2025-04-21,Starter,North America,Manufacturing,Partner,1,48,19,61,3,0,,49
535,2026-09-04,Enterprise,Latin America,SaaS,Referral,1,61,13,36,1,0,,399
536,2025-01-24,Enterprise,Asia Pacific,SaaS,Paid Search,1,81,23,62,2,0,,399
537,2025-08-16,Growth,Asia Pacific,SaaS,Paid Search,1,41,13,54,2,0,,129
538,2026-04-10,Growth,Europe,Finance,Organic,1,70,20,55,0,0,,129
539,2026-09-09,Starter,Latin America,Manufacturing,Partner,1,58,11,88,1,0,,49
540,2026-08-09,Starter,Latin America,Retail,Referral,1,34,16,60,2,0,,49
541,2026-07-26,Starter,Asia Pacific,Retail,Outbound Sales,1,30,17,60,2,0,,49
542,2025-10-08,Growth,North America,Manufacturing,Paid Search,1,35,17,63,1,0,,129
543,2025-02-02,Growth,Europe,Retail,Paid Search,1,17,17,55,1,0,,129
544,2025-06-27,Growth,Asia Pacific,Manufacturing,Referral,1,57,11,55,1,0,,129
545,2026-09-18,Starter,Asia Pacific,Finance,Paid Search,0,39,10,52,0,0,,49
546,2025-09-12,Growth,Europe,SaaS,Outbound Sales,0,64,21,59,0,0,,129
547,2025-06-17,Starter,North America,Retail,Partner,1,62,27,44,0,0,,49
548,2025-05-21,Starter,Asia Pacific,Retail,Organic,0,25,7,35,0,0,,49
549,2025-03-29,Growth,Europe,Education,Referral,1,51,10,61,2,1,2025-05-10,129
550,2024-12-16,Starter,North America,Healthcare,Paid Search,0,22,21,70,0,0,,49
551,2025-07-07,Enterprise,North America,Education,Referral,1,5,26,64,1,0,,399
552,2026-02-28,Growth,North America,Retail,Organic,1,44,18,48,2,0,,129
553,2026-07-17,Growth,Latin America,Retail,Organic,1,43,30,39,0,0,,129
554,2025-01-12,Growth,North America,SaaS,Referral,1,54,21,89,0,1,2025-10-02,129
555,2025-12-28,Starter,Latin America,Education,Outbound Sales,1,77,15,99,0,0,,49
556,2026-08-05,Starter,North America,Retail,Organic,1,85,16,51,1,0,,49
557,2026-06-11,Starter,North America,Finance,Referral,0,33,20,82,0,0,,49
558,2025-05-17,Starter,Latin America,Retail,Partner,1,29,8,54,2,0,,49
559,2025-11-27,Growth,North America,SaaS,Referral,0,0,24,84,2,0,,129
560,2026-03-20,Starter,North America,Education,Organic,0,44,19,76,1,0,,49
561,2025-12-13,Growth,Asia Pacific,Healthcare,Paid Search,1,16,15,55,2,0,,129
562,2025-07-06,Starter,Latin America,SaaS,Organic,1,35,25,41,0,0,,49
563,2025-03-30,Starter,Latin America,Manufacturing,Organic,1,23,37,54,2,0,,49
564,2026-09-01,Starter,Latin America,SaaS,Outbound Sales,1,70,17,64,2,0,,49
565,2024-11-04,Growth,Latin America,Finance,Paid Search,1,40,16,90,2,0,,129
566,2025-02-16,Growth,Asia Pacific,Education,Partner,0,58,11,61,0,0,,129
567,2026-01-08,Starter,Europe,Manufacturing,Referral,0,1,13,65,0,0,,49
568,2025-06-11,Growth,Europe,Retail,Referral,0,52,22,40,0,0,,129
569,2025-04-28,Growth,Asia Pacific,SaaS,Partner,1,61,17,70,0,0,,129
570,2026-04-13,Starter,North America,Healthcare,Referral,1,51,13,63,2,0,,49
571,2026-02-17,Starter,North America,Retail,Paid Search,1,35,50,32,0,1,2026-03-31,49
572,2026-05-23,Starter,Latin America,Manufacturing,Referral,1,33,25,87,3,0,,49
573,2025-07-12,Growth,North America,Healthcare,Outbound Sales,1,10,19,73,3,0,,129
574,2025-03-03,Growth,Latin America,Healthcare,Outbound Sales,0,65,14,67,1,0,,129
575,2026-02-09,Growth,Asia Pacific,Finance,Outbound Sales,1,40,13,60,1,0,,129
576,2025-03-15,Enterprise,Asia Pacific,Finance,Referral,1,41,30,38,0,0,,399
577,2026-02-17,Growth,North America,Healthcare,Paid Search,1,47,11,44,1,0,,129
578,2026-09-13,Starter,Latin America,Education,Referral,0,38,15,54,1,0,,49
579,2026-04-26,Growth,Europe,Finance,Referral,1,68,27,87,3,0,,129
580,2026-05-25,Growth,North America,Healthcare,Referral,1,76,9,17,0,0,,129
581,2026-07-01,Growth,Europe,Retail,Organic,1,55,16,53,1,0,,129
582,2025-09-19,Growth,Europe,Manufacturing,Referral,1,61,18,56,0,0,,129
583,2026-01-26,Growth,Latin America,Retail,Outbound Sales,0,44,26,38,1,0,,129
584,2026-07-19,Starter,North America,Retail,Referral,1,33,1,73,0,0,,49
585,2026-03-30,Enterprise,Asia Pacific,Healthcare,Outbound Sales,0,15,12,55,1,0,,399
586,2026-01-09,Enterprise,Latin America,Healthcare,Partner,1,24,27,70,2,0,,399
587,2026-05-14,Starter,Latin America,Healthcare,Outbound Sales,1,53,13,39,1,0,,49
588,2026-01-29,Enterprise,Europe,Education,Partner,1,31,22,83,1,0,,399
589,2025-04-10,Growth,Asia Pacific,Manufacturing,Referral,1,57,31,80,1,0,,129
590,2026-02-28,Growth,Latin America,Healthcare,Partner,1,72,15,84,2,0,,129
591,2026-02-02,Starter,Europe,Manufacturing,Referral,1,67,16,53,2,0,,49
592,2025-07-22,Growth,North America,Finance,Paid Search,1,59,13,49,0,0,,129
593,2025-07-10,Enterprise,Latin America,SaaS,Paid Search,0,56,15,78,0,0,,399
594,2026-08-13,Growth,Latin America,SaaS,Paid Search,1,9,10,76,1,0,,129
595,2025-08-09,Growth,Asia Pacific,SaaS,Paid Search,1,10,19,79,0,0,,129
596,2026-04-16,Starter,Asia Pacific,Healthcare,Outbound Sales,0,91,23,54,0,0,,49
597,2026-03-10,Starter,Europe,Finance,Paid Search,0,59,20,33,3,0,,49
598,2026-08-02,Growth,Latin America,Retail,Referral,1,29,18,76,0,0,,129
599,2025-07-01,Starter,Asia Pacific,Healthcare,Paid Search,1,52,17,58,0,0,,49
600,2025-08-07,Starter,North America,Finance,Partner,1,9,6,51,1,0,,49
601,2026-01-23,Starter,Asia Pacific,Retail,Organic,0,48,18,34,1,0,,49
602,2025-01-17,Starter,Asia Pacific,Retail,Partner,1,63,22,68,2,0,,49
603,2025-08-18,Growth,Asia Pacific,SaaS,Referral,1,34,36,79,5,0,,129
604,2025-06-27,Starter,Europe,Education,Paid Search,1,37,24,36,2,0,,49
605,2025-08-04,Growth,North America,Education,Outbound Sales,1,22,24,22,2,0,,129
606,2025-10-08,Starter,Asia Pacific,Healthcare,Organic,1,42,11,37,0,0,,49
607,2025-09-22,Starter,Latin America,Manufacturing,Outbound Sales,1,19,28,68,2,0,,49
608,2026-05-06,Growth,Latin America,Finance,Partner,1,23,25,63,2,0,,129
609,2025-01-20,Starter,Asia Pacific,Education,Organic,1,30,7,78,0,0,,49
610,2025-03-20,Starter,Asia Pacific,Manufacturing,Outbound Sales,1,75,19,75,2,0,,49
611,2025-04-02,Growth,Europe,Retail,Referral,0,48,19,63,0,0,,129
612,2025-06-23,Growth,Europe,Manufacturing,Organic,1,29,18,13,1,0,,129
613,2025-11-26,Starter,Europe,SaaS,Outbound Sales,0,37,16,85,1,0,,49
614,2025-04-04,Enterprise,North America,Retail,Organic,0,39,11,63,2,0,,399
615,2025-06-06,Enterprise,Asia Pacific,Healthcare,Partner,0,51,23,51,1,0,,399
616,2025-01-03,Starter,Europe,Healthcare,Paid Search,1,61,18,55,1,0,,49
617,2025-12-28,Starter,North America,Education,Outbound Sales,1,31,21,81,0,0,,49
618,2025-12-21,Starter,Asia Pacific,Education,Partner,1,34,28,100,1,0,,49
619,2025-10-03,Starter,North America,SaaS,Paid Search,1,65,8,71,0,0,,49
620,2026-05-08,Starter,Latin America,Retail,Paid Search,1,56,26,49,0,0,,49
621,2026-02-19,Growth,Latin America,Healthcare,Organic,1,52,21,44,0,0,,129
622,2025-12-29,Starter,Latin America,Manufacturing,Paid Search,0,30,15,81,0,0,,49
623,2025-01-01,Starter,North America,SaaS,Referral,1,39,27,46,1,0,,49
624,2025-05-29,Growth,Latin America,Finance,Paid Search,1,39,8,54,2,0,,129
625,2026-01-03,Starter,Latin America,SaaS,Paid Search,1,66,19,69,3,0,,49
626,2025-12-02,Starter,Asia Pacific,Finance,Organic,1,10,12,58,2,0,,49
627,2026-06-20,Growth,Europe,Manufacturing,Outbound Sales,1,38,24,66,0,0,,129
628,2024-11-19,Starter,Latin America,Manufacturing,Paid Search,1,63,24,26,0,0,,49
629,2026-06-11,Growth,Asia Pacific,Finance,Outbound Sales,1,53,20,27,2,0,,129
630,2025-11-23,Starter,Asia Pacific,Education,Referral,1,26,19,42,1,0,,49
631,2026-03-02,Growth,North America,SaaS,Paid Search,0,19,20,63,0,0,,129
632,2024-11-05,Growth,North America,Finance,Outbound Sales,0,36,21,74,1,0,,129
633,2025-10-25,Enterprise,Europe,Retail,Paid Search,1,23,18,53,1,0,,399
634,2025-08-31,Enterprise,North America,Retail,Referral,1,65,9,67,2,0,,399
635,2025-12-03,Starter,North America,Manufacturing,Referral,0,46,2,90,2,0,,49
636,2026-01-02,Starter,North America,Healthcare,Organic,0,26,12,63,2,0,,49
637,2026-05-04,Starter,North America,SaaS,Paid Search,1,35,12,35,2,0,,49
638,2026-05-12,Starter,Europe,Retail,Outbound Sales,1,25,27,62,0,0,,49
639,2026-07-09,Starter,North America,Healthcare,Paid Search,1,0,29,63,3,0,,49
640,2025-06-12,Starter,North America,Healthcare,Outbound Sales,1,40,24,75,1,0,,49
641,2026-03-13,Starter,Europe,Education,Outbound Sales,0,32,12,51,0,0,,49
642,2025-06-11,Growth,Asia Pacific,Manufacturing,Outbound Sales,0,22,20,54,3,0,,129
643,2025-08-05,Growth,Europe,Manufacturing,Paid Search,1,24,16,59,2,0,,129
644,2026-01-19,Growth,North America,Manufacturing,Partner,1,76,16,52,1,0,,129
645,2026-03-11,Enterprise,Latin America,Retail,Organic,1,41,17,99,1,0,,399
646,2024-11-28,Enterprise,Asia Pacific,Manufacturing,Organic,0,54,31,45,3,0,,399
647,2025-12-02,Growth,Europe,SaaS,Outbound Sales,1,59,22,63,1,0,,129
648,2025-10-09,Growth,Europe,SaaS,Partner,1,17,8,57,0,0,,129
649,2026-09-14,Starter,Europe,Healthcare,Outbound Sales,1,57,20,70,1,0,,49
650,2026-09-25,Starter,Asia Pacific,Education,Outbound Sales,1,57,20,37,1,1,2026-09-30,49
651,2025-12-18,Enterprise,Asia Pacific,Healthcare,Outbound Sales,1,27,26,63,2,0,,399
652,2025-04-17,Starter,Asia Pacific,SaaS,Paid Search,1,38,12,100,3,0,,49
653,2026-02-20,Starter,North America,SaaS,Referral,1,74,12,58,0,0,,49
654,2025-03-09,Growth,Asia Pacific,Healthcare,Organic,1,15,19,54,0,0,,129
655,2026-07-29,Enterprise,Latin America,Retail,Outbound Sales,1,29,34,62,1,0,,399
656,2026-04-29,Starter,Asia Pacific,Finance,Partner,1,43,20,34,2,0,,49
657,2024-11-26,Growth,Asia Pacific,Education,Outbound Sales,1,46,14,92,1,0,,129
658,2025-12-07,Starter,Europe,Education,Partner,1,42,21,54,0,0,,49
659,2026-06-28,Enterprise,Europe,Manufacturing,Outbound Sales,1,87,16,66,3,0,,399
660,2026-05-30,Growth,Latin America,Finance,Organic,1,31,12,66,2,0,,129
661,2026-09-08,Starter,North America,Manufacturing,Organic,1,55,12,73,2,0,,49
662,2024-11-26,Growth,Europe,SaaS,Referral,1,68,18,79,0,0,,129
663,2025-01-23,Growth,Latin America,Education,Paid Search,1,46,28,91,1,0,,129
664,2026-08-19,Growth,Asia Pacific,Healthcare,Organic,1,56,10,66,1,0,,129
665,2026-01-11,Growth,Asia Pacific,Healthcare,Partner,1,43,10,28,2,0,,129
666,2025-03-17,Growth,North America,Finance,Paid Search,1,45,7,57,0,0,,129
667,2026-02-14,Enterprise,Asia Pacific,SaaS,Paid Search,1,54,14,57,1,0,,399
668,2025-05-04,Growth,Europe,SaaS,Organic,1,55,0,51,3,0,,129
669,2024-12-20,Starter,Europe,Manufacturing,Organic,1,79,22,52,3,0,,49
670,2025-07-23,Enterprise,North America,Retail,Outbound Sales,1,30,24,21,0,0,,399
671,2025-11-22,Starter,Asia Pacific,Finance,Outbound Sales,1,27,22,92,3,0,,49
672,2025-09-30,Starter,Asia Pacific,Retail,Organic,0,61,21,54,1,0,,49
673,2025-06-03,Starter,Latin America,Education,Partner,0,64,13,54,1,1,2026-02-20,49
674,2025-09-29,Starter,Latin America,Retail,Partner,1,48,11,97,3,0,,49
675,2025-10-10,Enterprise,North America,SaaS,Organic,1,47,17,59,2,0,,399
676,2025-11-22,Enterprise,North America,Healthcare,Outbound Sales,1,25,6,78,1,0,,399
677,2025-08-10,Starter,Asia Pacific,SaaS,Paid Search,0,6,20,45,1,0,,49
678,2026-01-04,Starter,North America,Manufacturing,Organic,1,84,22,49,2,0,,49
679,2025-07-15,Growth,Latin America,SaaS,Referral,0,1,20,69,0,0,,129
680,2025-01-21,Starter,Europe,SaaS,Partner,1,86,20,41,2,0,,49
681,2026-02-23,Starter,Latin America,Education,Paid Search,1,25,22,77,2,0,,49
682,2024-11-18,Starter,Latin America,Manufacturing,Partner,1,19,7,66,3,0,,49
683,2026-05-05,Starter,Asia Pacific,Healthcare,Outbound Sales,1,67,27,30,3,0,,49
684,2024-12-22,Starter,Europe,Education,Outbound Sales,1,61,15,64,0,0,,49
685,2025-10-23,Starter,North America,Finance,Partner,1,21,46,57,1,0,,49
686,2025-06-16,Growth,Asia Pacific,Education,Outbound Sales,1,28,10,48,0,0,,129
687,2026-08-26,Starter,North America,Finance,Paid Search,1,48,8,66,2,0,,49
688,2025-01-08,Starter,Europe,Healthcare,Outbound Sales,0,57,27,61,0,1,2026-03-13,49
689,2026-08-28,Enterprise,Europe,Finance,Organic,1,17,27,43,2,0,,399
690,2024-12-10,Starter,Asia Pacific,Manufacturing,Referral,0,51,6,50,0,0,,49
691,2024-11-30,Starter,North America,Healthcare,Outbound Sales,1,67,14,60,2,0,,49
692,2025-07-10,Starter,Europe,Retail,Organic,0,66,2,46,0,0,,49
693,2025-05-22,Starter,Latin America,Education,Organic,0,53,24,42,0,0,,49
694,2024-11-19,Growth,North America,Finance,Partner,1,31,28,63,0,0,,129
695,2026-07-28,Growth,Europe,SaaS,Outbound Sales,1,48,25,59,0,0,,129
696,2025-04-04,Growth,Europe,Manufacturing,Outbound Sales,1,14,24,73,1,0,,129
697,2025-07-01,Enterprise,Europe,Manufacturing,Partner,1,69,35,60,1,0,,399
698,2025-03-08,Growth,Asia Pacific,Finance,Paid Search,0,14,23,52,2,0,,129
699,2026-02-26,Starter,North America,Manufacturing,Outbound Sales,0,50,18,100,1,0,,49
700,2026-09-15,Starter,North America,Finance,Paid Search,0,33,18,54,1,0,,49
701,2025-02-24,Starter,Latin America,SaaS,Outbound Sales,1,58,0,65,0,0,,49
702,2026-05-30,Enterprise,Latin America,SaaS,Referral,1,20,33,67,2,0,,399
703,2025-06-10,Starter,Asia Pacific,Education,Referral,0,35,27,42,0,0,,49
704,2026-02-18,Growth,Asia Pacific,SaaS,Paid Search,0,66,21,71,3,0,,129
705,2025-07-19,Growth,Europe,Healthcare,Outbound Sales,1,32,20,39,1,0,,129
706,2025-11-11,Starter,North America,Healthcare,Outbound Sales,1,74,26,61,3,0,,49
707,2025-04-19,Growth,Europe,SaaS,Partner,1,12,14,63,0,0,,129
708,2026-07-12,Starter,Europe,Retail,Partner,0,84,28,65,1,0,,49
709,2026-07-13,Growth,North America,Healthcare,Partner,1,67,8,75,0,0,,129
710,2025-02-24,Growth,Latin America,Education,Referral,0,55,23,60,1,0,,129
711,2025-04-15,Enterprise,Asia Pacific,Finance,Referral,1,44,31,68,0,0,,399
712,2025-09-13,Growth,Latin America,SaaS,Referral,0,22,9,64,3,0,,129
713,2025-02-17,Starter,Europe,Healthcare,Outbound Sales,0,37,17,46,0,0,,49
714,2026-06-14,Growth,Asia Pacific,Education,Referral,1,7,20,40,0,0,,129
715,2024-11-25,Starter,Latin America,Manufacturing,Partner,0,42,12,28,2,0,,49
716,2025-09-14,Growth,Europe,Healthcare,Referral,1,22,19,45,0,0,,129
717,2026-06-11,Starter,Latin America,Retail,Organic,1,71,16,64,2,0,,49
718,2026-09-23,Growth,Latin America,Education,Referral,1,46,27,89,0,0,,129
719,2025-11-18,Starter,Asia Pacific,Manufacturing,Partner,0,54,16,74,0,0,,49
720,2025-12-10,Starter,Europe,Retail,Outbound Sales,0,71,0,57,1,0,,49
721,2025-05-21,Growth,Latin America,SaaS,Outbound Sales,1,25,22,55,0,0,,129
722,2025-01-15,Starter,North America,Education,Outbound Sales,1,72,27,60,0,0,,49
723,2026-06-28,Growth,Europe,SaaS,Organic,1,11,18,33,3,0,,129
724,2026-08-03,Starter,Europe,Finance,Referral,1,9,1,36,1,0,,49
725,2025-07-05,Starter,North America,SaaS,Referral,1,26,30,58,2,0,,49
726,2025-02-11,Growth,Asia Pacific,Manufacturing,Paid Search,1,30,25,73,0,0,,129
727,2025-09-03,Starter,Latin America,Education,Organic,0,12,12,22,0,0,,49
728,2026-09-30,Starter,Europe,Retail,Outbound Sales,1,73,18,79,2,0,,49
729,2026-07-06,Starter,Europe,Retail,Referral,1,100,22,59,2,0,,49
730,2025-03-02,Growth,Asia Pacific,Healthcare,Outbound Sales,1,58,25,59,2,0,,129
731,2026-06-01,Starter,Asia Pacific,Education,Outbound Sales,1,22,9,71,1,0,,49
732,2024-12-11,Starter,Asia Pacific,SaaS,Organic,1,65,11,67,0,0,,49
733,2025-10-20,Growth,Latin America,Manufacturing,Outbound Sales,1,65,6,44,0,0,,129
734,2026-04-28,Growth,Asia Pacific,Education,Outbound Sales,1,49,13,52,1,0,,129
735,2026-01-11,Starter,Asia Pacific,Retail,Organic,1,57,26,64,1,0,,49
736,2026-09-07,Growth,Latin America,Retail,Outbound Sales,0,34,24,44,1,0,,129
737,2025-11-13,Enterprise,Latin America,Education,Partner,1,57,19,55,0,1,2026-01-17,399
738,2026-04-01,Starter,Asia Pacific,Education,Organic,0,38,24,78,1,0,,49
739,2026-08-24,Growth,Latin America,Finance,Paid Search,1,35,24,71,1,0,,129
740,2025-10-14,Growth,Europe,Retail,Referral,1,50,25,58,0,0,,129
741,2024-11-11,Growth,North America,SaaS,Paid Search,1,32,16,51,1,0,,129
742,2026-01-03,Growth,Latin America,Healthcare,Outbound Sales,1,48,16,90,1,0,,129
743,2026-03-15,Starter,Asia Pacific,Finance,Paid Search,1,35,6,87,1,0,,49
744,2025-02-15,Growth,Europe,SaaS,Partner,0,47,21,70,0,0,,129
745,2026-01-16,Growth,Asia Pacific,SaaS,Organic,1,26,17,57,1,0,,129
746,2025-11-04,Growth,North America,Finance,Organic,1,41,21,38,1,0,,129
747,2026-08-11,Starter,Asia Pacific,Healthcare,Partner,0,44,15,25,1,0,,49
748,2026-02-12,Growth,North America,SaaS,Paid Search,1,83,3,83,1,0,,129
749,2025-04-04,Starter,Latin America,SaaS,Outbound Sales,1,41,26,100,3,0,,49
750,2026-01-18,Enterprise,Europe,SaaS,Referral,0,16,7,68,2,0,,399
751,2025-04-28,Starter,Asia Pacific,Retail,Organic,1,68,11,86,1,0,,49
752,2026-04-17,Growth,Asia Pacific,SaaS,Outbound Sales,1,53,23,45,2,0,,129
753,2026-08-27,Starter,Latin America,Education,Organic,1,64,16,61,1,0,,49
754,2025-08-02,Starter,Asia Pacific,Healthcare,Organic,1,34,9,71,1,0,,49
755,2026-07-22,Starter,Europe,Finance,Referral,1,30,39,90,3,0,,49
756,2026-05-04,Starter,Asia Pacific,Finance,Organic,1,69,24,42,0,0,,49
757,2026-03-09,Starter,North America,Healthcare,Referral,1,16,18,45,1,0,,49
758,2026-02-18,Starter,Latin America,Education,Partner,1,52,32,73,0,0,,49
759,2026-01-19,Starter,Europe,Education,Paid Search,1,28,14,18,0,0,,49
760,2026-06-28,Growth,Europe,Finance,Partner,1,64,16,65,0,0,,129
761,2025-07-31,Starter,Asia Pacific,SaaS,Paid Search,0,36,29,65,0,0,,49
762,2025-09-25,Starter,Latin America,Education,Referral,0,5,27,77,2,0,,49
763,2025-07-08,Starter,Asia Pacific,Finance,Outbound Sales,0,26,23,55,0,0,,49
764,2025-01-26,Starter,Europe,Healthcare,Paid Search,0,41,17,58,2,0,,49
765,2025-08-11,Starter,Europe,Manufacturing,Referral,1,56,38,53,2,0,,49
766,2026-02-03,Enterprise,Latin America,Healthcare,Paid Search,0,43,23,66,1,0,,399
767,2025-07-06,Starter,North America,Education,Outbound Sales,0,75,28,69,0,0,,49
768,2026-02-17,Growth,Asia Pacific,Education,Outbound Sales,1,56,23,73,5,0,,129
769,2026-06-05,Starter,Europe,Finance,Referral,1,34,9,84,2,0,,49
770,2026-07-16,Enterprise,Asia Pacific,Manufacturing,Partner,0,65,29,53,2,0,,399
771,2026-09-14,Growth,Asia Pacific,Finance,Partner,1,55,17,100,2,0,,129
772,2025-11-22,Starter,North America,Retail,Organic,1,35,8,40,1,0,,49
773,2025-10-09,Growth,North America,Finance,Partner,1,38,30,55,2,0,,129
774,2024-11-28,Growth,Asia Pacific,Retail,Paid Search,1,21,21,30,1,0,,129
775,2026-03-20,Growth,Latin America,SaaS,Outbound Sales,1,23,26,22,4,0,,129
776,2025-09-27,Growth,North America,Education,Paid Search,0,65,14,79,2,0,,129
777,2025-05-04,Starter,Asia Pacific,SaaS,Outbound Sales,0,31,1,90,0,0,,49
778,2026-03-13,Growth,Europe,Finance,Paid Search,1,53,14,44,0,0,,129
779,2025-06-04,Starter,North America,Education,Referral,1,44,4,84,1,0,,49
780,2025-10-28,Starter,Asia Pacific,Education,Partner,1,27,8,53,3,0,,49
781,2025-07-21,Growth,Latin America,SaaS,Referral,1,19,30,76,3,0,,129
782,2025-10-13,Starter,Asia Pacific,Healthcare,Referral,1,32,12,41,1,0,,49
783,2025-08-12,Growth,Europe,Manufacturing,Organic,0,38,9,24,1,1,2026-07-13,129
784,2025-08-08,Starter,Latin America,Education,Organic,1,29,21,50,0,0,,49
785,2026-05-22,Enterprise,Asia Pacific,SaaS,Outbound Sales,1,23,16,63,0,0,,399
786,2024-11-09,Enterprise,Europe,Education,Referral,1,66,16,69,0,0,,399
787,2026-04-12,Growth,Europe,Education,Outbound Sales,1,68,16,55,1,0,,129
788,2025-05-13,Starter,North America,Healthcare,Outbound Sales,1,21,20,61,0,0,,49
789,2025-01-25,Starter,North America,SaaS,Paid Search,1,65,17,66,3,0,,49
790,2025-07-04,Starter,Latin America,Education,Outbound Sales,0,0,17,67,0,0,,49
791,2025-12-20,Enterprise,Latin America,Retail,Outbound Sales,0,37,21,76,3,0,,399
792,2026-03-14,Starter,North America,Finance,Organic,1,46,9,41,1,0,,49
793,2026-05-21,Starter,North America,SaaS,Outbound Sales,1,35,10,67,0,0,,49
794,2025-07-03,Growth,Asia Pacific,Healthcare,Outbound Sales,1,35,24,56,2,0,,129
795,2026-03-01,Growth,Asia Pacific,Retail,Partner,1,44,18,38,1,0,,129
796,2026-08-22,Enterprise,Asia Pacific,Education,Partner,0,61,16,52,2,1,2026-09-28,399
797,2026-01-31,Starter,North America,Finance,Referral,1,53,21,36,1,0,,49
798,2024-11-16,Enterprise,Europe,Education,Referral,0,0,16,87,3,0,,399
799,2025-02-02,Starter,North America,SaaS,Paid Search,1,47,23,39,1,0,,49
800,2025-08-27,Starter,Latin America,Retail,Paid Search,0,44,2,30,0,0,,49
801,2025-06-13,Growth,Europe,Healthcare,Partner,1,59,13,30,1,0,,129
802,2025-12-18,Starter,Europe,Healthcare,Outbound Sales,1,44,24,55,4,0,,49
803,2025-07-06,Growth,Asia Pacific,Education,Paid Search,1,22,0,72,1,0,,129
804,2025-09-08,Enterprise,Latin America,Manufacturing,Referral,1,68,13,77,1,0,,399
805,2026-09-09,Growth,North America,Finance,Partner,1,68,26,72,4,0,,129
806,2026-06-17,Starter,Europe,Finance,Organic,0,22,12,56,0,0,,49
807,2025-11-11,Growth,Asia Pacific,Manufacturing,Paid Search,1,46,15,44,3,0,,129
808,2026-02-26,Growth,Europe,Retail,Referral,1,57,9,47,1,0,,129
809,2026-05-19,Growth,North America,Finance,Paid Search,1,50,4,96,3,0,,129
810,2026-04-26,Starter,Europe,Manufacturing,Outbound Sales,1,51,13,79,0,0,,49
811,2025-10-17,Starter,Asia Pacific,Education,Paid Search,1,50,12,68,1,0,,49
812,2026-01-08,Starter,Europe,Finance,Paid Search,1,30,30,57,0,0,,49
813,2026-05-16,Enterprise,Europe,Finance,Partner,1,53,10,62,1,0,,399
814,2025-10-03,Starter,Asia Pacific,Finance,Referral,1,36,6,78,2,0,,49
815,2025-10-25,Starter,North America,Manufacturing,Organic,1,48,13,73,0,0,,49
816,2026-02-06,Starter,Latin America,Manufacturing,Partner,1,67,26,64,0,0,,49
817,2025-08-03,Starter,Europe,Education,Referral,1,45,12,57,1,0,,49
818,2025-09-08,Starter,Asia Pacific,Finance,Organic,1,61,23,50,4,0,,49
819,2025-07-14,Growth,Europe,Healthcare,Partner,1,21,19,18,2,1,2025-12-09,129
820,2025-03-02,Starter,North America,Finance,Outbound Sales,1,58,20,54,0,0,,49
821,2025-05-15,Growth,Latin America,Manufacturing,Organic,1,41,22,86,4,0,,129
822,2025-09-18,Enterprise,Europe,Manufacturing,Paid Search,1,73,16,64,3,0,,399
823,2025-03-01,Growth,North America,SaaS,Referral,1,21,20,58,0,0,,129
824,2026-05-01,Starter,Asia Pacific,Manufacturing,Paid Search,1,50,5,41,1,0,,49
825,2025-05-07,Enterprise,Latin America,Education,Referral,0,12,22,21,1,0,,399
826,2025-05-14,Growth,North America,Retail,Paid Search,0,60,19,25,1,0,,129
827,2025-06-08,Growth,North America,SaaS,Referral,1,64,30,70,1,0,,129
828,2026-03-09,Growth,Latin America,Finance,Partner,0,27,28,87,1,0,,129
829,2025-08-09,Starter,Latin America,Retail,Partner,1,29,12,62,1,0,,49
830,2026-06-25,Enterprise,North America,Finance,Paid Search,1,7,24,68,1,0,,399
831,2026-04-20,Starter,North America,SaaS,Organic,1,19,25,12,2,0,,49
832,2026-07-03,Starter,Asia Pacific,Education,Paid Search,1,52,20,28,0,0,,49
833,2025-08-15,Starter,Europe,SaaS,Partner,1,8,4,100,1,0,,49
834,2025-02-09,Enterprise,Latin America,Retail,Referral,1,8,23,24,2,0,,399
835,2025-05-16,Starter,Asia Pacific,Education,Outbound Sales,1,53,14,56,0,0,,49
836,2025-08-29,Starter,North America,Education,Referral,1,57,28,45,3,0,,49
837,2025-06-19,Starter,Europe,Healthcare,Organic,1,60,29,52,2,0,,49
838,2025-11-03,Growth,Latin America,Education,Organic,1,43,30,62,1,0,,129
839,2025-05-01,Starter,Latin America,Retail,Organic,0,39,0,78,0,0,,49
840,2025-09-04,Starter,Asia Pacific,Manufacturing,Outbound Sales,0,57,17,79,2,0,,49
841,2024-11-13,Starter,Asia Pacific,Retail,Outbound Sales,1,83,20,86,1,0,,49
842,2026-04-29,Growth,Asia Pacific,Retail,Outbound Sales,1,52,14,61,0,0,,129
843,2025-03-08,Starter,Europe,SaaS,Partner,1,85,34,34,1,0,,49
844,2025-08-06,Enterprise,North America,SaaS,Organic,1,44,10,62,2,0,,399
845,2024-12-15,Starter,Asia Pacific,Healthcare,Organic,1,36,4,71,0,0,,49
846,2024-12-24,Growth,Asia Pacific,Healthcare,Partner,1,71,2,30,0,0,,129
847,2026-05-19,Growth,Europe,Healthcare,Partner,1,59,32,75,2,0,,129
848,2025-08-25,Growth,Europe,Manufacturing,Referral,1,44,20,28,1,0,,129
849,2025-03-08,Growth,Europe,Healthcare,Referral,1,56,27,77,1,0,,129
850,2026-08-14,Growth,Asia Pacific,Manufacturing,Outbound Sales,1,33,11,74,0,0,,129
851,2026-03-16,Starter,Latin America,Healthcare,Outbound Sales,1,40,17,53,2,0,,49
852,2025-02-12,Starter,Europe,SaaS,Referral,1,14,7,74,1,0,,49
853,2024-11-11,Starter,Asia Pacific,Healthcare,Organic,1,61,12,70,1,0,,49
854,2026-06-09,Growth,North America,Retail,Paid Search,1,31,34,65,1,0,,129
855,2025-08-17,Starter,Latin America,SaaS,Outbound Sales,1,57,17,69,1,0,,49
856,2026-02-22,Growth,Europe,Finance,Paid Search,1,59,32,100,6,0,,129
857,2026-03-04,Starter,Asia Pacific,Healthcare,Partner,1,44,30,86,2,0,,49
858,2026-01-24,Enterprise,Latin America,Education,Referral,0,26,29,34,1,0,,399
859,2025-10-13,Growth,Europe,Healthcare,Referral,1,21,5,88,2,0,,129
860,2025-05-06,Growth,Europe,Manufacturing,Referral,1,28,27,62,1,0,,129
861,2024-12-21,Growth,North America,SaaS,Partner,1,71,1,48,0,0,,129
862,2025-07-15,Growth,Asia Pacific,Finance,Paid Search,1,62,28,61,1,0,,129
863,2026-03-03,Growth,Asia Pacific,Retail,Partner,0,73,21,57,0,0,,129
864,2025-02-23,Starter,Europe,Education,Outbound Sales,1,41,24,89,0,0,,49
865,2025-01-04,Growth,North America,Retail,Paid Search,1,60,10,59,1,0,,129
866,2025-12-14,Starter,Europe,Healthcare,Referral,0,40,15,57,1,0,,49
867,2026-03-17,Starter,North America,Retail,Partner,0,69,23,70,0,0,,49
868,2025-01-13,Enterprise,North America,Education,Outbound Sales,1,19,16,83,2,0,,399
869,2026-06-12,Starter,North America,Education,Partner,1,40,16,52,1,0,,49
870,2026-08-05,Starter,Latin America,SaaS,Paid Search,1,48,21,50,1,0,,49
871,2024-12-23,Starter,North America,Finance,Paid Search,1,52,24,87,1,0,,49
872,2025-04-03,Enterprise,Latin America,Education,Partner,0,43,27,41,0,0,,399
873,2025-03-31,Starter,Asia Pacific,Education,Referral,1,74,10,100,1,0,,49
874,2026-05-29,Growth,North America,Manufacturing,Outbound Sales,1,46,14,0,2,0,,129
875,2025-09-06,Growth,Latin America,Manufacturing,Outbound Sales,1,31,19,78,1,0,,129
876,2025-01-25,Starter,North America,Retail,Organic,1,33,17,26,2,0,,49
877,2025-07-11,Starter,Latin America,Finance,Paid Search,0,41,22,85,2,1,2025-10-09,49
878,2026-05-24,Growth,Asia Pacific,Finance,Outbound Sales,1,57,12,53,0,1,2026-09-28,129
879,2025-12-30,Starter,Latin America,Healthcare,Organic,0,60,28,98,2,0,,49
880,2026-07-12,Growth,Latin America,SaaS,Outbound Sales,1,45,5,36,2,0,,129
881,2026-07-02,Starter,Asia Pacific,Retail,Organic,1,14,8,45,2,0,,49
882,2026-07-25,Starter,North America,Education,Paid Search,1,27,18,44,2,0,,49
883,2025-06-18,Starter,Europe,SaaS,Partner,1,45,25,15,1,0,,49
884,2026-04-18,Starter,Latin America,Retail,Paid Search,0,41,0,43,3,0,,49
885,2025-11-23,Starter,Latin America,Finance,Partner,1,61,17,53,1,0,,49
886,2026-02-03,Enterprise,Latin America,Healthcare,Partner,1,71,22,54,0,0,,399
887,2026-01-26,Enterprise,Europe,Healthcare,Paid Search,0,56,9,34,0,0,,399
888,2025-08-30,Growth,North America,Education,Partner,1,45,22,60,3,0,,129
889,2026-06-24,Enterprise,Asia Pacific,Retail,Partner,1,38,25,57,1,0,,399
890,2026-01-12,Starter,Asia Pacific,Healthcare,Partner,1,32,10,97,1,0,,49
891,2025-09-07,Growth,Latin America,Retail,Partner,1,63,13,40,1,0,,129
892,2026-06-04,Growth,North America,Healthcare,Referral,1,23,16,82,1,0,,129
893,2026-07-27,Growth,Latin America,SaaS,Partner,1,57,20,52,4,0,,129
894,2024-12-30,Starter,Europe,Education,Paid Search,1,35,12,42,0,0,,49
895,2026-07-16,Growth,North America,Retail,Paid Search,0,30,13,39,1,0,,129
896,2025-02-08,Starter,Asia Pacific,Finance,Partner,1,49,30,78,0,0,,49
897,2025-05-30,Growth,Latin America,Manufacturing,Outbound Sales,1,70,18,83,1,0,,129
898,2026-08-01,Growth,Europe,Finance,Paid Search,1,72,12,74,0,0,,129
899,2025-06-03,Enterprise,Latin America,SaaS,Organic,0,70,24,56,1,0,,399
900,2025-07-27,Starter,North America,Healthcare,Referral,1,10,4,62,0,0,,49
901,2026-09-06,Starter,North America,Finance,Organic,1,46,23,60,1,1,2026-09-30,49
902,2025-01-21,Starter,North America,Retail,Partner,1,15,23,68,2,0,,49
903,2025-04-08,Growth,Latin America,Finance,Paid Search,1,73,20,76,3,0,,129
904,2025-07-02,Growth,Latin America,SaaS,Referral,1,30,24,33,2,0,,129
905,2025-04-25,Enterprise,Asia Pacific,Retail,Paid Search,1,58,27,76,2,0,,399
906,2026-05-18,Enterprise,Europe,Manufacturing,Outbound Sales,0,26,26,73,1,0,,399
907,2025-01-14,Starter,Latin America,SaaS,Paid Search,1,66,19,21,1,0,,49
908,2025-04-08,Growth,North America,SaaS,Outbound Sales,0,58,24,86,1,0,,129
909,2024-11-01,Growth,Europe,Retail,Organic,1,54,7,56,0,0,,129
910,2025-12-22,Growth,North America,Retail,Partner,1,33,11,88,0,0,,129
911,2026-02-03,Growth,Latin America,Education,Outbound Sales,1,56,24,79,1,0,,129
912,2026-06-30,Starter,Latin America,SaaS,Referral,1,68,16,71,4,1,2026-08-29,49
913,2025-08-24,Starter,Latin America,Healthcare,Organic,1,59,16,60,1,0,,49
914,2024-12-02,Starter,Latin America,Finance,Paid Search,0,36,12,53,2,0,,49
915,2025-06-24,Enterprise,North America,Finance,Partner,1,28,8,2,0,0,,399
916,2025-08-21,Growth,Asia Pacific,Retail,Outbound Sales,0,55,3,48,5,0,,129
917,2025-08-15,Starter,Latin America,Finance,Partner,1,50,14,33,0,0,,49
918,2026-02-06,Growth,Asia Pacific,Healthcare,Outbound Sales,1,40,12,98,2,0,,129
919,2025-01-10,Growth,Latin America,Manufacturing,Organic,1,44,23,49,2,0,,129
920,2025-06-26,Growth,Latin America,Finance,Paid Search,1,79,13,100,1,0,,129
921,2025-07-27,Growth,Latin America,SaaS,Referral,1,39,38,35,0,0,,129
922,2026-08-01,Starter,Europe,Manufacturing,Paid Search,1,81,20,75,1,0,,49
923,2026-06-25,Enterprise,North America,SaaS,Paid Search,1,38,22,66,1,0,,399
924,2026-09-07,Growth,Latin America,Education,Referral,1,15,24,65,2,0,,129
925,2025-05-20,Starter,Europe,Education,Paid Search,0,79,20,91,0,0,,49
926,2026-01-08,Starter,Latin America,Education,Outbound Sales,1,61,22,83,1,0,,49
927,2025-02-24,Starter,Asia Pacific,Healthcare,Organic,0,63,24,47,1,0,,49
928,2026-05-10,Growth,Asia Pacific,Finance,Outbound Sales,1,48,5,48,1,0,,129
929,2025-06-17,Growth,Latin America,Education,Organic,1,2,16,100,2,0,,129
930,2026-08-24,Starter,North America,Manufacturing,Paid Search,1,13,19,43,0,0,,49
931,2025-03-31,Starter,North America,Manufacturing,Referral,1,44,28,45,4,1,2026-08-08,49
932,2025-07-29,Starter,Europe,Finance,Paid Search,1,89,12,56,4,0,,49
933,2025-03-24,Starter,Latin America,Finance,Outbound Sales,1,30,12,12,3,0,,49
934,2025-01-11,Starter,Latin America,SaaS,Paid Search,1,33,28,3,0,0,,49
935,2024-12-30,Starter,Asia Pacific,Healthcare,Partner,1,38,33,80,1,0,,49
936,2025-04-17,Enterprise,Asia Pacific,Finance,Referral,0,0,17,61,0,0,,399
937,2025-09-09,Starter,Latin America,Retail,Outbound Sales,1,48,20,62,1,0,,49
938,2026-07-01,Starter,Europe,Education,Outbound Sales,1,13,13,69,0,0,,49
939,2026-06-04,Enterprise,Europe,Retail,Partner,0,45,33,39,0,0,,399
940,2025-08-21,Starter,North America,Education,Partner,1,65,25,73,0,0,,49
941,2026-01-22,Growth,North America,Healthcare,Referral,1,25,3,32,0,0,,129
942,2025-03-06,Starter,Asia Pacific,Manufacturing,Organic,0,28,21,49,1,0,,49
943,2026-02-21,Starter,North America,Finance,Paid Search,0,21,23,46,1,0,,49
944,2025-09-06,Growth,North America,SaaS,Referral,0,27,17,48,1,0,,129
945,2025-12-16,Starter,Europe,Healthcare,Partner,1,33,17,85,1,0,,49
946,2025-08-04,Enterprise,Asia Pacific,SaaS,Paid Search,0,53,10,56,1,0,,399
947,2026-03-26,Starter,North America,Finance,Paid Search,0,49,29,76,0,0,,49
948,2026-05-05,Starter,Europe,Manufacturing,Paid Search,1,27,21,65,0,0,,49
949,2026-03-19,Starter,Latin America,Retail,Organic,0,36,8,86,2,0,,49
950,2026-01-21,Starter,Europe,Retail,Outbound Sales,1,38,6,50,3,0,,49
951,2025-01-20,Growth,Asia Pacific,Finance,Organic,1,8,9,37,1,0,,129
952,2026-07-04,Enterprise,Europe,Manufacturing,Paid Search,1,49,43,43,0,0,,399
953,2024-12-09,Growth,North America,Finance,Organic,1,34,28,77,0,0,,129
954,2026-01-15,Enterprise,Latin America,SaaS,Organic,1,51,1,46,1,0,,399
955,2025-09-25,Enterprise,Europe,SaaS,Outbound Sales,0,18,17,39,3,0,,399
956,2026-07-10,Enterprise,Asia Pacific,Manufacturing,Partner,0,62,18,79,2,0,,399
957,2025-07-13,Growth,Latin America,SaaS,Outbound Sales,1,78,8,63,2,0,,129
958,2024-11-25,Starter,Latin America,Finance,Outbound Sales,1,66,9,52,2,0,,49
959,2025-01-31,Growth,North America,SaaS,Partner,1,39,19,51,0,0,,129
960,2025-06-21,Starter,Latin America,Healthcare,Paid Search,1,88,28,39,3,0,,49
961,2026-09-20,Starter,Latin America,Manufacturing,Organic,1,57,15,46,1,0,,49
962,2026-06-11,Starter,Asia Pacific,Education,Partner,1,36,14,38,1,0,,49
963,2026-06-23,Growth,Europe,Manufacturing,Organic,1,34,31,59,0,0,,129
964,2024-11-20,Starter,Asia Pacific,Education,Referral,1,32,11,64,3,1,2026-01-15,49
965,2026-09-18,Growth,Latin America,Education,Referral,1,47,7,80,1,0,,129
966,2025-08-01,Starter,Asia Pacific,Education,Organic,1,32,12,21,2,0,,49
967,2026-06-12,Growth,Europe,Finance,Referral,0,6,5,76,2,0,,129
968,2024-12-10,Starter,Latin America,Manufacturing,Outbound Sales,1,60,27,67,1,0,,49
969,2025-04-27,Starter,Europe,Healthcare,Partner,0,28,14,96,1,0,,49
970,2026-02-23,Growth,Asia Pacific,Manufacturing,Paid Search,1,77,3,75,0,0,,129
971,2026-04-14,Enterprise,Europe,Education,Organic,1,40,27,40,3,0,,399
972,2026-08-28,Enterprise,Latin America,Finance,Outbound Sales,1,17,15,84,2,0,,399
973,2026-01-25,Starter,North America,Education,Referral,0,52,14,72,1,0,,49
974,2025-08-10,Growth,Latin America,Finance,Paid Search,1,36,6,66,2,0,,129
975,2025-05-03,Starter,Asia Pacific,Manufacturing,Partner,0,48,17,59,2,1,2026-03-28,49
976,2026-01-19,Starter,Latin America,Finance,Paid Search,1,60,16,62,1,0,,49
977,2026-08-11,Starter,Latin America,Education,Paid Search,1,43,22,78,2,0,,49
978,2026-03-17,Enterprise,Latin America,Manufacturing,Paid Search,1,48,0,24,2,0,,399
979,2025-01-31,Enterprise,Latin America,Education,Outbound Sales,1,10,20,47,4,0,,399
980,2026-02-23,Starter,Europe,SaaS,Organic,1,78,13,49,0,0,,49
981,2025-10-21,Enterprise,Latin America,Finance,Organic,1,26,14,33,1,0,,399
982,2025-12-22,Starter,Latin America,Manufacturing,Outbound Sales,1,34,19,63,3,0,,49
983,2025-10-06,Starter,North America,SaaS,Partner,0,68,10,34,0,0,,49
984,2025-09-23,Starter,North America,Retail,Organic,1,67,9,74,3,0,,49
985,2026-09-16,Starter,Asia Pacific,SaaS,Outbound Sales,1,46,15,68,0,0,,49
986,2025-02-14,Growth,Latin America,Healthcare,Organic,1,51,21,48,0,0,,129
987,2025-04-12,Starter,Asia Pacific,Manufacturing,Outbound Sales,0,46,7,41,0,0,,49
988,2025-10-02,Starter,North America,Manufacturing,Paid Search,1,68,11,84,1,0,,49
989,2025-12-25,Growth,North America,SaaS,Referral,1,28,20,59,1,0,,129
990,2026-03-21,Starter,Asia Pacific,Manufacturing,Partner,1,46,13,71,4,0,,49
991,2025-08-21,Starter,Latin America,Healthcare,Partner,0,0,21,39,1,0,,49
992,2026-09-08,Starter,Latin America,Manufacturing,Partner,1,56,26,51,0,0,,49
993,2025-12-14,Enterprise,Europe,Finance,Referral,1,54,29,70,2,0,,399
994,2026-05-16,Enterprise,North America,Education,Outbound Sales,1,61,15,39,0,0,,399
995,2024-12-06,Growth,North America,Finance,Organic,0,46,27,53,0,0,,129
996,2026-02-07,Growth,Europe,SaaS,Partner,0,27,17,50,2,0,,129
997,2025-01-28,Starter,Asia Pacific,Retail,Paid Search,0,45,12,46,1,0,,49
998,2025-09-17,Growth,Latin America,Finance,Referral,1,62,16,68,0,0,,129
999,2025-07-15,Starter,North America,Retail,Referral,1,64,21,42,4,0,,49
1000,2025-09-26,Starter,Europe,Finance,Partner,1,61,16,45,2,0,,49
1001,2025-02-25,Starter,Europe,Education,Paid Search,0,70,5,52,0,0,,49
1002,2025-12-17,Growth,Asia Pacific,Finance,Outbound Sales,1,29,11,50,2,0,,129
1003,2026-04-09,Starter,Latin America,SaaS,Paid Search,1,30,18,49,0,0,,49
1004,2024-10-31,Growth,Asia Pacific,Finance,Partner,1,87,13,73,0,1,2025-11-01,129
1005,2026-05-08,Starter,Latin America,Healthcare,Partner,1,75,27,85,1,0,,49
1006,2026-02-15,Enterprise,Asia Pacific,Healthcare,Referral,1,22,20,26,0,1,2026-06-30,399
1007,2024-12-24,Enterprise,North America,Healthcare,Partner,1,67,19,15,1,0,,399
1008,2025-05-10,Starter,Europe,Retail,Outbound Sales,1,40,22,57,0,0,,49
1009,2026-04-13,Growth,Latin America,Retail,Referral,1,91,6,40,3,1,2026-08-13,129
1010,2026-07-29,Starter,North America,SaaS,Partner,0,31,19,50,0,0,,49
1011,2026-03-24,Growth,Latin America,Healthcare,Partner,1,70,37,26,0,0,,129
1012,2026-08-01,Enterprise,Asia Pacific,Healthcare,Referral,0,61,16,53,2,0,,399
1013,2026-01-25,Growth,North America,Retail,Partner,0,44,25,57,1,0,,129
1014,2024-12-21,Starter,Asia Pacific,SaaS,Referral,1,21,24,72,2,0,,49
1015,2025-05-26,Growth,Asia Pacific,Retail,Outbound Sales,1,6,14,75,2,0,,129
1016,2025-07-30,Enterprise,Latin America,Retail,Paid Search,1,61,5,50,1,0,,399
1017,2026-05-15,Starter,North America,Manufacturing,Partner,1,24,12,88,1,1,2026-06-30,49
1018,2025-08-20,Growth,Asia Pacific,Manufacturing,Partner,0,39,29,30,1,0,,129
1019,2026-01-21,Growth,Latin America,SaaS,Partner,1,40,31,71,0,0,,129
1020,2026-03-10,Starter,Asia Pacific,Finance,Outbound Sales,1,45,19,58,1,0,,49
1021,2025-03-03,Starter,Europe,SaaS,Referral,1,43,14,52,3,0,,49
1022,2024-11-28,Starter,Asia Pacific,Education,Outbound Sales,1,76,20,76,2,0,,49
1023,2026-08-06,Enterprise,Asia Pacific,Healthcare,Paid Search,1,20,19,73,1,1,2026-09-24,399
1024,2025-07-02,Growth,Europe,SaaS,Outbound Sales,1,30,22,71,0,0,,129
1025,2025-04-10,Starter,Asia Pacific,Education,Referral,0,47,12,16,1,0,,49
1026,2025-09-13,Starter,Asia Pacific,Retail,Organic,1,44,19,66,4,1,2026-07-22,49
1027,2024-11-13,Growth,North America,Finance,Partner,1,14,9,76,0,0,,129
1028,2026-05-18,Growth,Europe,Finance,Outbound Sales,1,46,14,47,1,0,,129
1029,2025-12-21,Enterprise,Latin America,Finance,Partner,0,44,16,49,0,0,,399
1030,2025-02-02,Starter,Europe,Manufacturing,Referral,1,61,29,49,2,0,,49
1031,2025-06-17,Enterprise,North America,Retail,Referral,1,50,11,100,0,0,,399
1032,2025-02-23,Starter,Asia Pacific,Manufacturing,Referral,1,67,3,79,1,0,,49
1033,2026-02-14,Enterprise,Asia Pacific,Manufacturing,Organic,0,45,20,63,0,0,,399
1034,2025-02-27,Growth,Latin America,Education,Referral,0,62,1,71,0,0,,129
1035,2026-08-24,Starter,North America,Manufacturing,Partner,0,31,14,40,0,0,,49
1036,2025-04-05,Starter,Asia Pacific,Healthcare,Outbound Sales,0,48,11,77,0,0,,49
1037,2026-03-24,Starter,Latin America,Retail,Paid Search,0,30,2,93,2,1,2026-07-06,49
1038,2026-04-04,Starter,North America,SaaS,Organic,1,52,3,39,0,1,2026-07-12,49
1039,2025-12-29,Growth,Asia Pacific,Manufacturing,Outbound Sales,1,73,17,70,1,0,,129
1040,2026-03-08,Starter,Asia Pacific,SaaS,Paid Search,0,59,10,67,1,0,,49
1041,2026-02-25,Starter,Latin America,Education,Outbound Sales,1,49,8,54,1,0,,49
1042,2025-07-06,Starter,Europe,Finance,Referral,1,66,15,53,2,0,,49
1043,2026-02-09,Growth,Latin America,Finance,Outbound Sales,1,41,17,72,1,0,,129
1044,2026-05-17,Starter,Europe,SaaS,Partner,1,30,21,31,0,0,,49
1045,2025-03-27,Starter,Latin America,SaaS,Referral,1,31,13,37,2,0,,49
1046,2025-11-26,Starter,Latin America,Manufacturing,Paid Search,1,64,21,39,2,0,,49
1047,2025-05-13,Growth,Latin America,Education,Partner,0,43,21,67,1,0,,129
1048,2026-07-05,Enterprise,North America,Finance,Paid Search,1,65,12,57,0,0,,399
1049,2026-04-03,Starter,Asia Pacific,SaaS,Referral,1,24,10,96,1,0,,49
1050,2025-03-18,Growth,North America,Finance,Referral,1,34,6,57,2,0,,129
1051,2025-01-09,Growth,Asia Pacific,Retail,Outbound Sales,0,61,34,48,1,0,,129
1052,2025-08-08,Starter,Asia Pacific,SaaS,Partner,1,73,7,88,0,0,,49
1053,2025-12-28,Growth,North America,Finance,Outbound Sales,1,14,12,79,2,0,,129
1054,2025-10-13,Growth,Latin America,Education,Organic,1,53,10,71,2,0,,129
1055,2026-04-02,Growth,Latin America,Manufacturing,Partner,1,38,8,57,1,0,,129
1056,2025-07-30,Starter,Europe,Education,Referral,1,77,12,61,1,0,,49
1057,2024-11-01,Starter,Asia Pacific,Finance,Outbound Sales,1,38,24,59,0,0,,49
1058,2025-08-15,Growth,Asia Pacific,Retail,Paid Search,0,58,29,46,1,0,,129
1059,2025-08-31,Growth,North America,Retail,Outbound Sales,1,73,18,35,1,0,,129
1060,2026-06-23,Enterprise,North America,Finance,Paid Search,1,29,26,53,2,0,,399
1061,2026-06-15,Growth,Latin America,Retail,Paid Search,1,1,6,76,2,0,,129
1062,2026-09-05,Growth,Asia Pacific,Education,Paid Search,1,56,1,57,1,0,,129
1063,2026-03-15,Starter,Europe,Finance,Referral,1,44,16,43,0,0,,49
1064,2025-03-31,Starter,Asia Pacific,Finance,Referral,0,63,3,73,1,1,2025-12-14,49
1065,2026-05-04,Starter,North America,Healthcare,Paid Search,1,34,17,54,2,0,,49
1066,2026-03-09,Enterprise,Latin America,Healthcare,Paid Search,1,59,9,77,1,0,,399
1067,2025-10-18,Starter,Asia Pacific,Education,Outbound Sales,0,24,14,76,0,0,,49
1068,2025-10-05,Starter,North America,Healthcare,Paid Search,1,40,25,48,0,0,,49
1069,2026-05-18,Growth,Europe,Education,Paid Search,0,2,16,53,3,0,,129
1070,2026-05-09,Growth,Europe,Finance,Partner,0,59,18,57,3,0,,129
1071,2025-11-20,Growth,North America,Finance,Paid Search,0,66,3,70,0,0,,129
1072,2026-02-08,Starter,Asia Pacific,Finance,Outbound Sales,1,47,26,38,1,1,2026-05-31,49
1073,2025-05-11,Enterprise,Asia Pacific,SaaS,Organic,0,63,5,50,1,0,,399
1074,2025-07-01,Starter,North America,Healthcare,Organic,1,32,15,64,2,0,,49
1075,2026-06-07,Enterprise,Latin America,SaaS,Partner,1,25,17,69,1,0,,399
1076,2025-11-26,Starter,Europe,Retail,Outbound Sales,1,47,37,88,1,0,,49
1077,2025-06-26,Starter,North America,Education,Partner,1,100,15,72,1,0,,49
1078,2025-12-24,Starter,Europe,Finance,Partner,1,29,22,52,3,0,,49
1079,2024-12-13,Starter,Latin America,SaaS,Organic,1,51,22,90,0,0,,49
1080,2025-09-20,Enterprise,Latin America,Retail,Paid Search,1,36,12,66,1,0,,399
1081,2026-02-26,Growth,North America,Retail,Outbound Sales,0,45,22,52,2,0,,129
1082,2025-11-24,Starter,North America,Finance,Outbound Sales,1,23,20,50,2,0,,49
1083,2025-11-29,Growth,Latin America,Manufacturing,Referral,1,66,17,37,0,0,,129
1084,2026-09-09,Starter,Europe,Manufacturing,Partner,0,43,20,48,0,1,2026-09-30,49
1085,2026-08-28,Starter,Asia Pacific,Manufacturing,Outbound Sales,1,46,5,44,1,0,,49
1086,2025-04-03,Growth,Latin America,Education,Partner,1,66,22,56,0,1,2026-01-11,129
1087,2024-12-06,Starter,Europe,Manufacturing,Paid Search,0,54,23,64,3,0,,49
1088,2025-03-08,Starter,North America,Healthcare,Outbound Sales,1,28,16,71,4,0,,49
1089,2026-03-28,Growth,Europe,SaaS,Partner,0,41,32,78,3,0,,129
1090,2026-06-26,Starter,North America,Education,Paid Search,1,66,15,86,2,0,,49
1091,2025-10-04,Starter,Asia Pacific,Manufacturing,Referral,0,85,11,45,1,0,,49
1092,2025-02-09,Starter,North America,Healthcare,Outbound Sales,0,43,12,67,0,0,,49
1093,2026-01-23,Growth,Latin America,Retail,Referral,0,42,30,63,1,0,,129
1094,2025-02-09,Enterprise,Europe,Retail,Outbound Sales,1,59,18,48,0,0,,399
1095,2026-04-21,Growth,North America,SaaS,Outbound Sales,1,38,31,69,1,0,,129
1096,2026-02-09,Growth,Latin America,Education,Referral,1,95,14,87,0,0,,129
1097,2024-11-14,Starter,Latin America,Healthcare,Organic,1,31,28,54,0,0,,49
1098,2025-03-26,Starter,Latin America,Education,Referral,1,31,25,70,3,0,,49
1099,2025-12-23,Enterprise,North America,Healthcare,Organic,1,5,34,77,1,0,,399
1100,2026-08-31,Starter,Asia Pacific,SaaS,Outbound Sales,0,28,2,32,0,0,,49
1101,2025-04-06,Growth,Latin America,Education,Outbound Sales,1,17,2,77,2,0,,129
1102,2025-01-14,Starter,Asia Pacific,Manufacturing,Paid Search,0,54,26,33,0,0,,49
1103,2026-02-22,Growth,Asia Pacific,SaaS,Organic,1,42,26,51,3,0,,129
1104,2025-07-28,Starter,Asia Pacific,Education,Paid Search,0,54,27,39,2,0,,49
1105,2025-10-11,Growth,Europe,Healthcare,Referral,1,43,16,70,2,0,,129
1106,2026-07-30,Growth,Europe,Healthcare,Referral,1,22,14,44,1,0,,129
1107,2025-12-11,Growth,Asia Pacific,Manufacturing,Referral,1,17,20,55,0,1,2026-02-20,129
1108,2025-10-01,Growth,Asia Pacific,Retail,Organic,0,39,16,45,0,0,,129
1109,2026-09-20,Enterprise,Latin America,Manufacturing,Paid Search,1,42,18,71,2,0,,399
1110,2026-04-29,Starter,North America,Retail,Partner,1,34,10,43,0,0,,49
1111,2025-11-23,Growth,Asia Pacific,Education,Organic,1,28,15,56,0,0,,129
1112,2025-09-19,Starter,Europe,SaaS,Referral,1,25,17,59,1,0,,49
1113,2026-08-02,Enterprise,North America,Retail,Referral,1,62,13,64,0,0,,399
1114,2026-03-13,Growth,Asia Pacific,Education,Paid Search,1,3,9,45,2,1,2026-08-28,129
1115,2024-12-05,Growth,Europe,Healthcare,Organic,1,46,19,100,0,1,2025-11-16,129
1116,2025-01-08,Starter,North America,SaaS,Organic,1,37,13,72,1,0,,49
1117,2025-06-27,Growth,Europe,Manufacturing,Paid Search,1,14,20,68,1,0,,129
1118,2026-08-07,Starter,Europe,Manufacturing,Organic,1,56,16,61,1,0,,49
1119,2026-09-30,Starter,Europe,Manufacturing,Referral,1,70,16,76,3,0,,49
1120,2025-08-20,Growth,North America,Education,Partner,0,44,19,77,1,0,,129
1121,2025-06-19,Growth,Asia Pacific,Healthcare,Referral,0,23,17,70,0,0,,129
1122,2025-01-30,Starter,Europe,Retail,Organic,1,83,17,89,1,0,,49
1123,2026-01-17,Starter,Latin America,Education,Organic,1,35,16,92,0,0,,49
1124,2025-02-07,Growth,Latin America,Retail,Outbound Sales,1,73,11,67,2,0,,129
1125,2026-08-09,Starter,Asia Pacific,SaaS,Referral,0,48,30,86,2,0,,49
1126,2025-02-09,Enterprise,North America,Retail,Referral,1,94,13,85,0,0,,399
1127,2026-01-27,Growth,Latin America,Manufacturing,Paid Search,1,48,21,72,1,0,,129
1128,2025-04-18,Starter,Asia Pacific,Retail,Referral,1,74,4,46,2,0,,49
1129,2025-09-01,Starter,Asia Pacific,Retail,Paid Search,1,40,20,37,3,0,,49
1130,2024-11-28,Starter,Latin America,Retail,Referral,1,22,24,89,1,0,,49
1131,2024-12-16,Growth,Asia Pacific,Education,Referral,1,62,17,48,3,0,,129
1132,2025-09-27,Growth,Asia Pacific,Retail,Partner,1,48,25,70,1,0,,129
1133,2024-12-26,Enterprise,Latin America,Education,Referral,0,28,20,57,0,0,,399
1134,2025-08-26,Enterprise,Asia Pacific,Finance,Paid Search,0,49,13,68,2,0,,399
1135,2025-11-01,Starter,Latin America,Finance,Paid Search,0,18,10,27,1,0,,49
1136,2025-11-17,Enterprise,Asia Pacific,Retail,Outbound Sales,1,18,25,61,1,0,,399
1137,2026-01-14,Starter,Latin America,SaaS,Outbound Sales,0,56,17,67,0,0,,49
1138,2025-03-28,Enterprise,Asia Pacific,Education,Outbound Sales,1,48,18,35,0,0,,399
1139,2025-07-07,Growth,North America,Healthcare,Paid Search,1,34,14,63,2,0,,129
1140,2026-04-26,Starter,Latin America,Retail,Organic,1,24,19,40,1,0,,49
1141,2025-12-25,Starter,North America,Education,Referral,1,82,2,54,2,0,,49
1142,2026-06-01,Starter,Latin America,Retail,Partner,0,44,24,64,0,0,,49
1143,2026-09-28,Starter,North America,Finance,Partner,1,59,15,48,1,0,,49
1144,2025-05-02,Starter,Asia Pacific,Manufacturing,Paid Search,0,63,22,83,2,0,,49
1145,2025-04-22,Starter,Latin America,Finance,Organic,1,53,15,46,2,0,,49
1146,2025-04-27,Growth,Asia Pacific,Manufacturing,Paid Search,1,42,18,57,0,0,,129
1147,2025-01-18,Starter,North America,Education,Partner,1,83,19,74,0,0,,49
1148,2026-07-16,Growth,Europe,Finance,Outbound Sales,1,49,9,38,3,0,,129
1149,2025-11-25,Starter,Europe,Healthcare,Paid Search,1,74,18,59,1,0,,49
1150,2026-07-26,Starter,Asia Pacific,Manufacturing,Referral,0,50,21,55,2,0,,49
1151,2026-09-29,Starter,North America,SaaS,Partner,1,28,14,52,2,0,,49
1152,2025-07-03,Starter,Europe,Finance,Paid Search,1,40,30,78,2,0,,49
1153,2026-03-23,Starter,North America,Finance,Paid Search,1,66,29,73,3,0,,49
1154,2026-06-19,Growth,Europe,Manufacturing,Partner,0,50,20,42,1,0,,129
1155,2025-03-25,Growth,North America,SaaS,Referral,1,0,24,73,0,0,,129
1156,2025-06-24,Starter,Latin America,Manufacturing,Referral,0,55,23,67,1,0,,49
1157,2026-02-14,Starter,North America,Manufacturing,Outbound Sales,1,94,9,72,1,0,,49
1158,2026-08-14,Enterprise,Europe,Finance,Referral,1,0,21,54,1,0,,399
1159,2025-07-17,Starter,North America,Finance,Outbound Sales,1,78,21,59,1,0,,49
1160,2026-02-12,Starter,Asia Pacific,Retail,Referral,1,33,14,54,0,0,,49
1161,2025-07-18,Growth,Latin America,Education,Organic,1,60,9,71,0,0,,129
1162,2026-09-12,Starter,Asia Pacific,Education,Organic,0,36,19,63,2,0,,49
1163,2024-11-08,Growth,Asia Pacific,Education,Referral,1,65,14,63,1,0,,129
1164,2026-02-18,Starter,Latin America,Healthcare,Partner,1,27,14,53,2,0,,49
1165,2025-08-20,Growth,Asia Pacific,Manufacturing,Referral,1,82,5,38,3,0,,129
1166,2026-09-23,Enterprise,Asia Pacific,Healthcare,Organic,1,51,22,47,2,0,,399
1167,2026-05-12,Starter,Asia Pacific,Manufacturing,Paid Search,1,28,18,94,2,0,,49
1168,2025-04-09,Starter,Europe,Retail,Referral,1,46,32,71,5,1,2025-06-15,49
1169,2026-01-25,Starter,Europe,Education,Organic,1,39,21,45,0,0,,49
1170,2025-10-18,Starter,Asia Pacific,SaaS,Outbound Sales,0,55,24,73,2,0,,49
1171,2026-06-23,Starter,Latin America,Healthcare,Partner,1,72,22,87,3,0,,49
1172,2025-09-01,Starter,Europe,Manufacturing,Referral,1,27,23,43,1,0,,49
1173,2026-08-15,Starter,North America,Finance,Outbound Sales,1,76,10,64,1,0,,49
1174,2026-01-07,Starter,Europe,Education,Organic,1,83,11,78,1,0,,49
1175,2025-07-13,Starter,North America,Education,Partner,0,51,8,92,1,0,,49
1176,2026-02-09,Starter,Latin America,SaaS,Partner,1,41,18,56,2,0,,49
1177,2025-09-04,Growth,North America,Manufacturing,Outbound Sales,0,52,14,37,1,0,,129
1178,2025-05-21,Starter,Europe,Retail,Referral,1,82,23,51,1,0,,49
1179,2025-11-27,Starter,North America,Education,Organic,1,99,5,52,2,0,,49
1180,2026-03-08,Growth,Asia Pacific,Healthcare,Referral,1,27,30,46,2,0,,129
1181,2025-02-16,Growth,North America,Retail,Outbound Sales,0,84,9,74,2,0,,129
1182,2025-06-29,Starter,Europe,SaaS,Paid Search,1,57,19,54,0,0,,49
1183,2025-11-24,Growth,Europe,Finance,Outbound Sales,1,65,16,38,1,0,,129
1184,2026-06-07,Starter,North America,Finance,Partner,0,33,21,87,1,0,,49
1185,2025-11-01,Starter,Latin America,Retail,Organic,0,0,17,81,1,0,,49
1186,2026-06-10,Starter,Europe,Manufacturing,Outbound Sales,1,45,25,5,2,0,,49
1187,2025-08-28,Growth,Europe,Healthcare,Outbound Sales,1,31,18,40,0,0,,129
1188,2025-08-28,Starter,Europe,Finance,Outbound Sales,1,25,6,62,1,0,,49
1189,2024-11-21,Growth,North America,Finance,Outbound Sales,1,55,31,69,1,0,,129
1190,2026-09-04,Growth,Asia Pacific,Healthcare,Partner,0,23,29,76,0,0,,129
1191,2025-12-09,Starter,North America,Manufacturing,Paid Search,1,43,12,75,1,0,,49
1192,2025-08-07,Starter,Asia Pacific,Retail,Referral,0,39,39,46,3,0,,49
1193,2024-11-07,Enterprise,Asia Pacific,Healthcare,Organic,1,50,7,62,2,0,,399
1194,2026-06-01,Growth,Asia Pacific,Finance,Partner,1,52,22,98,0,1,2026-09-26,129
1195,2024-12-19,Starter,Europe,SaaS,Paid Search,1,7,16,45,1,0,,49
1196,2026-07-12,Starter,Latin America,Healthcare,Outbound Sales,0,71,8,48,1,0,,49
1197,2026-03-22,Starter,Latin America,Manufacturing,Partner,0,34,18,77,1,0,,49
1198,2025-08-19,Starter,Latin America,SaaS,Paid Search,1,31,16,62,1,0,,49
1199,2025-06-22,Growth,North America,Retail,Outbound Sales,1,63,9,37,0,0,,129
1200,2026-07-13,Enterprise,Europe,Education,Referral,1,34,19,52,1,0,,399
1201,2025-10-25,Enterprise,Asia Pacific,Finance,Referral,0,41,14,40,1,0,,399
1202,2025-06-11,Growth,Europe,SaaS,Referral,0,32,16,52,0,0,,129
1203,2026-08-12,Growth,Latin America,SaaS,Outbound Sales,1,54,19,71,0,0,,129
1204,2025-05-12,Starter,Latin America,Retail,Paid Search,1,50,27,21,0,0,,49
1205,2026-07-27,Growth,Latin America,Manufacturing,Partner,0,40,5,61,1,0,,129
1206,2025-07-13,Growth,Europe,SaaS,Organic,0,48,13,78,1,0,,129
1207,2026-09-24,Starter,Europe,Manufacturing,Outbound Sales,1,23,26,87,1,0,,49
1208,2026-09-05,Enterprise,Europe,Finance,Paid Search,1,49,0,84,2,0,,399
1209,2026-09-27,Growth,Asia Pacific,Education,Partner,1,43,17,47,2,0,,129
1210,2025-03-19,Growth,North America,Finance,Paid Search,1,40,11,86,1,0,,129
1211,2026-08-04,Growth,Asia Pacific,Healthcare,Outbound Sales,1,59,20,70,0,0,,129
1212,2025-02-06,Starter,Europe,Retail,Referral,1,36,25,69,1,0,,49
1213,2026-08-03,Growth,Europe,SaaS,Outbound Sales,1,55,4,76,0,0,,129
1214,2026-08-22,Starter,Europe,SaaS,Referral,1,35,26,78,1,0,,49
1215,2024-12-09,Growth,Asia Pacific,Finance,Referral,1,31,11,54,0,0,,129
1216,2025-09-11,Growth,Asia Pacific,Healthcare,Paid Search,1,43,22,61,0,0,,129
1217,2026-01-24,Enterprise,Europe,Manufacturing,Outbound Sales,1,67,15,34,2,0,,399
1218,2024-12-03,Growth,North America,Manufacturing,Partner,1,15,10,44,1,0,,129
1219,2026-06-15,Starter,Europe,SaaS,Partner,0,66,14,86,1,0,,49
1220,2025-11-07,Starter,Europe,Manufacturing,Outbound Sales,1,67,2,62,1,0,,49
1221,2025-03-13,Growth,Latin America,Healthcare,Paid Search,1,78,14,70,1,0,,129
1222,2025-01-30,Starter,Europe,Healthcare,Referral,1,49,19,58,0,0,,49
1223,2025-08-28,Growth,North America,SaaS,Partner,0,40,21,48,0,0,,129
1224,2025-09-29,Enterprise,Latin America,Healthcare,Partner,1,42,15,33,2,0,,399
1225,2025-12-29,Growth,Asia Pacific,SaaS,Outbound Sales,1,53,28,9,0,0,,129
1226,2025-04-27,Starter,Latin America,Education,Partner,1,33,25,100,3,0,,49
1227,2025-05-23,Starter,Europe,Education,Referral,0,35,31,35,1,0,,49
1228,2025-03-14,Starter,Europe,Manufacturing,Organic,0,53,21,94,1,0,,49
1229,2026-05-05,Starter,Asia Pacific,Finance,Outbound Sales,1,91,6,62,3,0,,49
1230,2025-11-08,Growth,North America,Manufacturing,Partner,1,54,20,70,1,0,,129
1231,2026-04-26,Growth,Asia Pacific,Retail,Partner,0,37,14,54,2,0,,129
1232,2026-03-27,Starter,North America,Healthcare,Paid Search,1,54,13,87,1,0,,49
1233,2025-08-05,Starter,Latin America,Education,Paid Search,1,36,21,83,3,1,2025-11-27,49
1234,2025-07-20,Starter,Latin America,SaaS,Referral,1,39,18,56,1,0,,49
1235,2026-03-07,Starter,Latin America,SaaS,Paid Search,1,51,9,52,0,1,2026-06-20,49
1236,2025-10-11,Starter,Latin America,Retail,Paid Search,0,3,11,64,3,0,,49
1237,2025-02-24,Starter,Asia Pacific,Manufacturing,Partner,1,60,21,87,0,0,,49
1238,2026-02-21,Enterprise,Asia Pacific,Retail,Organic,1,35,18,75,1,0,,399
1239,2025-01-15,Starter,Asia Pacific,Healthcare,Partner,1,45,6,63,0,0,,49
1240,2025-03-23,Starter,Latin America,Healthcare,Outbound Sales,1,53,17,62,0,0,,49
1241,2025-06-18,Enterprise,Europe,Education,Organic,1,54,21,55,1,0,,399
1242,2026-09-22,Growth,Asia Pacific,SaaS,Referral,0,51,11,53,3,0,,129
1243,2026-09-20,Growth,Asia Pacific,Finance,Outbound Sales,1,41,13,30,2,0,,129
1244,2025-12-10,Enterprise,Asia Pacific,Finance,Paid Search,1,37,5,75,2,0,,399
1245,2026-05-23,Enterprise,Europe,Finance,Partner,1,57,12,44,0,0,,399
1246,2025-11-08,Enterprise,Asia Pacific,SaaS,Organic,1,29,25,92,1,0,,399
1247,2025-01-30,Growth,Latin America,SaaS,Organic,1,55,20,73,1,0,,129
1248,2025-12-08,Growth,Europe,Education,Outbound Sales,1,38,14,66,1,1,2026-01-14,129
1249,2025-07-27,Starter,Asia Pacific,Retail,Outbound Sales,1,0,8,57,1,0,,49
1250,2026-05-02,Growth,Latin America,Finance,Outbound Sales,1,42,9,78,0,0,,129
1251,2025-03-05,Starter,Europe,Healthcare,Outbound Sales,1,74,24,28,2,1,2025-11-22,49
1252,2025-11-11,Growth,North America,Finance,Partner,1,38,5,39,1,0,,129
1253,2026-09-18,Starter,Europe,Retail,Paid Search,0,10,14,18,2,0,,49
1254,2026-09-18,Starter,Europe,Retail,Referral,1,63,18,46,1,0,,49
1255,2025-07-25,Starter,Latin America,Retail,Organic,1,25,38,88,2,0,,49
1256,2026-06-20,Enterprise,Asia Pacific,Healthcare,Paid Search,1,32,14,86,0,0,,399
1257,2025-11-24,Starter,North America,Healthcare,Referral,0,33,15,49,2,0,,49
1258,2026-08-14,Starter,North America,Manufacturing,Referral,1,55,14,53,1,0,,49
1259,2025-11-14,Starter,Asia Pacific,Retail,Partner,1,53,19,82,1,0,,49
1260,2025-02-17,Starter,Europe,Retail,Referral,0,41,11,51,1,0,,49
1261,2026-09-21,Starter,Asia Pacific,Education,Organic,1,43,29,89,0,0,,49
1262,2025-06-26,Growth,Latin America,Retail,Paid Search,1,55,11,42,1,0,,129
1263,2026-02-24,Starter,Asia Pacific,Healthcare,Paid Search,1,65,11,65,2,0,,49
1264,2024-11-24,Starter,Europe,Manufacturing,Paid Search,0,26,17,70,1,0,,49
1265,2026-07-26,Starter,Asia Pacific,Manufacturing,Paid Search,1,43,25,56,2,0,,49
1266,2026-05-27,Enterprise,Latin America,Manufacturing,Outbound Sales,1,47,17,66,1,0,,399
1267,2025-09-30,Starter,Europe,Finance,Outbound Sales,1,53,11,93,2,0,,49
1268,2026-07-16,Growth,North America,Retail,Referral,1,39,19,55,2,0,,129
1269,2025-06-13,Growth,North America,SaaS,Outbound Sales,1,46,26,38,1,0,,129
1270,2026-08-24,Growth,North America,Education,Partner,1,23,23,23,2,0,,129
1271,2025-01-02,Starter,Asia Pacific,Retail,Referral,1,44,23,65,2,0,,49
1272,2026-08-11,Starter,Europe,Finance,Paid Search,1,41,27,78,2,0,,49
1273,2026-02-17,Starter,Europe,SaaS,Outbound Sales,1,80,19,98,2,1,2026-09-14,49
1274,2025-09-04,Growth,Asia Pacific,Manufacturing,Partner,1,48,17,79,4,0,,129
1275,2026-08-25,Starter,North America,Retail,Partner,1,9,27,61,1,0,,49
1276,2025-12-22,Growth,North America,Finance,Organic,0,49,14,45,0,0,,129
1277,2025-02-26,Starter,Europe,Education,Paid Search,1,35,19,33,1,0,,49
1278,2025-03-22,Enterprise,Latin America,Finance,Outbound Sales,1,27,23,36,2,0,,399
1279,2024-12-15,Starter,Asia Pacific,Finance,Paid Search,0,53,7,55,1,0,,49
1280,2024-12-07,Starter,Latin America,Retail,Organic,1,41,24,96,0,0,,49
1281,2025-09-06,Starter,North America,Healthcare,Outbound Sales,0,0,17,65,1,0,,49
1282,2026-03-18,Growth,Europe,Manufacturing,Partner,1,31,16,67,1,0,,129
1283,2025-02-25,Enterprise,Asia Pacific,Retail,Paid Search,0,27,7,24,0,0,,399
1284,2025-02-06,Starter,Asia Pacific,Finance,Organic,1,65,11,59,0,0,,49
1285,2025-06-27,Starter,North America,Finance,Partner,1,22,18,67,0,0,,49
1286,2026-05-03,Starter,Asia Pacific,Finance,Partner,1,24,29,82,1,0,,49
1287,2025-03-17,Growth,Asia Pacific,Manufacturing,Partner,1,86,14,56,0,0,,129
1288,2025-12-01,Starter,Asia Pacific,Education,Referral,1,48,16,33,0,0,,49
1289,2026-02-06,Starter,Asia Pacific,Retail,Partner,1,33,26,41,1,0,,49
1290,2025-11-13,Starter,Asia Pacific,Manufacturing,Paid Search,1,85,31,54,0,1,2026-09-15,49
1291,2026-01-02,Growth,Latin America,SaaS,Paid Search,1,44,9,25,3,0,,129
1292,2026-06-23,Starter,Europe,Healthcare,Outbound Sales,1,20,5,67,1,0,,49
1293,2025-04-06,Growth,Latin America,Manufacturing,Organic,1,41,18,78,1,0,,129
1294,2025-12-28,Enterprise,Asia Pacific,Retail,Organic,1,0,7,78,0,0,,399
1295,2026-08-31,Starter,Latin America,Retail,Paid Search,1,24,14,68,0,0,,49
1296,2025-02-08,Growth,Europe,Manufacturing,Referral,1,78,17,69,1,0,,129
1297,2026-03-15,Starter,Asia Pacific,Finance,Paid Search,0,50,25,52,1,0,,49
1298,2026-07-22,Starter,Asia Pacific,SaaS,Paid Search,1,48,14,52,2,0,,49
1299,2025-12-21,Growth,Latin America,Manufacturing,Organic,1,6,32,36,2,1,2026-09-17,129
1300,2025-08-12,Starter,Asia Pacific,Manufacturing,Referral,1,82,27,91,0,0,,49
1301,2024-12-02,Starter,Asia Pacific,SaaS,Outbound Sales,0,54,21,54,1,0,,49
1302,2025-11-13,Starter,Asia Pacific,Finance,Organic,0,64,0,84,4,0,,49
1303,2025-06-09,Growth,Europe,Manufacturing,Referral,1,11,24,37,1,0,,129
1304,2026-01-27,Enterprise,Asia Pacific,Finance,Outbound Sales,0,50,30,52,0,1,2026-06-19,399
1305,2025-06-28,Growth,Asia Pacific,Retail,Organic,1,41,25,78,2,0,,129
1306,2025-11-05,Growth,North America,Healthcare,Paid Search,0,32,11,73,1,0,,129
1307,2025-02-08,Starter,North America,Finance,Partner,1,22,13,59,0,0,,49
1308,2025-11-10,Growth,Latin America,Finance,Referral,1,17,19,38,2,0,,129
1309,2026-05-10,Growth,Asia Pacific,Healthcare,Paid Search,1,82,20,39,1,0,,129
1310,2026-08-21,Starter,North America,Education,Referral,1,41,12,45,0,0,,49
1311,2025-11-01,Growth,Europe,Healthcare,Outbound Sales,0,68,14,50,2,0,,129
1312,2024-12-31,Growth,Europe,Education,Outbound Sales,1,62,11,38,3,0,,129
1313,2025-12-11,Starter,Latin America,Healthcare,Referral,1,62,31,80,2,0,,49
1314,2025-08-08,Starter,Asia Pacific,SaaS,Referral,0,59,24,52,5,0,,49
1315,2025-05-12,Enterprise,Asia Pacific,Finance,Partner,0,52,23,35,4,1,2025-08-12,399
1316,2026-02-07,Enterprise,Asia Pacific,Education,Paid Search,0,66,21,68,1,0,,399
1317,2025-01-31,Starter,Latin America,Finance,Outbound Sales,1,60,18,58,0,0,,49
1318,2026-09-08,Growth,Europe,Healthcare,Partner,1,34,11,93,1,0,,129
1319,2025-06-04,Starter,North America,Healthcare,Organic,1,53,26,58,1,0,,49
1320,2026-08-18,Starter,Latin America,Finance,Partner,1,8,11,61,2,0,,49
1321,2026-08-15,Enterprise,Europe,Healthcare,Referral,1,19,28,64,1,0,,399
1322,2026-07-03,Starter,Latin America,Retail,Referral,0,39,21,59,1,0,,49
1323,2024-11-20,Starter,Europe,Retail,Partner,0,33,16,74,6,1,2025-01-14,49
1324,2025-10-06,Growth,Latin America,Retail,Referral,1,67,11,46,0,0,,129
1325,2025-07-06,Starter,Latin America,Healthcare,Partner,1,32,9,63,2,0,,49
1326,2025-03-07,Growth,Europe,Finance,Paid Search,0,37,18,47,0,0,,129
1327,2026-05-31,Enterprise,Asia Pacific,Healthcare,Organic,1,40,15,0,1,0,,399
1328,2025-05-28,Starter,Europe,Manufacturing,Partner,1,33,13,14,1,0,,49
1329,2025-01-08,Starter,Asia Pacific,Healthcare,Partner,1,75,17,32,0,0,,49
1330,2026-05-20,Starter,North America,Manufacturing,Paid Search,1,56,37,72,2,0,,49
1331,2025-05-30,Growth,Asia Pacific,Finance,Paid Search,1,81,1,40,0,0,,129
1332,2026-06-22,Growth,Europe,SaaS,Paid Search,1,0,8,77,1,0,,129
1333,2025-06-08,Enterprise,North America,Manufacturing,Outbound Sales,1,40,16,56,0,0,,399
1334,2025-06-25,Starter,Asia Pacific,Retail,Partner,0,40,20,35,0,0,,49
1335,2025-10-01,Enterprise,Europe,Finance,Referral,1,37,16,71,0,0,,399
1336,2025-03-30,Growth,Asia Pacific,Retail,Referral,1,53,20,97,1,0,,129
1337,2026-07-02,Growth,Europe,Education,Partner,1,28,21,62,1,0,,129
1338,2024-11-01,Starter,Asia Pacific,Education,Partner,1,37,13,43,1,0,,49
1339,2025-08-09,Growth,Europe,Retail,Referral,1,32,26,64,3,0,,129
1340,2025-03-27,Growth,Latin America,Education,Partner,1,15,18,51,1,0,,129
1341,2025-03-12,Enterprise,Latin America,Education,Paid Search,1,48,8,81,1,0,,399
1342,2026-05-06,Growth,Europe,Retail,Partner,1,44,13,88,2,0,,129
1343,2025-07-13,Starter,Europe,Manufacturing,Referral,1,66,23,81,1,0,,49
1344,2025-04-26,Growth,Europe,Education,Outbound Sales,1,38,22,36,1,0,,129
1345,2025-02-19,Growth,North America,SaaS,Organic,1,32,6,45,4,0,,129
1346,2026-09-06,Growth,North America,Education,Paid Search,1,42,6,74,1,0,,129
1347,2024-11-25,Growth,Europe,Education,Paid Search,1,54,10,53,1,0,,129
1348,2025-03-13,Growth,North America,Retail,Paid Search,1,63,20,82,1,0,,129
1349,2024-11-14,Starter,Latin America,Manufacturing,Partner,1,64,19,74,0,0,,49
1350,2025-10-31,Starter,Latin America,Education,Paid Search,1,41,30,0,2,1,2026-03-31,49
1351,2026-06-24,Starter,Latin America,Education,Paid Search,0,16,30,71,0,0,,49
1352,2025-09-26,Growth,Asia Pacific,Education,Organic,1,42,28,31,1,0,,129
1353,2024-11-15,Starter,Asia Pacific,Retail,Organic,1,71,22,62,1,0,,49
1354,2025-04-26,Starter,Latin America,Finance,Referral,1,36,22,30,1,0,,49
1355,2025-07-28,Starter,Latin America,Finance,Outbound Sales,0,55,22,14,1,0,,49
1356,2024-12-22,Starter,North America,SaaS,Paid Search,1,0,15,86,2,0,,49
1357,2025-03-08,Starter,Latin America,Healthcare,Organic,1,33,6,68,2,0,,49
1358,2026-01-04,Growth,Latin America,Retail,Partner,1,17,27,58,2,0,,129
1359,2026-04-21,Starter,Europe,Education,Partner,1,28,31,33,0,0,,49
1360,2025-02-23,Starter,Asia Pacific,SaaS,Referral,0,38,16,59,2,0,,49
1361,2025-01-03,Starter,Asia Pacific,Retail,Paid Search,1,49,22,61,1,0,,49
1362,2026-03-01,Starter,Europe,Finance,Outbound Sales,1,29,9,49,1,0,,49
1363,2026-02-01,Growth,Europe,Manufacturing,Partner,1,50,4,65,2,0,,129
1364,2025-11-04,Growth,North America,Finance,Partner,1,37,21,28,0,0,,129
1365,2026-04-08,Starter,Latin America,Healthcare,Partner,1,6,23,51,0,0,,49
1366,2026-06-29,Starter,Asia Pacific,SaaS,Outbound Sales,0,65,17,47,1,0,,49
1367,2025-02-18,Starter,Asia Pacific,Education,Partner,0,28,14,13,2,0,,49
1368,2026-02-04,Growth,North America,Education,Referral,1,62,31,30,2,0,,129
1369,2026-03-29,Starter,Europe,Retail,Partner,0,25,14,80,1,0,,49
1370,2025-06-13,Growth,North America,Healthcare,Partner,0,107,34,89,1,0,,129
1371,2026-07-21,Growth,North America,Healthcare,Referral,1,36,28,53,0,0,,129
1372,2024-12-13,Starter,Asia Pacific,Manufacturing,Referral,1,52,20,62,3,0,,49
1373,2026-09-04,Starter,Latin America,Healthcare,Organic,1,56,10,54,0,0,,49
1374,2026-04-16,Starter,Europe,Finance,Paid Search,1,49,21,63,0,0,,49
1375,2025-09-03,Growth,Asia Pacific,Manufacturing,Organic,1,40,26,68,1,0,,129
1376,2026-02-11,Growth,Asia Pacific,Retail,Organic,1,24,15,90,2,0,,129
1377,2026-08-19,Starter,Latin America,Healthcare,Referral,0,39,11,72,1,0,,49
1378,2024-11-30,Starter,North America,SaaS,Outbound Sales,1,59,19,49,1,0,,49
1379,2024-12-31,Starter,Europe,SaaS,Partner,0,66,19,39,2,0,,49
1380,2026-03-04,Growth,Europe,Healthcare,Paid Search,1,48,16,100,1,0,,129
1381,2025-12-15,Starter,Asia Pacific,Education,Organic,1,33,23,100,1,0,,49
1382,2026-01-09,Starter,North America,Healthcare,Outbound Sales,1,22,22,50,2,0,,49
1383,2025-02-17,Growth,Europe,Healthcare,Outbound Sales,1,20,12,79,2,0,,129
1384,2026-03-16,Enterprise,Europe,Healthcare,Paid Search,1,62,9,93,1,0,,399
1385,2026-01-27,Starter,Asia Pacific,SaaS,Organic,1,23,23,56,0,0,,49
1386,2025-01-13,Growth,Europe,SaaS,Partner,1,33,34,60,0,0,,129
1387,2025-01-20,Starter,Europe,Education,Partner,1,43,9,54,1,0,,49
1388,2025-09-24,Enterprise,Latin America,Retail,Paid Search,1,64,19,23,0,0,,399
1389,2026-07-14,Starter,Asia Pacific,Finance,Paid Search,1,29,32,67,1,0,,49
1390,2025-03-30,Starter,Europe,Education,Organic,1,45,19,31,2,0,,49
1391,2025-01-05,Starter,North America,SaaS,Organic,0,48,7,56,0,0,,49
1392,2025-03-08,Starter,Europe,Retail,Outbound Sales,1,51,21,80,2,0,,49
1393,2025-08-07,Starter,Europe,Manufacturing,Partner,1,61,0,56,1,0,,49
1394,2026-07-31,Enterprise,Asia Pacific,Manufacturing,Partner,0,63,24,47,0,1,2026-09-19,399
1395,2025-11-24,Growth,Asia Pacific,Education,Organic,1,46,19,59,2,0,,129
1396,2026-07-03,Growth,Latin America,SaaS,Outbound Sales,1,23,19,54,2,0,,129
1397,2026-04-26,Enterprise,Europe,SaaS,Organic,1,19,28,77,5,0,,399
1398,2025-08-27,Growth,North America,SaaS,Partner,0,66,26,82,1,0,,129
1399,2026-02-06,Starter,North America,Healthcare,Organic,1,4,23,70,1,0,,49
1400,2026-03-31,Growth,Europe,SaaS,Outbound Sales,0,4,21,89,2,0,,129
1401,2026-07-11,Starter,Europe,Finance,Organic,1,26,8,58,1,0,,49
1402,2026-01-13,Growth,Latin America,SaaS,Partner,1,62,11,91,0,1,2026-03-09,129
1403,2025-02-24,Growth,Latin America,Retail,Referral,1,28,17,30,1,0,,129
1404,2026-08-31,Growth,Asia Pacific,Finance,Outbound Sales,1,48,17,59,1,0,,129
1405,2026-08-27,Growth,Asia Pacific,Education,Organic,1,59,16,82,0,0,,129
1406,2026-05-17,Growth,North America,Healthcare,Referral,0,65,29,32,1,0,,129
1407,2025-06-07,Growth,Latin America,Education,Referral,1,47,29,52,2,0,,129
1408,2026-01-13,Starter,Asia Pacific,Retail,Referral,1,53,26,43,2,0,,49
1409,2026-02-04,Growth,Asia Pacific,Finance,Organic,1,68,13,64,1,0,,129
1410,2025-06-20,Starter,Latin America,Finance,Paid Search,1,29,19,61,2,0,,49
1411,2025-12-27,Growth,Latin America,Healthcare,Organic,1,59,31,64,2,0,,129
1412,2025-10-12,Starter,Asia Pacific,Retail,Organic,1,43,12,48,0,0,,49
1413,2026-02-06,Growth,Latin America,SaaS,Outbound Sales,1,54,26,70,4,0,,129
1414,2025-12-12,Growth,Europe,Healthcare,Outbound Sales,1,71,30,39,1,0,,129
1415,2025-12-29,Starter,Europe,Retail,Paid Search,1,54,1,73,3,0,,49
1416,2025-02-04,Starter,North America,Education,Partner,1,72,15,68,0,0,,49
1417,2025-09-15,Enterprise,North America,Education,Paid Search,1,73,20,86,1,1,2026-05-21,399
1418,2025-09-15,Growth,Latin America,Retail,Organic,0,17,22,77,0,0,,129
1419,2026-09-11,Growth,North America,Finance,Paid Search,1,76,41,73,0,0,,129
1420,2025-07-18,Starter,Europe,Finance,Partner,1,50,36,77,1,1,2026-02-24,49
1421,2025-04-04,Growth,Asia Pacific,SaaS,Partner,0,65,24,52,0,0,,129
1422,2026-02-27,Enterprise,Europe,SaaS,Outbound Sales,0,22,5,62,1,0,,399
1423,2025-01-06,Starter,Latin America,Healthcare,Organic,0,62,25,57,0,0,,49
1424,2025-01-31,Enterprise,Latin America,Healthcare,Organic,1,63,4,59,2,0,,399
1425,2025-01-25,Enterprise,North America,Education,Paid Search,1,67,30,45,2,0,,399
1426,2025-02-02,Growth,Europe,Retail,Referral,0,37,28,68,0,0,,129
1427,2026-01-15,Growth,Asia Pacific,Education,Organic,1,61,33,12,3,0,,129
1428,2025-02-05,Starter,Europe,Retail,Referral,1,19,2,51,3,0,,49
1429,2025-11-15,Starter,North America,Healthcare,Partner,1,36,22,77,1,0,,49
1430,2025-03-12,Growth,Latin America,Retail,Partner,1,40,32,88,1,0,,129
1431,2026-05-22,Starter,North America,Healthcare,Paid Search,1,34,27,91,1,0,,49
1432,2024-12-30,Enterprise,Asia Pacific,Manufacturing,Paid Search,1,59,23,58,1,0,,399
1433,2026-06-22,Growth,North America,Healthcare,Organic,1,52,7,59,0,0,,129
1434,2026-05-28,Starter,Latin America,SaaS,Referral,1,51,12,77,1,0,,49
1435,2026-05-28,Growth,Europe,Healthcare,Organic,1,36,19,74,3,0,,129
1436,2025-10-02,Starter,Latin America,Manufacturing,Outbound Sales,1,43,12,85,1,0,,49
1437,2026-09-16,Growth,North America,Manufacturing,Referral,1,80,16,75,1,0,,129
1438,2025-03-04,Starter,North America,Retail,Partner,1,58,11,84,1,0,,49
1439,2025-12-24,Enterprise,Latin America,Manufacturing,Partner,1,39,27,56,0,0,,399
1440,2025-10-27,Growth,Asia Pacific,Manufacturing,Organic,0,28,8,77,0,1,2026-06-30,129
1441,2024-12-21,Starter,Europe,Retail,Organic,1,40,15,46,2,0,,49
1442,2025-08-20,Starter,Asia Pacific,Manufacturing,Organic,1,18,20,29,2,0,,49
1443,2026-07-06,Growth,Asia Pacific,Finance,Organic,1,20,7,51,3,0,,129
1444,2025-09-14,Starter,Asia Pacific,Manufacturing,Referral,1,52,27,90,1,0,,49
1445,2025-10-25,Starter,Asia Pacific,Finance,Outbound Sales,0,39,21,62,0,0,,49
1446,2025-02-13,Starter,Europe,Retail,Organic,1,33,20,67,1,0,,49
1447,2026-06-13,Starter,Latin America,Education,Partner,1,44,27,73,0,0,,49
1448,2026-04-02,Starter,Asia Pacific,Education,Referral,1,51,16,30,1,0,,49
1449,2025-06-04,Starter,Asia Pacific,Retail,Organic,1,19,16,56,1,0,,49
1450,2025-04-06,Enterprise,Latin America,Education,Outbound Sales,1,50,16,72,2,0,,399
1451,2026-09-02,Enterprise,Europe,Education,Paid Search,1,20,16,95,1,0,,399
1452,2026-03-07,Growth,Latin America,SaaS,Referral,1,29,10,48,1,0,,129
1453,2025-06-16,Starter,Europe,SaaS,Partner,1,85,28,39,2,0,,49
1454,2025-02-17,Starter,Asia Pacific,Finance,Paid Search,1,41,11,45,0,0,,49
1455,2025-10-23,Enterprise,Europe,SaaS,Outbound Sales,1,40,19,85,2,0,,399
1456,2026-05-22,Enterprise,North America,Healthcare,Outbound Sales,1,50,3,68,0,0,,399
1457,2025-11-10,Starter,North America,Healthcare,Partner,1,59,15,51,0,0,,49
1458,2025-02-24,Starter,North America,Retail,Referral,1,43,9,85,0,0,,49
1459,2025-08-11,Starter,Europe,Retail,Outbound Sales,0,36,12,48,0,0,,49
1460,2026-06-09,Starter,Latin America,Education,Outbound Sales,1,78,0,55,2,0,,49
1461,2025-06-18,Growth,Asia Pacific,Retail,Partner,1,35,16,68,2,0,,129
1462,2026-01-12,Starter,North America,Manufacturing,Partner,1,76,5,91,3,0,,49
1463,2026-05-27,Growth,North America,Healthcare,Outbound Sales,1,42,5,13,0,1,2026-09-13,129
1464,2026-07-20,Starter,Europe,Education,Organic,1,53,33,57,0,0,,49
1465,2026-09-21,Growth,Europe,Retail,Referral,1,42,26,55,0,0,,129
1466,2026-08-19,Growth,Latin America,Finance,Paid Search,1,65,10,55,1,0,,129
1467,2026-05-23,Starter,Latin America,Healthcare,Referral,1,75,21,72,2,0,,49
1468,2024-11-25,Starter,North America,Healthcare,Paid Search,1,54,14,82,3,0,,49
1469,2026-07-15,Enterprise,Asia Pacific,Finance,Referral,1,54,18,53,2,0,,399
1470,2026-09-03,Starter,North America,Finance,Paid Search,1,41,12,51,2,0,,49
1471,2025-07-30,Growth,Europe,Manufacturing,Referral,1,34,32,61,0,0,,129
1472,2024-11-28,Growth,Europe,SaaS,Organic,0,21,15,19,1,0,,129
1473,2025-05-02,Starter,Asia Pacific,Healthcare,Outbound Sales,1,2,0,62,2,0,,49
1474,2025-08-05,Starter,Asia Pacific,Finance,Outbound Sales,1,44,32,66,0,0,,49
1475,2025-09-11,Growth,North America,Education,Partner,1,51,12,69,1,0,,129
1476,2025-10-12,Starter,Asia Pacific,Retail,Paid Search,0,43,9,87,3,0,,49
1477,2025-10-24,Growth,Asia Pacific,Healthcare,Referral,1,74,15,69,2,0,,129
1478,2024-11-05,Starter,Europe,Education,Partner,1,67,6,100,1,0,,49
1479,2025-05-03,Enterprise,Latin America,Manufacturing,Outbound Sales,1,22,26,96,3,0,,399
1480,2025-03-25,Growth,Asia Pacific,Healthcare,Partner,0,51,13,52,1,0,,129
1481,2026-06-01,Starter,Asia Pacific,Finance,Organic,1,13,20,62,1,0,,49
1482,2026-09-03,Growth,North America,Education,Partner,1,35,7,65,1,0,,129
1483,2025-12-14,Starter,Europe,Finance,Referral,0,25,25,58,2,0,,49
1484,2025-01-09,Growth,Asia Pacific,SaaS,Partner,1,59,9,51,1,0,,129
1485,2025-03-24,Starter,North America,Retail,Organic,1,37,19,50,0,0,,49
1486,2026-08-09,Enterprise,North America,Retail,Referral,0,79,32,75,1,0,,399
1487,2024-11-30,Enterprise,North America,Manufacturing,Paid Search,1,65,18,74,3,0,,399
1488,2025-01-31,Growth,Europe,Retail,Referral,1,78,22,49,1,0,,129
1489,2026-04-26,Starter,Asia Pacific,Healthcare,Organic,1,81,8,83,1,0,,49
1490,2025-06-07,Starter,Asia Pacific,Retail,Partner,0,80,18,20,1,1,2026-01-15,49
1491,2026-01-02,Starter,Asia Pacific,Healthcare,Outbound Sales,0,49,19,66,0,0,,49
1492,2026-02-06,Growth,North America,Finance,Outbound Sales,1,48,5,76,2,0,,129
1493,2025-10-14,Starter,Asia Pacific,Finance,Paid Search,1,24,19,60,0,0,,49
1494,2025-04-09,Starter,Asia Pacific,Retail,Paid Search,1,56,22,69,0,0,,49
1495,2025-11-12,Growth,Asia Pacific,Retail,Partner,1,36,5,89,0,0,,129
1496,2025-09-14,Starter,Europe,Education,Organic,0,55,16,64,1,0,,49
1497,2025-09-27,Starter,Latin America,Retail,Outbound Sales,1,46,15,43,1,0,,49
1498,2026-06-03,Starter,North America,Finance,Outbound Sales,1,23,16,76,1,1,2026-09-17,49
1499,2025-01-24,Starter,Latin America,Healthcare,Referral,1,44,6,86,1,0,,49
1500,2024-12-22,Growth,North America,Manufacturing,Organic,0,64,13,88,3,0,,129
1501,2025-04-07,Enterprise,Europe,Healthcare,Organic,1,87,8,77,0,0,,399
1502,2025-04-09,Starter,Asia Pacific,Retail,Paid Search,1,57,14,55,2,0,,49
1503,2026-07-24,Starter,Latin America,Manufacturing,Outbound Sales,0,67,15,82,0,0,,49
1504,2024-12-19,Growth,Latin America,Education,Referral,1,60,5,38,3,0,,129
1505,2026-09-20,Growth,Asia Pacific,Manufacturing,Paid Search,1,35,21,44,0,0,,129
1506,2025-01-21,Starter,Asia Pacific,Manufacturing,Referral,1,8,12,69,1,0,,49
1507,2025-08-04,Growth,Europe,SaaS,Organic,1,7,11,72,0,0,,129
1508,2026-01-26,Growth,Latin America,Education,Partner,1,38,27,25,1,0,,129
1509,2026-09-07,Enterprise,Latin America,Finance,Paid Search,1,89,12,30,0,0,,399
1510,2026-01-07,Starter,Latin America,Education,Partner,0,54,35,95,1,0,,49
1511,2026-03-11,Starter,Asia Pacific,Retail,Outbound Sales,1,27,14,33,1,0,,49
1512,2026-07-13,Growth,Europe,Education,Paid Search,0,75,34,72,2,0,,129
1513,2026-01-25,Starter,Latin America,SaaS,Referral,1,68,6,61,2,0,,49
1514,2025-12-28,Enterprise,Latin America,Healthcare,Referral,1,78,13,51,1,0,,399
1515,2025-08-05,Growth,Latin America,Manufacturing,Paid Search,1,28,19,67,1,0,,129
1516,2025-06-07,Enterprise,Latin America,Education,Referral,1,65,14,63,0,0,,399
1517,2026-04-07,Growth,Europe,SaaS,Referral,1,56,8,57,0,0,,129
1518,2025-02-23,Starter,North America,SaaS,Outbound Sales,1,17,3,76,0,0,,49
1519,2025-10-18,Starter,Latin America,SaaS,Partner,0,62,16,94,1,0,,49
1520,2026-01-13,Starter,North America,Retail,Organic,1,43,28,52,0,0,,49
1521,2025-02-20,Enterprise,Asia Pacific,SaaS,Outbound Sales,0,25,0,58,3,0,,399
1522,2025-08-16,Enterprise,Europe,Retail,Organic,1,39,13,68,2,0,,399
1523,2026-09-24,Growth,Europe,Retail,Outbound Sales,1,57,29,57,1,0,,129
1524,2026-09-24,Enterprise,Asia Pacific,Finance,Paid Search,1,44,21,10,2,0,,399
1525,2026-06-29,Growth,Latin America,Retail,Outbound Sales,1,58,27,91,2,0,,129
1526,2026-03-12,Enterprise,Latin America,Retail,Paid Search,1,55,23,43,2,0,,399
1527,2026-04-22,Starter,Latin America,Manufacturing,Referral,1,7,13,75,1,0,,49
1528,2026-09-13,Starter,North America,Finance,Paid Search,1,62,29,41,1,0,,49
1529,2025-09-10,Starter,Latin America,Education,Partner,1,47,28,84,4,0,,49
1530,2024-12-15,Growth,North America,Education,Referral,1,46,17,93,0,0,,129
1531,2025-06-12,Enterprise,Asia Pacific,Education,Referral,1,47,7,27,1,0,,399
1532,2025-12-08,Growth,Europe,Healthcare,Outbound Sales,1,48,16,42,2,0,,129
1533,2026-07-05,Starter,Europe,Finance,Partner,1,34,18,61,2,0,,49
1534,2024-12-25,Growth,Latin America,Manufacturing,Outbound Sales,1,63,14,79,0,0,,129
1535,2024-11-06,Enterprise,Latin America,Education,Paid Search,0,69,3,50,0,0,,399
1536,2025-05-27,Growth,Europe,Education,Outbound Sales,1,41,18,39,0,0,,129
1537,2025-09-03,Starter,Latin America,Finance,Paid Search,1,46,14,94,2,1,2026-01-19,49
1538,2025-03-19,Enterprise,Europe,Education,Outbound Sales,0,63,16,47,0,0,,399
1539,2025-07-18,Starter,Latin America,Manufacturing,Organic,1,48,18,49,3,0,,49
1540,2025-08-22,Starter,Latin America,Manufacturing,Paid Search,1,61,18,80,1,0,,49
1541,2025-09-30,Starter,Asia Pacific,Finance,Referral,1,37,9,43,4,0,,49
1542,2025-03-01,Growth,Europe,Retail,Outbound Sales,1,63,21,67,1,0,,129
1543,2024-11-06,Growth,Europe,SaaS,Partner,0,29,14,48,1,0,,129
1544,2026-03-23,Starter,Latin America,Finance,Referral,1,41,12,60,0,0,,49
1545,2026-01-13,Growth,Asia Pacific,Manufacturing,Referral,1,55,12,49,2,0,,129
1546,2025-04-27,Growth,Europe,Healthcare,Organic,1,30,16,93,1,0,,129
1547,2025-03-11,Starter,Europe,Healthcare,Partner,1,42,15,67,1,0,,49
1548,2025-11-23,Growth,Latin America,Finance,Organic,0,42,36,52,0,0,,129
1549,2026-04-28,Growth,Asia Pacific,Healthcare,Partner,1,67,9,85,0,0,,129
1550,2025-06-22,Starter,Europe,Retail,Partner,1,80,7,74,1,0,,49
1551,2026-03-26,Growth,Latin America,Finance,Paid Search,1,68,21,70,1,0,,129
1552,2026-05-25,Enterprise,Latin America,Retail,Partner,1,19,21,79,2,0,,399
1553,2026-09-14,Growth,Europe,SaaS,Outbound Sales,0,4,9,53,4,0,,129
1554,2025-10-27,Starter,Latin America,Finance,Outbound Sales,1,32,27,74,0,0,,49
1555,2025-01-11,Starter,Europe,Education,Partner,0,19,27,78,1,0,,49
1556,2025-12-10,Growth,Europe,Healthcare,Referral,0,36,7,90,0,0,,129
1557,2024-12-12,Starter,Latin America,Healthcare,Partner,1,46,24,43,0,0,,49
1558,2026-01-19,Starter,Latin America,SaaS,Paid Search,1,48,13,61,1,1,2026-02-22,49
1559,2026-02-12,Enterprise,North America,Finance,Referral,0,29,11,67,0,0,,399
1560,2025-01-17,Starter,Latin America,Education,Referral,1,52,17,76,1,0,,49
1561,2025-09-15,Growth,North America,SaaS,Outbound Sales,1,56,18,62,0,0,,129
1562,2026-06-11,Enterprise,Asia Pacific,Retail,Organic,1,46,16,58,3,0,,399
1563,2026-01-12,Growth,Asia Pacific,Healthcare,Outbound Sales,1,55,23,65,1,0,,129
1564,2026-06-09,Starter,Asia Pacific,Retail,Referral,1,59,11,74,1,0,,49
1565,2025-12-18,Growth,Asia Pacific,Healthcare,Referral,1,56,23,32,0,0,,129
1566,2026-08-16,Enterprise,Europe,Manufacturing,Organic,1,57,23,57,0,0,,399
1567,2025-12-31,Starter,North America,Manufacturing,Referral,1,32,26,100,3,0,,49
1568,2025-08-22,Enterprise,North America,Retail,Paid Search,1,60,27,47,1,0,,399
1569,2025-02-24,Starter,Europe,Education,Partner,0,74,25,72,1,0,,49
1570,2025-12-18,Starter,Latin America,Healthcare,Referral,1,24,13,49,1,0,,49
1571,2024-11-20,Starter,North America,Manufacturing,Paid Search,1,34,14,78,3,0,,49
1572,2025-09-27,Starter,Europe,SaaS,Outbound Sales,1,50,11,75,0,0,,49
1573,2025-04-23,Starter,Asia Pacific,Finance,Outbound Sales,1,53,14,44,0,0,,49
1574,2026-07-24,Growth,Europe,Education,Referral,1,47,29,74,3,0,,129
1575,2026-02-13,Growth,Europe,Retail,Organic,1,36,14,77,1,0,,129
1576,2025-11-04,Enterprise,Asia Pacific,Retail,Paid Search,1,23,13,47,1,0,,399
1577,2025-01-28,Growth,Latin America,Finance,Paid Search,1,53,3,83,1,0,,129
1578,2026-01-20,Starter,Asia Pacific,Manufacturing,Referral,1,44,14,91,0,0,,49
1579,2025-02-15,Starter,Latin America,Manufacturing,Referral,1,51,17,32,0,0,,49
1580,2025-07-06,Starter,Latin America,Education,Outbound Sales,1,57,16,64,1,0,,49
1581,2026-01-19,Growth,Latin America,Retail,Partner,1,54,13,72,0,0,,129
1582,2026-06-25,Growth,Asia Pacific,Retail,Outbound Sales,1,12,36,83,0,0,,129
1583,2025-12-14,Starter,North America,Healthcare,Referral,1,45,14,46,2,0,,49
1584,2026-04-19,Growth,Latin America,Education,Outbound Sales,1,62,12,71,0,1,2026-06-08,129
1585,2025-12-09,Growth,North America,Healthcare,Partner,1,62,31,54,1,0,,129
1586,2025-09-12,Starter,Europe,Education,Outbound Sales,1,101,12,30,0,0,,49
1587,2025-10-12,Growth,North America,Education,Paid Search,1,21,23,37,0,0,,129
1588,2025-06-13,Starter,Latin America,Education,Paid Search,1,62,25,76,0,0,,49
1589,2025-10-06,Starter,North America,Healthcare,Outbound Sales,0,57,11,59,1,0,,49
1590,2025-04-20,Starter,North America,Retail,Organic,1,33,26,76,0,0,,49
1591,2025-01-16,Growth,Asia Pacific,SaaS,Partner,1,40,25,80,2,0,,129
1592,2026-04-05,Starter,North America,Education,Outbound Sales,0,2,13,42,2,0,,49
1593,2026-08-09,Starter,Latin America,Education,Paid Search,0,10,20,72,2,0,,49
1594,2025-02-23,Enterprise,Latin America,SaaS,Paid Search,1,60,2,55,2,0,,399
1595,2026-04-26,Starter,Asia Pacific,Education,Outbound Sales,1,39,12,56,2,0,,49
1596,2026-04-05,Starter,Latin America,SaaS,Outbound Sales,1,32,11,89,3,0,,49
1597,2025-05-16,Starter,Latin America,Education,Referral,1,44,17,78,2,0,,49
1598,2025-10-22,Starter,North America,SaaS,Referral,1,49,28,53,0,0,,49
1599,2025-10-24,Starter,Latin America,Finance,Outbound Sales,1,0,34,67,1,0,,49
1600,2026-08-21,Growth,Europe,Retail,Outbound Sales,1,40,20,75,0,0,,129
1601,2025-03-30,Growth,Europe,Education,Referral,1,44,24,52,2,0,,129
1602,2025-06-28,Growth,Europe,Healthcare,Partner,0,53,23,78,0,0,,129
1603,2025-02-12,Growth,Latin America,SaaS,Organic,0,24,11,43,1,0,,129
1604,2025-03-28,Growth,North America,Education,Organic,0,48,0,83,0,0,,129
1605,2025-07-19,Growth,Europe,Education,Outbound Sales,0,79,38,71,4,0,,129
1606,2025-05-20,Enterprise,North America,SaaS,Organic,1,65,29,55,0,0,,399
1607,2025-04-25,Starter,Europe,Retail,Referral,0,54,23,52,2,0,,49
1608,2026-07-08,Starter,North America,SaaS,Outbound Sales,1,56,26,50,2,0,,49
1609,2025-04-04,Starter,Europe,Retail,Organic,1,44,11,57,1,0,,49
1610,2026-09-01,Starter,North America,Healthcare,Partner,1,36,22,61,0,1,2026-09-30,49
1611,2025-01-15,Growth,Europe,Education,Partner,1,62,9,57,2,0,,129
1612,2025-04-29,Starter,North America,Retail,Referral,1,19,17,33,1,0,,49
1613,2026-08-04,Starter,North America,Education,Paid Search,1,32,24,68,1,0,,49
1614,2026-03-19,Starter,Latin America,Finance,Paid Search,1,14,15,65,3,0,,49
1615,2026-02-17,Growth,Europe,Education,Organic,1,48,10,31,2,0,,129
1616,2026-05-30,Growth,North America,Retail,Paid Search,0,61,18,64,1,0,,129
1617,2026-06-15,Starter,Europe,Education,Outbound Sales,1,35,34,35,0,0,,49
1618,2026-02-01,Enterprise,Asia Pacific,Healthcare,Partner,0,46,23,68,1,0,,399
1619,2026-09-27,Starter,North America,Healthcare,Paid Search,1,51,14,63,1,0,,49
1620,2026-05-31,Growth,Asia Pacific,Education,Outbound Sales,1,2,8,67,2,0,,129
1621,2026-08-19,Starter,Latin America,Finance,Outbound Sales,1,36,25,53,0,0,,49
1622,2026-08-11,Starter,North America,Manufacturing,Partner,1,26,23,89,0,0,,49
1623,2026-07-31,Growth,North America,Healthcare,Outbound Sales,0,73,20,56,2,0,,129
1624,2025-09-25,Starter,Europe,Finance,Partner,1,51,13,75,1,0,,49
1625,2026-08-03,Growth,North America,Retail,Referral,1,29,10,33,0,0,,129
1626,2025-09-18,Enterprise,Asia Pacific,Manufacturing,Partner,0,58,16,56,0,0,,399
1627,2025-04-02,Enterprise,Asia Pacific,Retail,Referral,0,27,12,39,2,0,,399
1628,2026-01-23,Enterprise,Latin America,SaaS,Partner,1,64,34,46,1,0,,399
1629,2025-01-07,Growth,Latin America,Retail,Referral,0,42,21,50,1,0,,129
1630,2026-02-22,Starter,Latin America,SaaS,Organic,0,44,23,68,0,0,,49
1631,2026-01-25,Starter,North America,Healthcare,Outbound Sales,1,63,20,87,1,0,,49
1632,2026-08-07,Starter,Latin America,Manufacturing,Organic,1,42,23,61,0,0,,49
1633,2025-09-05,Starter,Asia Pacific,Healthcare,Outbound Sales,0,82,26,49,1,0,,49
1634,2025-08-07,Starter,Asia Pacific,Healthcare,Paid Search,1,0,23,74,2,0,,49
1635,2026-06-27,Starter,Latin America,Finance,Referral,0,31,27,46,3,0,,49
1636,2024-12-26,Growth,Europe,Healthcare,Outbound Sales,1,51,24,59,1,0,,129
1637,2025-10-25,Starter,North America,Manufacturing,Partner,1,33,8,61,1,0,,49
1638,2026-04-02,Starter,Asia Pacific,SaaS,Paid Search,1,58,26,53,2,0,,49
1639,2025-01-13,Growth,North America,SaaS,Outbound Sales,0,51,24,22,1,0,,129
1640,2025-09-12,Starter,North America,Education,Referral,1,71,18,68,3,0,,49
1641,2026-02-14,Enterprise,North America,Retail,Referral,0,5,10,37,3,1,2026-07-09,399
1642,2024-12-07,Growth,Europe,SaaS,Referral,1,40,19,32,0,0,,129
1643,2024-12-27,Growth,Latin America,Retail,Referral,1,56,11,69,1,1,2025-08-02,129
1644,2025-08-19,Starter,Latin America,Healthcare,Referral,1,60,24,81,1,0,,49
1645,2025-01-16,Growth,Latin America,Education,Partner,1,41,22,57,2,0,,129
1646,2026-08-21,Growth,North America,Education,Outbound Sales,1,0,22,53,1,0,,129
1647,2025-01-30,Starter,North America,Healthcare,Referral,0,50,27,47,2,0,,49
1648,2026-07-21,Starter,Latin America,Manufacturing,Outbound Sales,1,14,6,64,1,0,,49
1649,2026-06-30,Enterprise,Europe,Healthcare,Outbound Sales,1,51,14,74,2,0,,399
1650,2026-04-02,Starter,Europe,Education,Referral,1,51,13,47,4,0,,49
1651,2025-11-27,Enterprise,Europe,Finance,Outbound Sales,1,51,16,59,2,0,,399
1652,2026-02-15,Starter,Asia Pacific,Healthcare,Referral,1,8,13,87,3,0,,49
1653,2026-06-16,Enterprise,North America,Education,Partner,0,47,11,57,0,0,,399
1654,2026-05-20,Starter,Latin America,SaaS,Referral,1,36,17,77,1,0,,49
1655,2024-12-11,Growth,Latin America,Manufacturing,Partner,0,12,28,95,0,0,,129
1656,2026-02-02,Starter,Asia Pacific,Manufacturing,Organic,1,39,11,53,2,0,,49
1657,2026-06-07,Growth,Latin America,Retail,Referral,1,62,17,46,1,0,,129
1658,2026-08-28,Growth,Asia Pacific,Education,Paid Search,1,79,28,24,0,0,,129
1659,2025-05-10,Starter,Europe,Manufacturing,Outbound Sales,0,29,6,47,1,0,,49
1660,2025-09-24,Growth,Latin America,Finance,Partner,1,38,9,73,0,0,,129
1661,2026-07-11,Growth,North America,Education,Referral,1,64,16,74,3,0,,129
1662,2026-03-01,Growth,North America,Finance,Organic,1,8,26,71,0,0,,129
1663,2026-03-27,Starter,Europe,Manufacturing,Outbound Sales,1,49,9,33,1,0,,49
1664,2025-04-02,Starter,North America,Finance,Partner,1,35,16,57,0,0,,49
1665,2025-01-01,Starter,Asia Pacific,Education,Organic,1,56,23,55,1,0,,49
1666,2026-02-03,Growth,Asia Pacific,Healthcare,Paid Search,0,17,26,44,1,0,,129
1667,2025-02-12,Starter,North America,Education,Partner,0,48,35,39,0,0,,49
1668,2025-10-16,Growth,Europe,Healthcare,Referral,1,53,33,68,0,0,,129
1669,2025-01-24,Enterprise,Latin America,SaaS,Partner,1,69,15,61,1,0,,399
1670,2026-03-30,Starter,Latin America,Education,Paid Search,1,33,23,86,0,0,,49
1671,2026-08-22,Enterprise,North America,SaaS,Paid Search,1,41,32,79,0,0,,399
1672,2025-04-24,Starter,Latin America,Finance,Organic,1,37,14,47,2,0,,49
1673,2024-12-09,Starter,Europe,Finance,Paid Search,1,66,23,20,1,0,,49
1674,2025-07-10,Growth,Asia Pacific,Retail,Referral,1,20,24,80,1,0,,129
1675,2026-01-21,Starter,North America,Manufacturing,Partner,0,55,15,40,2,0,,49
1676,2026-01-22,Starter,North America,SaaS,Partner,1,52,25,59,1,0,,49
1677,2026-04-19,Growth,Asia Pacific,Retail,Organic,1,82,26,21,0,0,,129
1678,2026-04-18,Starter,North America,Healthcare,Partner,1,39,10,60,2,0,,49
1679,2026-07-16,Growth,Asia Pacific,Education,Referral,1,46,24,82,1,0,,129
1680,2025-04-10,Starter,Latin America,Healthcare,Organic,1,22,27,29,6,0,,49
1681,2025-11-06,Growth,Europe,SaaS,Organic,1,62,20,42,0,0,,129
1682,2025-11-15,Starter,Latin America,Retail,Referral,1,42,24,77,0,0,,49
1683,2025-08-15,Growth,Latin America,Retail,Referral,1,31,22,60,2,0,,129
1684,2025-11-30,Enterprise,Europe,Manufacturing,Outbound Sales,1,63,23,75,0,0,,399
1685,2025-12-22,Growth,North America,Healthcare,Paid Search,1,49,15,83,1,0,,129
1686,2025-10-11,Starter,North America,Retail,Organic,0,35,19,73,2,0,,49
1687,2026-09-25,Starter,Asia Pacific,Manufacturing,Outbound Sales,1,51,22,48,1,0,,49
1688,2026-07-04,Starter,North America,Education,Paid Search,1,26,20,100,2,0,,49
1689,2024-12-22,Starter,Asia Pacific,Healthcare,Partner,1,79,7,56,2,0,,49
1690,2026-08-07,Starter,Europe,Retail,Referral,0,28,8,55,1,0,,49
1691,2026-08-23,Starter,Asia Pacific,Finance,Organic,1,41,20,100,0,1,2026-09-27,49
1692,2025-01-05,Starter,Asia Pacific,Healthcare,Partner,1,49,8,60,1,0,,49
1693,2025-10-02,Growth,Europe,SaaS,Paid Search,1,24,25,54,2,0,,129
1694,2025-02-03,Growth,Europe,Manufacturing,Referral,0,38,4,68,1,0,,129
1695,2026-05-24,Growth,Asia Pacific,Finance,Partner,1,53,21,61,1,0,,129
1696,2026-09-24,Growth,Europe,Education,Outbound Sales,1,64,14,97,0,0,,129
1697,2025-11-29,Starter,Europe,SaaS,Outbound Sales,0,31,22,50,3,0,,49
1698,2025-08-16,Growth,Asia Pacific,Finance,Organic,1,32,12,78,0,0,,129
1699,2025-07-15,Growth,Europe,Finance,Organic,1,66,21,61,0,0,,129
1700,2026-09-02,Starter,Asia Pacific,Education,Paid Search,1,60,31,54,0,0,,49
1701,2026-07-09,Growth,Europe,Finance,Partner,1,0,0,68,0,0,,129
1702,2025-04-01,Starter,Europe,Healthcare,Organic,1,54,2,47,1,0,,49
1703,2025-10-06,Growth,Asia Pacific,Manufacturing,Paid Search,0,43,29,60,2,0,,129
1704,2025-01-21,Growth,Latin America,Manufacturing,Partner,0,12,23,73,3,0,,129
1705,2026-06-18,Starter,Europe,Retail,Outbound Sales,1,46,15,69,1,0,,49
1706,2026-09-09,Enterprise,Latin America,Finance,Referral,0,33,18,29,4,0,,399
1707,2025-03-23,Growth,Asia Pacific,Manufacturing,Partner,0,63,10,68,1,0,,129
1708,2025-10-23,Starter,Asia Pacific,Healthcare,Paid Search,1,56,33,48,2,0,,49
1709,2025-09-12,Starter,North America,SaaS,Referral,0,51,32,64,0,0,,49
1710,2026-09-01,Growth,Asia Pacific,Education,Referral,1,42,16,56,3,0,,129
1711,2026-09-08,Growth,Latin America,Manufacturing,Referral,1,69,22,71,3,0,,129
1712,2025-12-05,Starter,Europe,Manufacturing,Referral,0,8,18,47,0,0,,49
1713,2025-03-11,Growth,Europe,Finance,Paid Search,0,75,22,37,0,0,,129
1714,2026-07-01,Starter,Europe,Education,Organic,1,27,20,82,3,0,,49
1715,2025-01-24,Starter,Latin America,Education,Outbound Sales,0,17,17,70,0,0,,49
1716,2025-09-12,Starter,North America,Finance,Referral,1,51,25,54,0,0,,49
1717,2026-05-25,Starter,Latin America,Retail,Organic,1,32,11,50,0,0,,49
1718,2025-11-19,Starter,Asia Pacific,Retail,Outbound Sales,0,48,21,83,1,0,,49
1719,2026-08-19,Starter,North America,Finance,Referral,1,49,16,60,0,0,,49
1720,2025-10-01,Starter,Asia Pacific,Education,Organic,1,55,16,57,1,0,,49
1721,2025-03-09,Growth,North America,Finance,Organic,1,35,13,49,1,1,2026-03-17,129
1722,2026-04-22,Growth,North America,Finance,Partner,0,22,0,41,1,0,,129
1723,2025-02-02,Starter,Latin America,Education,Outbound Sales,1,53,17,97,1,1,2026-01-28,49
1724,2026-09-16,Starter,Latin America,Manufacturing,Paid Search,1,73,17,91,1,0,,49
1725,2026-01-06,Growth,Europe,Retail,Referral,1,80,8,41,1,0,,129
1726,2026-04-03,Enterprise,Europe,Manufacturing,Paid Search,1,71,18,81,1,0,,399
1727,2025-11-04,Starter,Latin America,Manufacturing,Outbound Sales,1,44,30,71,0,0,,49
1728,2024-11-17,Starter,Europe,Manufacturing,Organic,0,34,28,80,1,0,,49
1729,2025-11-05,Starter,Asia Pacific,Healthcare,Paid Search,1,39,18,85,0,0,,49
1730,2025-09-11,Starter,North America,Education,Partner,1,29,0,69,0,0,,49
1731,2025-05-02,Enterprise,Europe,Retail,Referral,1,83,13,72,0,0,,399
1732,2025-06-06,Enterprise,Latin America,Finance,Referral,1,42,21,60,0,0,,399
1733,2025-10-14,Growth,Europe,Retail,Outbound Sales,1,32,18,80,2,0,,129
1734,2026-03-11,Starter,North America,Education,Referral,0,60,16,62,1,0,,49
1735,2025-05-14,Starter,Latin America,Healthcare,Outbound Sales,1,42,18,78,1,0,,49
1736,2025-06-18,Starter,Latin America,SaaS,Paid Search,1,52,24,68,3,0,,49
1737,2025-03-19,Growth,North America,SaaS,Referral,0,78,14,68,1,0,,129
1738,2025-04-06,Starter,Asia Pacific,Manufacturing,Partner,0,33,19,47,1,0,,49
1739,2025-01-17,Growth,Latin America,SaaS,Outbound Sales,1,109,31,68,0,0,,129
1740,2025-08-28,Growth,Asia Pacific,Education,Outbound Sales,1,48,24,62,0,0,,129
1741,2025-02-10,Starter,Asia Pacific,Finance,Outbound Sales,1,38,14,42,1,1,2025-11-26,49
1742,2026-05-05,Enterprise,Europe,Manufacturing,Paid Search,1,36,31,69,0,0,,399
1743,2026-04-22,Starter,Europe,Education,Outbound Sales,1,25,16,20,0,0,,49
1744,2024-12-07,Starter,Europe,Retail,Outbound Sales,1,31,25,85,0,0,,49
1745,2026-09-07,Starter,Europe,Retail,Partner,1,58,24,52,0,0,,49
1746,2025-10-09,Growth,Latin America,Finance,Outbound Sales,1,51,17,66,2,0,,129
1747,2026-07-24,Growth,Europe,Finance,Paid Search,1,32,13,21,3,0,,129
1748,2025-03-13,Growth,North America,Manufacturing,Outbound Sales,1,54,23,63,2,0,,129
1749,2026-07-03,Growth,North America,Retail,Partner,0,99,34,79,1,0,,129
1750,2025-11-19,Growth,Asia Pacific,Manufacturing,Outbound Sales,1,2,13,42,1,0,,129
1751,2025-04-05,Growth,Europe,Retail,Organic,1,37,21,66,1,0,,129
1752,2025-04-14,Growth,North America,Manufacturing,Referral,0,31,12,56,3,0,,129
1753,2025-05-03,Starter,Latin America,Education,Referral,1,6,12,93,2,0,,49
1754,2026-07-31,Growth,North America,Education,Organic,1,15,4,66,2,0,,129
1755,2025-04-17,Growth,Latin America,Healthcare,Outbound Sales,1,75,14,75,4,0,,129
1756,2026-01-21,Growth,Latin America,Education,Organic,1,70,17,78,1,0,,129
1757,2024-12-13,Growth,North America,Finance,Outbound Sales,1,0,34,44,0,0,,129
1758,2025-12-24,Starter,Europe,Education,Outbound Sales,0,71,15,79,3,0,,49
1759,2025-11-07,Starter,Europe,SaaS,Paid Search,1,80,18,45,1,0,,49
1760,2026-09-22,Growth,Europe,SaaS,Partner,1,53,15,54,2,0,,129
1761,2025-06-30,Growth,Latin America,Healthcare,Referral,0,25,11,18,2,0,,129
1762,2026-01-27,Starter,Latin America,Manufacturing,Referral,1,16,29,77,2,0,,49
1763,2026-07-17,Growth,North America,SaaS,Paid Search,1,80,17,79,0,0,,129
1764,2025-08-17,Growth,Europe,SaaS,Paid Search,1,52,20,93,1,0,,129
1765,2026-02-01,Growth,North America,Manufacturing,Partner,1,37,18,39,1,0,,129
1766,2025-06-26,Starter,Asia Pacific,SaaS,Partner,1,48,11,61,0,0,,49
1767,2026-04-29,Enterprise,Latin America,Finance,Organic,0,90,19,68,1,0,,399
1768,2025-07-01,Growth,Asia Pacific,Education,Paid Search,1,64,10,46,3,0,,129
1769,2025-09-11,Starter,Asia Pacific,Manufacturing,Organic,0,32,15,69,0,0,,49
1770,2026-02-22,Starter,Latin America,Healthcare,Organic,1,58,22,70,0,0,,49
1771,2025-05-16,Starter,North America,Healthcare,Referral,1,19,13,65,1,0,,49
1772,2025-11-10,Starter,Europe,SaaS,Outbound Sales,0,72,9,83,1,0,,49
1773,2026-09-24,Enterprise,Asia Pacific,Retail,Organic,1,58,23,59,1,0,,399
1774,2026-06-06,Growth,North America,Healthcare,Organic,0,80,26,61,0,0,,129
1775,2026-01-24,Starter,Europe,Education,Referral,1,11,13,70,1,0,,49
1776,2026-02-14,Enterprise,North America,Finance,Paid Search,0,49,13,75,1,0,,399
1777,2025-08-14,Enterprise,Asia Pacific,Healthcare,Outbound Sales,0,36,17,50,3,0,,399
1778,2025-11-25,Starter,Asia Pacific,Finance,Referral,1,33,12,31,1,0,,49
1779,2026-03-28,Growth,Latin America,SaaS,Organic,1,37,16,75,1,0,,129
1780,2026-04-23,Starter,North America,Education,Partner,1,75,27,29,2,0,,49
1781,2026-01-01,Growth,North America,Retail,Organic,1,37,24,44,0,0,,129
1782,2025-04-13,Starter,Latin America,Healthcare,Paid Search,0,26,13,79,1,0,,49
1783,2025-05-22,Enterprise,North America,Manufacturing,Referral,0,20,29,16,2,0,,399
1784,2026-07-11,Starter,Europe,Manufacturing,Organic,0,36,31,76,2,0,,49
1785,2025-03-20,Growth,Asia Pacific,SaaS,Outbound Sales,1,52,36,86,3,0,,129
1786,2025-07-13,Starter,Asia Pacific,Healthcare,Partner,1,63,19,75,0,0,,49
1787,2024-12-22,Enterprise,North America,Retail,Paid Search,1,78,13,73,0,0,,399
1788,2026-08-17,Starter,Latin America,Healthcare,Referral,1,53,8,33,0,0,,49
1789,2026-03-06,Starter,North America,Healthcare,Paid Search,1,80,17,40,2,0,,49
1790,2025-11-14,Growth,Asia Pacific,Retail,Paid Search,1,65,21,54,1,0,,129
1791,2026-05-20,Starter,Asia Pacific,Manufacturing,Partner,0,39,15,54,0,0,,49
1792,2025-02-12,Starter,Europe,Healthcare,Referral,0,5,19,69,1,0,,49
1793,2026-04-11,Enterprise,Latin America,Finance,Referral,1,54,4,56,1,0,,399
1794,2025-03-06,Starter,Latin America,SaaS,Outbound Sales,0,6,3,64,1,0,,49
1795,2025-08-17,Starter,Latin America,Retail,Partner,1,27,16,34,2,0,,49
1796,2025-01-23,Starter,Latin America,Retail,Partner,1,52,15,78,2,0,,49
1797,2025-04-12,Starter,Asia Pacific,Manufacturing,Referral,0,13,28,82,0,0,,49
1798,2025-08-05,Starter,Europe,Education,Outbound Sales,0,36,6,70,1,0,,49
1799,2026-02-02,Starter,Latin America,Manufacturing,Partner,1,38,7,73,2,0,,49
1800,2026-04-08,Starter,Europe,Manufacturing,Outbound Sales,1,16,14,81,0,0,,49
1801,2025-03-29,Starter,North America,Manufacturing,Organic,1,22,24,82,2,0,,49
1802,2026-01-20,Starter,Europe,Finance,Partner,1,14,17,39,0,0,,49
1803,2025-01-31,Starter,Asia Pacific,Education,Paid Search,1,9,20,78,1,0,,49
1804,2025-06-14,Starter,Europe,Finance,Referral,1,23,13,46,1,0,,49
1805,2026-02-03,Starter,North America,Education,Organic,1,9,8,66,1,0,,49
1806,2025-10-22,Growth,North America,Healthcare,Organic,0,58,6,37,0,0,,129
1807,2024-11-26,Growth,North America,Finance,Outbound Sales,1,18,26,38,3,0,,129
1808,2025-12-28,Starter,North America,Retail,Paid Search,1,15,0,68,1,0,,49
1809,2024-12-23,Starter,Latin America,Manufacturing,Referral,1,11,32,64,0,0,,49
1810,2025-12-09,Growth,North America,Manufacturing,Paid Search,1,62,22,75,0,0,,129
1811,2026-03-28,Starter,Latin America,Finance,Organic,1,12,18,62,1,1,2026-07-31,49
1812,2025-06-28,Enterprise,Latin America,Education,Paid Search,1,69,24,37,0,0,,399
1813,2025-11-29,Starter,Europe,Education,Organic,1,45,23,69,2,0,,49
1814,2025-01-21,Growth,North America,Manufacturing,Outbound Sales,0,41,17,57,1,0,,129
1815,2025-11-17,Starter,North America,SaaS,Partner,0,42,18,42,0,0,,49
1816,2025-06-16,Starter,Asia Pacific,Healthcare,Referral,1,13,24,24,2,0,,49
1817,2024-11-27,Starter,Europe,Education,Partner,0,28,28,50,2,0,,49
1818,2025-09-21,Starter,North America,Retail,Outbound Sales,1,49,12,59,3,0,,49
1819,2025-02-08,Growth,North America,Retail,Paid Search,1,41,19,47,0,0,,129
1820,2026-08-26,Growth,Latin America,Education,Partner,1,50,20,100,0,0,,129
1821,2025-10-08,Growth,Latin America,Retail,Paid Search,1,59,21,41,2,0,,129
1822,2025-03-28,Growth,Europe,Finance,Partner,1,72,14,51,1,0,,129
1823,2025-03-19,Enterprise,North America,Finance,Outbound Sales,1,63,11,76,0,0,,399
1824,2024-12-08,Growth,North America,Manufacturing,Paid Search,1,58,9,47,0,0,,129
1825,2025-08-19,Growth,Latin America,Education,Outbound Sales,1,80,13,85,0,0,,129
1826,2026-02-25,Growth,North America,Healthcare,Partner,1,53,13,64,0,0,,129
1827,2025-03-21,Enterprise,Asia Pacific,Retail,Partner,1,40,23,36,1,0,,399
1828,2026-02-22,Enterprise,Europe,Education,Partner,1,52,25,57,2,0,,399
1829,2026-02-01,Enterprise,Latin America,Finance,Referral,1,70,9,60,1,1,2026-08-07,399
1830,2024-11-04,Enterprise,Europe,Finance,Partner,1,53,16,100,2,0,,399
1831,2025-01-19,Starter,Europe,Retail,Referral,1,48,19,62,0,0,,49
1832,2024-11-18,Enterprise,Asia Pacific,Healthcare,Outbound Sales,1,51,14,48,2,0,,399
1833,2025-07-19,Starter,North America,Retail,Outbound Sales,1,52,15,72,0,0,,49
1834,2025-06-07,Starter,North America,Retail,Organic,1,29,18,31,1,0,,49
1835,2025-04-01,Growth,Asia Pacific,SaaS,Outbound Sales,1,57,10,45,0,0,,129
1836,2026-05-14,Starter,Latin America,Education,Organic,1,38,33,74,1,0,,49
1837,2026-07-15,Growth,Europe,Manufacturing,Outbound Sales,0,78,12,30,1,0,,129
1838,2026-04-23,Growth,Asia Pacific,Finance,Outbound Sales,1,47,13,91,2,0,,129
1839,2026-01-06,Enterprise,North America,Retail,Referral,1,95,17,46,3,0,,399
1840,2025-02-20,Enterprise,Latin America,Education,Outbound Sales,1,37,11,58,1,0,,399
1841,2025-08-21,Enterprise,Europe,Education,Outbound Sales,1,36,19,35,0,1,2026-01-19,399
1842,2025-09-03,Growth,Europe,Manufacturing,Organic,0,66,21,60,5,0,,129
1843,2025-03-03,Starter,Europe,Retail,Paid Search,1,17,24,100,0,0,,49
1844,2024-12-17,Starter,Latin America,Manufacturing,Referral,1,28,22,12,1,0,,49
1845,2025-07-01,Starter,Europe,Manufacturing,Partner,1,38,9,40,0,0,,49
1846,2026-01-02,Growth,Asia Pacific,Finance,Outbound Sales,1,33,14,76,1,0,,129
1847,2026-08-15,Growth,Asia Pacific,SaaS,Outbound Sales,1,22,29,56,2,0,,129
1848,2026-07-29,Starter,Latin America,Healthcare,Organic,0,32,25,93,0,0,,49
1849,2026-02-10,Starter,Asia Pacific,Healthcare,Paid Search,0,71,12,66,3,0,,49
1850,2025-01-02,Growth,Latin America,Finance,Organic,1,64,20,60,1,0,,129
1851,2025-02-20,Growth,Asia Pacific,Retail,Paid Search,0,50,25,70,2,0,,129
1852,2026-03-25,Starter,Asia Pacific,Education,Referral,1,24,9,45,3,0,,49
1853,2026-07-03,Growth,North America,Manufacturing,Paid Search,0,60,18,64,0,0,,129
1854,2026-05-01,Starter,Europe,Finance,Partner,0,26,12,77,0,0,,49
1855,2024-11-15,Growth,Asia Pacific,Manufacturing,Partner,0,20,23,49,0,0,,129
1856,2026-08-08,Growth,Asia Pacific,Healthcare,Paid Search,0,13,10,50,3,0,,129
1857,2026-04-10,Starter,North America,Finance,Outbound Sales,1,27,29,85,0,0,,49
1858,2026-06-10,Starter,Asia Pacific,Finance,Outbound Sales,1,47,24,54,1,0,,49
1859,2025-07-04,Growth,North America,Finance,Paid Search,0,28,10,70,0,0,,129
1860,2025-03-26,Starter,Asia Pacific,Healthcare,Paid Search,1,73,13,82,1,0,,49
1861,2025-08-24,Enterprise,Europe,Retail,Outbound Sales,1,5,27,60,0,0,,399
1862,2026-01-12,Starter,Europe,SaaS,Partner,0,58,16,82,2,0,,49
1863,2024-10-31,Starter,Europe,SaaS,Referral,1,26,8,86,0,0,,49
1864,2026-07-21,Starter,Europe,Retail,Partner,1,21,14,76,2,0,,49
1865,2025-10-26,Starter,North America,Retail,Outbound Sales,0,59,3,58,1,0,,49
1866,2025-07-03,Starter,North America,Retail,Paid Search,0,42,12,93,2,0,,49
1867,2026-06-06,Starter,Europe,SaaS,Outbound Sales,1,27,28,48,1,0,,49
1868,2025-12-30,Starter,Europe,Retail,Partner,1,1,20,90,1,0,,49
1869,2025-05-09,Starter,Asia Pacific,SaaS,Partner,1,69,17,53,2,0,,49
1870,2026-09-10,Starter,Latin America,Retail,Referral,0,51,12,43,0,0,,49
1871,2026-09-14,Growth,North America,Retail,Outbound Sales,1,50,16,66,3,0,,129
1872,2025-01-25,Starter,North America,Education,Partner,0,61,15,49,2,0,,49
1873,2026-04-19,Starter,Latin America,Manufacturing,Outbound Sales,1,52,28,79,1,0,,49
1874,2025-11-03,Enterprise,Latin America,Finance,Outbound Sales,1,36,19,53,4,0,,399
1875,2025-01-07,Growth,Asia Pacific,Education,Outbound Sales,1,13,24,59,1,0,,129
1876,2026-04-21,Growth,Europe,Retail,Partner,1,30,12,48,3,0,,129
1877,2026-05-10,Starter,Latin America,SaaS,Referral,1,64,11,73,0,0,,49
1878,2026-04-02,Enterprise,North America,Manufacturing,Outbound Sales,1,56,21,29,1,0,,399
1879,2026-04-02,Growth,North America,Finance,Paid Search,1,38,22,42,1,0,,129
1880,2026-05-20,Enterprise,Europe,Education,Partner,0,78,31,42,0,0,,399
1881,2024-11-19,Starter,Europe,Finance,Paid Search,1,42,25,39,0,0,,49
1882,2025-12-03,Starter,North America,Manufacturing,Referral,1,50,19,71,2,0,,49
1883,2026-02-23,Growth,North America,Healthcare,Paid Search,1,77,18,93,0,0,,129
1884,2024-12-13,Growth,Europe,Retail,Organic,1,42,15,35,4,0,,129
1885,2026-08-11,Growth,Asia Pacific,Healthcare,Partner,1,54,26,64,1,0,,129
1886,2025-11-30,Starter,North America,Finance,Partner,1,60,27,68,0,0,,49
1887,2025-11-16,Starter,Europe,Retail,Partner,1,56,25,67,2,0,,49
1888,2025-07-16,Enterprise,Latin America,Education,Referral,1,43,29,50,0,1,2026-09-01,399
1889,2024-11-15,Starter,Latin America,Healthcare,Partner,1,58,10,26,1,0,,49
1890,2025-10-30,Growth,Latin America,Retail,Organic,0,43,35,45,1,0,,129
1891,2025-01-07,Growth,Europe,Healthcare,Outbound Sales,1,31,6,68,0,0,,129
1892,2025-10-18,Growth,Asia Pacific,Healthcare,Partner,1,14,2,61,2,0,,129
1893,2025-07-03,Growth,Latin America,Finance,Referral,0,46,12,51,1,0,,129
1894,2026-09-02,Starter,Europe,Manufacturing,Partner,1,25,17,50,1,0,,49
1895,2026-08-04,Enterprise,Latin America,Manufacturing,Referral,1,42,29,43,1,0,,399
1896,2025-02-13,Growth,North America,Retail,Outbound Sales,1,60,2,47,1,1,2026-04-14,129
1897,2026-06-17,Starter,Europe,Manufacturing,Partner,1,25,13,62,1,0,,49
1898,2025-10-05,Growth,Latin America,Retail,Outbound Sales,1,63,14,57,0,0,,129
1899,2025-03-15,Enterprise,Europe,Finance,Paid Search,0,19,12,42,3,0,,399
1900,2024-12-14,Enterprise,North America,Finance,Partner,1,50,22,54,1,0,,399
1901,2025-10-25,Growth,North America,Healthcare,Referral,0,53,15,70,0,0,,129
1902,2026-05-12,Growth,Latin America,Manufacturing,Paid Search,1,71,20,72,1,0,,129
1903,2025-10-11,Growth,Europe,Education,Partner,1,1,16,31,1,0,,129
1904,2026-08-19,Growth,Latin America,Finance,Partner,1,27,15,50,3,0,,129
1905,2025-04-27,Growth,Latin America,SaaS,Paid Search,1,36,7,69,1,1,2026-07-26,129
1906,2026-02-17,Enterprise,North America,Finance,Paid Search,0,74,19,29,0,0,,399
1907,2026-03-04,Growth,Asia Pacific,Healthcare,Partner,1,42,23,62,2,0,,129
1908,2026-08-07,Starter,North America,SaaS,Referral,0,53,35,62,1,0,,49
1909,2025-05-04,Starter,Asia Pacific,Education,Paid Search,1,66,9,80,1,0,,49
1910,2025-03-17,Starter,Latin America,Education,Outbound Sales,1,41,16,78,2,0,,49
1911,2025-01-02,Starter,Europe,Finance,Outbound Sales,1,45,5,95,1,0,,49
1912,2026-02-10,Enterprise,North America,Manufacturing,Outbound Sales,1,53,37,58,2,0,,399
1913,2024-12-06,Enterprise,Latin America,Manufacturing,Outbound Sales,1,29,0,61,1,0,,399
1914,2025-08-26,Growth,Latin America,Healthcare,Outbound Sales,1,87,19,47,4,0,,129
1915,2025-05-24,Enterprise,Europe,Education,Organic,0,50,12,41,0,0,,399
1916,2024-12-13,Starter,Asia Pacific,Finance,Partner,1,53,18,73,2,0,,49
1917,2025-05-22,Growth,Latin America,Healthcare,Organic,1,23,16,46,2,0,,129
1918,2024-12-11,Starter,North America,Education,Outbound Sales,1,42,17,100,1,0,,49
1919,2025-09-18,Starter,Latin America,Education,Paid Search,0,35,2,64,2,0,,49
1920,2025-09-12,Starter,Latin America,Education,Partner,0,17,24,44,1,0,,49
1921,2026-04-10,Starter,North America,Manufacturing,Outbound Sales,1,41,21,66,2,0,,49
1922,2025-12-11,Growth,Asia Pacific,SaaS,Partner,1,52,14,70,0,0,,129
1923,2026-05-09,Starter,Latin America,SaaS,Partner,0,89,15,59,1,0,,49
1924,2026-02-26,Starter,Latin America,SaaS,Referral,0,48,20,41,3,0,,49
1925,2025-07-16,Starter,Latin America,SaaS,Paid Search,0,29,30,77,1,1,2025-09-02,49
1926,2026-08-23,Enterprise,North America,Finance,Paid Search,1,73,23,33,3,0,,399
1927,2025-05-13,Starter,North America,Finance,Partner,1,22,19,65,0,0,,49
1928,2025-08-18,Growth,Asia Pacific,Finance,Paid Search,1,37,14,63,1,0,,129
1929,2025-10-30,Starter,Asia Pacific,Finance,Outbound Sales,1,61,10,34,1,0,,49
1930,2024-12-17,Growth,Europe,Manufacturing,Organic,1,51,22,69,1,0,,129
1931,2026-09-01,Starter,Asia Pacific,Healthcare,Partner,0,27,8,53,1,0,,49
1932,2025-10-04,Starter,Europe,Healthcare,Paid Search,1,67,19,38,2,0,,49
1933,2025-08-05,Enterprise,Asia Pacific,SaaS,Partner,1,43,14,49,2,0,,399
1934,2025-03-06,Growth,Asia Pacific,Education,Organic,1,32,14,20,0,0,,129
1935,2025-11-10,Growth,North America,Retail,Paid Search,1,30,31,39,1,0,,129
1936,2026-01-20,Growth,Asia Pacific,Education,Paid Search,0,22,11,78,4,0,,129
1937,2025-12-13,Growth,Latin America,Healthcare,Referral,1,65,20,65,1,0,,129
1938,2026-01-23,Starter,Latin America,Retail,Partner,0,34,10,65,4,0,,49
1939,2025-11-29,Enterprise,Latin America,Education,Organic,1,23,20,34,0,0,,399
1940,2025-10-12,Starter,Asia Pacific,Finance,Paid Search,0,66,35,16,0,0,,49
1941,2025-05-09,Growth,Europe,SaaS,Organic,1,58,17,51,1,0,,129
1942,2026-03-22,Starter,North America,SaaS,Organic,1,37,15,45,0,0,,49
1943,2026-03-23,Enterprise,Europe,Finance,Partner,1,74,28,69,1,0,,399
1944,2025-11-10,Growth,Europe,Manufacturing,Referral,1,75,16,60,2,0,,129
1945,2026-04-14,Starter,Latin America,Retail,Partner,1,58,23,38,1,0,,49
1946,2025-07-30,Starter,North America,Healthcare,Referral,1,19,2,30,3,0,,49
1947,2025-01-22,Growth,North America,Finance,Partner,1,38,18,78,3,0,,129
1948,2026-01-07,Starter,Europe,SaaS,Outbound Sales,1,58,18,68,2,0,,49
1949,2025-01-18,Starter,Asia Pacific,Education,Partner,1,30,12,60,2,0,,49
1950,2026-01-13,Growth,Asia Pacific,Finance,Outbound Sales,1,31,26,69,3,0,,129
1951,2026-07-08,Enterprise,North America,Finance,Partner,1,6,23,19,1,0,,399
1952,2025-05-02,Growth,North America,Retail,Outbound Sales,1,34,13,28,1,0,,129
1953,2026-05-11,Starter,North America,Manufacturing,Outbound Sales,0,49,15,55,3,0,,49
1954,2025-08-26,Starter,North America,Retail,Partner,0,45,24,60,0,0,,49
1955,2025-09-23,Starter,Asia Pacific,Finance,Partner,1,46,10,64,0,0,,49
1956,2025-02-12,Enterprise,Latin America,SaaS,Organic,0,47,24,78,1,0,,399
1957,2025-01-19,Growth,North America,Education,Organic,1,35,14,65,1,0,,129
1958,2025-09-30,Enterprise,Latin America,Healthcare,Referral,1,64,13,79,0,0,,399
1959,2026-09-06,Starter,North America,Education,Organic,1,56,15,53,0,0,,49
1960,2025-08-28,Growth,Asia Pacific,Manufacturing,Organic,1,63,10,87,0,0,,129
1961,2025-09-08,Starter,North America,Education,Partner,0,13,21,87,1,0,,49
1962,2026-01-29,Starter,North America,Healthcare,Partner,1,28,1,61,0,1,2026-08-01,49
1963,2026-01-09,Starter,Latin America,SaaS,Organic,1,83,23,71,2,0,,49
1964,2025-04-18,Growth,Asia Pacific,Retail,Outbound Sales,1,46,14,30,1,0,,129
1965,2026-01-27,Starter,Latin America,Education,Partner,1,44,9,49,1,0,,49
1966,2025-10-24,Starter,Asia Pacific,Finance,Organic,1,68,6,58,0,0,,49
1967,2026-01-30,Enterprise,North America,SaaS,Partner,0,47,15,85,1,0,,399
1968,2024-12-12,Enterprise,Latin America,Retail,Partner,0,75,13,61,2,0,,399
1969,2025-10-26,Enterprise,Latin America,Finance,Partner,0,46,1,81,1,0,,399
1970,2026-07-21,Enterprise,Europe,Education,Outbound Sales,1,36,24,51,1,0,,399
1971,2026-01-18,Starter,Latin America,Healthcare,Referral,1,68,5,81,0,0,,49
1972,2025-08-07,Starter,North America,Healthcare,Partner,1,24,32,25,0,0,,49
1973,2026-08-15,Growth,North America,Retail,Paid Search,0,66,16,48,0,0,,129
1974,2024-12-27,Growth,Latin America,Retail,Organic,1,55,7,78,2,0,,129
1975,2025-01-14,Growth,Asia Pacific,Retail,Organic,1,60,18,66,1,0,,129
1976,2026-09-17,Starter,North America,SaaS,Organic,0,3,9,32,0,1,2026-09-30,49
1977,2026-08-13,Starter,Latin America,Healthcare,Organic,0,20,26,70,0,1,2026-09-24,49
1978,2025-11-06,Growth,Latin America,Retail,Referral,1,64,32,85,2,0,,129
1979,2026-04-08,Starter,Latin America,Manufacturing,Paid Search,0,25,5,88,0,0,,49
1980,2026-09-25,Starter,Latin America,Finance,Organic,1,78,20,75,0,0,,49
1981,2025-04-11,Growth,Asia Pacific,Finance,Referral,1,54,13,38,0,0,,129
1982,2024-11-30,Starter,Europe,Finance,Outbound Sales,1,58,15,55,0,0,,49
1983,2025-03-25,Growth,Latin America,Manufacturing,Outbound Sales,1,46,3,43,0,0,,129
1984,2026-07-14,Starter,North America,Manufacturing,Outbound Sales,1,51,8,50,3,0,,49
1985,2026-09-24,Starter,Asia Pacific,Healthcare,Paid Search,1,59,24,82,1,0,,49
1986,2026-01-21,Starter,Europe,SaaS,Partner,1,42,22,43,1,0,,49
1987,2024-12-04,Starter,Latin America,Education,Organic,1,89,18,69,2,0,,49
1988,2025-03-08,Starter,North America,Finance,Outbound Sales,1,44,26,16,0,0,,49
1989,2025-01-06,Starter,Europe,Retail,Referral,1,49,17,37,1,0,,49
1990,2025-06-28,Enterprise,North America,SaaS,Partner,1,54,17,70,1,0,,399
1991,2026-08-21,Enterprise,Europe,SaaS,Outbound Sales,1,70,4,54,0,0,,399
1992,2025-11-09,Growth,Latin America,Finance,Organic,1,46,23,55,4,0,,129
1993,2025-11-04,Growth,Europe,Manufacturing,Organic,1,59,13,64,2,0,,129
1994,2025-11-26,Growth,Asia Pacific,Education,Outbound Sales,0,53,27,31,2,0,,129
1995,2026-06-02,Starter,Latin America,Finance,Referral,1,22,31,78,2,0,,49
1996,2024-12-02,Starter,Latin America,Healthcare,Organic,1,53,31,43,1,0,,49
1997,2026-07-11,Growth,Asia Pacific,Healthcare,Outbound Sales,1,11,6,57,1,0,,129
1998,2025-04-05,Growth,North America,Education,Outbound Sales,1,70,18,46,0,1,2026-04-17,129
1999,2026-02-02,Growth,Latin America,SaaS,Outbound Sales,1,47,32,83,0,0,,129
2000,2025-11-13,Enterprise,Europe,Manufacturing,Paid Search,1,77,17,39,0,0,,399
2001,2025-11-14,Growth,Europe,Finance,Partner,1,58,28,100,3,1,2026-07-29,129
2002,2025-01-16,Starter,North America,Healthcare,Referral,0,38,21,78,1,1,2025-12-05,49
2003,2025-03-19,Starter,North America,Education,Organic,1,13,16,48,2,0,,49
2004,2026-04-25,Enterprise,Asia Pacific,Education,Partner,1,31,13,57,1,0,,399
2005,2025-11-09,Growth,Europe,Education,Partner,1,48,14,23,0,0,,129
2006,2025-12-11,Enterprise,Asia Pacific,Education,Referral,1,42,16,71,0,0,,399
2007,2025-09-16,Growth,North America,Manufacturing,Partner,1,63,8,53,1,0,,129
2008,2026-08-26,Starter,North America,Education,Referral,1,25,19,76,0,0,,49
2009,2025-08-11,Growth,Latin America,Education,Organic,1,50,18,65,2,0,,129
2010,2025-07-12,Starter,Latin America,SaaS,Referral,1,61,24,66,0,0,,49
2011,2025-02-23,Enterprise,Latin America,Healthcare,Outbound Sales,1,78,18,72,1,0,,399
2012,2024-11-25,Growth,Asia Pacific,Finance,Outbound Sales,1,47,33,51,2,0,,129
2013,2025-05-08,Starter,North America,SaaS,Outbound Sales,0,43,23,18,2,1,2026-02-17,49
2014,2026-04-13,Starter,Asia Pacific,SaaS,Partner,1,45,15,87,1,0,,49
2015,2025-11-30,Starter,Europe,Manufacturing,Referral,1,98,32,93,2,0,,49
2016,2026-05-28,Enterprise,Europe,Retail,Partner,1,62,28,24,3,0,,399
2017,2025-02-27,Starter,Latin America,Finance,Referral,0,41,5,68,2,0,,49
2018,2025-07-25,Growth,Europe,Finance,Organic,1,40,17,59,3,0,,129
2019,2025-07-23,Enterprise,Latin America,Manufacturing,Paid Search,1,37,24,51,1,0,,399
2020,2026-01-29,Growth,Europe,SaaS,Outbound Sales,1,63,10,100,2,0,,129
2021,2025-06-06,Growth,North America,Manufacturing,Organic,1,64,16,18,3,0,,129
2022,2026-07-18,Starter,Europe,SaaS,Referral,0,66,17,100,3,0,,49
2023,2025-08-18,Enterprise,Europe,SaaS,Paid Search,1,42,18,60,0,0,,399
2024,2026-03-16,Growth,Europe,Manufacturing,Organic,1,56,7,39,2,1,2026-06-05,129
2025,2025-03-04,Growth,Latin America,Education,Paid Search,1,69,3,25,1,0,,129
2026,2025-03-17,Growth,North America,Education,Organic,1,53,22,93,2,0,,129
2027,2025-01-13,Starter,Latin America,Manufacturing,Partner,1,39,3,59,2,0,,49
2028,2026-02-04,Starter,Latin America,Education,Organic,1,16,20,63,1,0,,49
2029,2025-04-24,Enterprise,Asia Pacific,Education,Paid Search,0,19,15,29,0,0,,399
2030,2026-01-28,Starter,Asia Pacific,Finance,Organic,1,14,20,79,0,0,,49
2031,2025-01-27,Growth,North America,Manufacturing,Partner,1,56,4,43,1,0,,129
2032,2026-09-28,Enterprise,North America,SaaS,Organic,1,36,23,41,1,0,,399
2033,2025-09-22,Starter,North America,Manufacturing,Referral,1,41,25,100,0,1,2026-09-28,49
2034,2025-10-20,Growth,North America,Education,Outbound Sales,1,47,12,77,3,0,,129
2035,2025-01-04,Enterprise,North America,Finance,Outbound Sales,0,75,25,42,0,0,,399
2036,2026-05-16,Growth,Asia Pacific,Finance,Partner,1,39,21,96,2,0,,129
2037,2026-05-08,Enterprise,Asia Pacific,Education,Paid Search,0,47,23,86,0,0,,399
2038,2025-08-23,Enterprise,Europe,Manufacturing,Partner,0,3,22,76,2,0,,399
2039,2025-09-02,Starter,North America,Healthcare,Paid Search,1,68,9,58,1,0,,49
2040,2025-04-09,Starter,Latin America,Finance,Referral,1,50,14,85,1,0,,49
2041,2026-08-14,Starter,North America,Education,Organic,0,60,10,57,1,0,,49
2042,2025-04-26,Starter,Europe,Finance,Organic,1,16,15,42,2,0,,49
2043,2025-11-04,Starter,Europe,SaaS,Partner,0,39,25,34,1,1,2026-08-21,49
2044,2025-06-16,Starter,Europe,Healthcare,Paid Search,0,61,14,65,1,0,,49
2045,2025-03-03,Starter,North America,SaaS,Paid Search,0,37,15,12,1,0,,49
2046,2025-05-23,Enterprise,Europe,Education,Partner,1,0,14,40,3,1,2026-08-01,399
2047,2025-03-21,Enterprise,Asia Pacific,SaaS,Referral,0,32,13,60,1,0,,399
2048,2025-06-29,Starter,Europe,Healthcare,Referral,1,40,15,51,0,0,,49
2049,2026-03-19,Enterprise,North America,Education,Partner,1,29,18,63,2,0,,399
2050,2024-11-25,Starter,North America,Healthcare,Organic,1,63,16,41,0,0,,49
2051,2025-11-03,Enterprise,Europe,Manufacturing,Partner,1,75,29,89,1,1,2026-09-12,399
2052,2026-06-08,Starter,Latin America,SaaS,Organic,0,102,23,52,1,0,,49
2053,2025-11-11,Growth,Latin America,Healthcare,Organic,1,32,4,28,2,0,,129
2054,2026-02-20,Growth,North America,Finance,Organic,0,57,13,80,1,0,,129
2055,2026-05-17,Enterprise,Europe,Retail,Partner,1,46,19,66,3,0,,399
2056,2025-03-11,Starter,North America,Manufacturing,Paid Search,0,70,27,70,0,0,,49
2057,2026-07-18,Enterprise,Asia Pacific,Manufacturing,Partner,0,35,30,41,4,0,,399
2058,2025-01-26,Enterprise,Latin America,Education,Referral,0,41,12,89,0,0,,399
2059,2025-01-05,Starter,Latin America,Healthcare,Paid Search,0,59,12,46,1,0,,49
2060,2025-09-11,Starter,North America,Manufacturing,Outbound Sales,1,14,34,87,2,0,,49
2061,2025-12-11,Growth,Asia Pacific,Finance,Organic,0,82,9,70,3,0,,129
2062,2026-03-04,Growth,Latin America,Education,Referral,0,66,28,13,4,0,,129
2063,2026-04-21,Starter,Latin America,Manufacturing,Outbound Sales,0,53,32,29,1,0,,49
2064,2025-12-24,Growth,Asia Pacific,Education,Partner,1,37,8,74,1,0,,129
2065,2025-12-23,Starter,Latin America,Retail,Referral,1,48,17,48,1,0,,49
2066,2026-06-10,Growth,Europe,Retail,Partner,1,45,2,50,1,0,,129
2067,2025-01-13,Starter,North America,SaaS,Paid Search,1,45,6,28,2,0,,49
2068,2025-03-07,Starter,Asia Pacific,Finance,Outbound Sales,1,45,35,61,1,0,,49
2069,2025-09-19,Enterprise,Asia Pacific,SaaS,Outbound Sales,1,74,13,45,0,0,,399
2070,2026-08-18,Growth,North America,Education,Organic,1,37,28,42,2,0,,129
2071,2025-01-13,Enterprise,Europe,Healthcare,Outbound Sales,1,30,15,77,2,0,,399
2072,2026-02-02,Starter,Europe,Retail,Referral,0,67,17,94,0,0,,49
2073,2026-02-19,Growth,North America,Education,Referral,1,6,27,44,1,0,,129
2074,2026-09-26,Growth,North America,Manufacturing,Paid Search,1,69,20,65,2,0,,129
2075,2026-04-12,Starter,North America,Manufacturing,Organic,1,33,28,47,1,0,,49
2076,2025-10-17,Growth,Europe,Healthcare,Organic,1,29,14,55,1,0,,129
2077,2025-03-10,Growth,North America,Retail,Paid Search,1,40,13,35,0,0,,129
2078,2026-05-17,Starter,North America,Education,Paid Search,1,42,21,76,0,0,,49
2079,2026-08-16,Growth,Asia Pacific,Manufacturing,Partner,1,35,12,100,3,0,,129
2080,2026-06-23,Enterprise,North America,Healthcare,Outbound Sales,0,47,31,45,2,0,,399
2081,2025-05-04,Growth,Latin America,Finance,Partner,1,75,17,58,1,0,,129
2082,2025-03-11,Enterprise,Latin America,Manufacturing,Outbound Sales,1,59,32,44,1,0,,399
2083,2026-01-16,Starter,Europe,SaaS,Organic,1,62,14,46,2,1,2026-06-23,49
2084,2024-12-25,Growth,North America,Finance,Partner,1,63,23,63,0,0,,129
2085,2025-03-06,Starter,Asia Pacific,Education,Outbound Sales,1,43,10,60,2,0,,49
2086,2026-04-13,Starter,North America,Education,Organic,1,21,19,71,1,0,,49
2087,2025-04-04,Growth,Europe,Education,Partner,1,31,20,52,5,0,,129
2088,2025-09-06,Growth,North America,Finance,Paid Search,1,53,26,48,0,0,,129
2089,2025-04-16,Growth,Asia Pacific,Healthcare,Paid Search,1,20,9,91,0,0,,129
2090,2025-04-13,Growth,Asia Pacific,Education,Organic,0,50,29,87,0,0,,129
2091,2025-09-25,Starter,North America,SaaS,Partner,1,48,33,78,4,0,,49
2092,2025-06-17,Starter,Europe,Education,Paid Search,0,65,19,39,3,0,,49
2093,2025-10-19,Growth,Europe,Finance,Outbound Sales,0,10,10,66,2,0,,129
2094,2026-04-14,Starter,Europe,Retail,Outbound Sales,1,46,12,64,0,0,,49
2095,2025-08-16,Growth,North America,Education,Organic,1,87,17,78,0,0,,129
2096,2025-01-18,Growth,North America,Finance,Paid Search,1,50,4,74,1,0,,129
2097,2025-07-13,Growth,North America,Manufacturing,Partner,1,28,11,52,2,0,,129
2098,2025-05-19,Growth,Asia Pacific,Retail,Organic,1,56,8,69,1,0,,129
2099,2026-08-11,Starter,Asia Pacific,Finance,Partner,0,32,24,46,4,0,,49
2100,2026-05-17,Starter,North America,SaaS,Paid Search,0,60,14,75,0,0,,49
2101,2025-08-07,Growth,Europe,SaaS,Referral,1,47,0,67,3,0,,129
2102,2025-03-07,Starter,Asia Pacific,SaaS,Outbound Sales,0,34,14,46,2,0,,49
2103,2026-08-01,Growth,Europe,Healthcare,Partner,1,18,12,94,3,0,,129
2104,2025-09-05,Growth,North America,SaaS,Outbound Sales,0,56,20,87,0,0,,129
2105,2026-07-21,Enterprise,Asia Pacific,SaaS,Referral,1,41,28,48,3,0,,399
2106,2026-04-29,Starter,Latin America,Healthcare,Outbound Sales,1,26,18,38,1,0,,49
2107,2025-02-02,Starter,North America,Education,Referral,1,24,30,60,2,0,,49
2108,2026-03-28,Growth,Asia Pacific,Education,Partner,0,80,16,70,1,0,,129
2109,2026-08-17,Starter,Europe,Finance,Paid Search,1,44,14,58,1,0,,49
2110,2025-04-20,Starter,Europe,Healthcare,Referral,1,35,12,69,1,0,,49
2111,2026-06-28,Growth,Latin America,Finance,Organic,1,53,15,100,2,0,,129
2112,2026-06-16,Growth,Latin America,Finance,Paid Search,1,55,31,57,0,0,,129
2113,2025-04-05,Starter,Asia Pacific,Finance,Referral,1,39,15,53,2,0,,49
2114,2025-04-23,Starter,Europe,Finance,Outbound Sales,1,67,26,93,0,0,,49
2115,2026-09-04,Starter,Europe,Finance,Partner,1,33,27,58,2,0,,49
2116,2026-07-31,Starter,Europe,Finance,Partner,1,76,24,65,0,0,,49
2117,2026-07-11,Growth,Europe,Healthcare,Partner,0,34,25,54,1,0,,129
2118,2025-10-10,Starter,Asia Pacific,Education,Partner,1,78,26,67,0,0,,49
2119,2026-05-30,Starter,North America,SaaS,Referral,1,34,6,86,0,0,,49
2120,2024-12-11,Starter,Europe,SaaS,Referral,1,28,28,66,0,0,,49
2121,2024-11-28,Growth,Latin America,SaaS,Paid Search,1,37,20,49,2,0,,129
2122,2025-01-21,Starter,Asia Pacific,Retail,Outbound Sales,1,34,21,38,2,0,,49
2123,2024-12-15,Enterprise,Latin America,Healthcare,Referral,1,57,26,61,1,0,,399
2124,2026-08-17,Starter,North America,Retail,Partner,0,49,15,50,2,0,,49
2125,2026-06-12,Enterprise,North America,Education,Referral,1,18,16,45,1,0,,399
2126,2025-07-28,Enterprise,Latin America,Education,Paid Search,0,32,20,28,2,0,,399
2127,2026-08-27,Growth,North America,SaaS,Outbound Sales,1,48,25,72,0,0,,129
2128,2025-06-02,Enterprise,Asia Pacific,Finance,Organic,1,44,32,68,1,0,,399
2129,2026-06-07,Growth,Europe,Finance,Referral,0,28,32,100,1,0,,129
2130,2025-12-30,Growth,Asia Pacific,SaaS,Partner,0,37,26,86,1,0,,129
2131,2026-07-24,Starter,North America,Retail,Referral,1,55,12,86,2,0,,49
2132,2026-08-15,Starter,Europe,Finance,Organic,0,50,27,53,1,0,,49
2133,2024-11-30,Growth,Asia Pacific,Finance,Outbound Sales,0,22,22,69,1,0,,129
2134,2026-03-23,Starter,North America,SaaS,Referral,1,44,5,67,0,1,2026-09-29,49
2135,2026-05-11,Growth,Europe,Healthcare,Organic,1,0,15,83,3,0,,129
2136,2025-08-22,Growth,Europe,Retail,Outbound Sales,0,36,17,66,0,0,,129
2137,2026-08-18,Starter,Latin America,Retail,Paid Search,0,23,22,0,4,0,,49
2138,2025-09-04,Starter,Latin America,Finance,Referral,0,11,26,32,0,0,,49
2139,2026-03-08,Enterprise,Europe,Retail,Referral,1,101,14,87,1,0,,399
2140,2025-07-07,Enterprise,North America,Healthcare,Paid Search,1,37,18,59,2,0,,399
2141,2025-12-19,Growth,North America,SaaS,Organic,1,49,26,50,1,0,,129
2142,2025-08-30,Enterprise,Asia Pacific,Healthcare,Outbound Sales,1,54,28,34,2,0,,399
2143,2026-02-06,Growth,Latin America,Healthcare,Organic,1,46,9,21,1,0,,129
2144,2025-01-12,Starter,North America,Manufacturing,Paid Search,1,0,17,43,1,0,,49
2145,2024-12-30,Growth,Latin America,SaaS,Partner,0,55,20,80,0,0,,129
2146,2025-04-09,Starter,North America,Healthcare,Outbound Sales,1,63,25,48,0,0,,49
2147,2026-01-23,Growth,Latin America,Finance,Outbound Sales,0,37,30,71,2,0,,129
2148,2025-12-29,Starter,Latin America,Manufacturing,Paid Search,1,39,30,34,1,0,,49
2149,2026-03-09,Growth,Europe,SaaS,Outbound Sales,0,52,19,83,1,0,,129
2150,2026-02-17,Growth,Asia Pacific,Manufacturing,Paid Search,0,17,8,88,3,0,,129
2151,2025-05-26,Enterprise,North America,Manufacturing,Paid Search,1,35,13,26,2,0,,399
2152,2025-10-13,Enterprise,Asia Pacific,Finance,Referral,1,19,19,61,1,0,,399
2153,2026-07-13,Starter,Latin America,Healthcare,Partner,1,64,21,72,0,0,,49
2154,2025-03-26,Growth,Asia Pacific,Retail,Partner,0,38,34,38,0,0,,129
2155,2025-09-15,Enterprise,North America,Education,Partner,1,35,11,64,0,0,,399
2156,2025-09-21,Starter,Europe,SaaS,Outbound Sales,1,72,9,40,1,0,,49
2157,2025-10-18,Enterprise,Asia Pacific,Finance,Partner,1,33,13,54,0,0,,399
2158,2025-12-12,Starter,Asia Pacific,Education,Referral,1,5,21,69,1,0,,49
2159,2025-03-12,Starter,Asia Pacific,Healthcare,Outbound Sales,1,21,32,72,0,0,,49
2160,2025-11-13,Growth,Europe,Retail,Referral,0,48,26,63,3,0,,129
2161,2026-04-10,Enterprise,Asia Pacific,Retail,Partner,1,56,25,94,2,0,,399
2162,2026-05-28,Enterprise,Asia Pacific,Finance,Organic,0,26,26,66,1,1,2026-07-10,399
2163,2025-09-21,Growth,North America,Healthcare,Paid Search,1,28,24,67,2,0,,129
2164,2025-07-04,Growth,North America,Education,Partner,1,24,12,41,0,0,,129
2165,2026-02-19,Starter,Europe,Education,Outbound Sales,1,53,18,70,2,0,,49
2166,2025-03-04,Enterprise,Asia Pacific,Education,Partner,1,51,20,61,1,0,,399
2167,2025-07-30,Growth,North America,Education,Referral,0,44,19,47,0,0,,129
2168,2026-02-02,Starter,Asia Pacific,Healthcare,Partner,0,24,23,22,1,0,,49
2169,2025-07-10,Starter,Asia Pacific,Finance,Outbound Sales,1,2,24,62,0,0,,49
2170,2025-03-23,Starter,Asia Pacific,Manufacturing,Referral,0,52,20,20,3,0,,49
2171,2025-02-06,Starter,Latin America,Education,Partner,1,43,16,44,0,0,,49
2172,2024-12-20,Starter,Europe,Manufacturing,Paid Search,0,27,25,54,1,0,,49
2173,2025-08-23,Growth,Asia Pacific,Education,Partner,1,78,3,85,1,0,,129
2174,2025-11-27,Growth,Asia Pacific,Finance,Partner,0,49,13,99,0,0,,129
2175,2026-07-22,Starter,Asia Pacific,Healthcare,Organic,1,54,14,71,1,0,,49
2176,2026-01-01,Starter,Latin America,Finance,Paid Search,1,70,19,54,0,0,,49
2177,2025-07-11,Starter,Europe,Finance,Paid Search,1,75,22,48,1,0,,49
2178,2025-04-11,Starter,North America,Healthcare,Referral,0,72,23,82,3,0,,49
2179,2025-09-30,Starter,Latin America,Manufacturing,Partner,1,59,9,72,1,0,,49
2180,2026-06-13,Growth,Europe,Retail,Paid Search,1,28,8,52,0,0,,129
2181,2025-09-15,Growth,Asia Pacific,Retail,Organic,1,23,21,55,1,0,,129
2182,2025-05-12,Starter,North America,Finance,Referral,1,23,14,34,0,0,,49
2183,2025-04-11,Starter,Asia Pacific,Finance,Outbound Sales,1,18,11,88,1,0,,49
2184,2026-03-24,Growth,Europe,Healthcare,Organic,1,29,14,34,2,0,,129
2185,2026-04-10,Growth,Asia Pacific,Healthcare,Organic,1,32,9,43,1,1,2026-09-06,129
2186,2026-03-24,Growth,Asia Pacific,Finance,Paid Search,1,55,51,43,0,0,,129
2187,2025-09-10,Growth,Asia Pacific,Retail,Paid Search,1,28,11,58,0,0,,129
2188,2026-03-23,Starter,North America,Manufacturing,Partner,1,44,10,40,2,1,2026-04-27,49
2189,2025-01-30,Starter,Europe,Healthcare,Organic,1,69,11,18,2,0,,49
2190,2025-12-06,Growth,North America,SaaS,Organic,1,13,6,53,2,1,2026-09-20,129
2191,2026-02-10,Growth,Latin America,Education,Paid Search,1,65,19,20,2,0,,129
2192,2025-07-03,Enterprise,Latin America,Healthcare,Organic,1,30,17,54,0,0,,399
2193,2025-06-07,Growth,Latin America,Finance,Partner,1,6,8,88,0,0,,129
2194,2026-06-19,Starter,North America,Education,Paid Search,1,65,10,100,1,0,,49
2195,2025-10-26,Growth,Latin America,Retail,Partner,1,58,13,46,0,0,,129
2196,2024-12-18,Starter,Latin America,Education,Referral,1,32,16,37,0,0,,49
2197,2024-12-20,Starter,Latin America,Healthcare,Outbound Sales,1,53,15,64,0,0,,49
2198,2025-08-14,Enterprise,Europe,Education,Outbound Sales,1,34,18,86,0,0,,399
2199,2026-03-20,Starter,Asia Pacific,SaaS,Referral,1,45,17,46,3,0,,49
2200,2026-07-03,Enterprise,Latin America,Education,Paid Search,1,53,28,50,3,0,,399
2201,2026-08-30,Growth,Europe,Education,Organic,1,43,14,65,1,0,,129
2202,2026-09-18,Growth,Asia Pacific,Manufacturing,Outbound Sales,1,36,15,41,4,0,,129
2203,2026-02-23,Starter,Latin America,Manufacturing,Referral,1,10,21,30,0,0,,49
2204,2025-08-18,Starter,North America,Finance,Referral,1,40,12,46,3,0,,49
2205,2026-05-02,Growth,Latin America,Education,Referral,1,44,11,56,1,0,,129
2206,2024-11-07,Starter,Asia Pacific,Finance,Referral,1,51,29,69,3,0,,49
2207,2025-02-17,Starter,Asia Pacific,Education,Partner,1,38,23,41,2,0,,49
2208,2026-01-14,Starter,Europe,Retail,Paid Search,0,60,18,52,0,0,,49
2209,2025-03-16,Growth,Latin America,Healthcare,Organic,1,69,16,38,2,0,,129
2210,2025-07-27,Growth,Latin America,SaaS,Organic,0,0,20,65,0,0,,129
2211,2025-11-08,Growth,Europe,Education,Paid Search,1,71,25,68,1,0,,129
2212,2025-12-16,Enterprise,Asia Pacific,Retail,Outbound Sales,0,64,29,75,2,0,,399
2213,2025-11-08,Starter,Asia Pacific,Retail,Referral,1,51,7,47,0,0,,49
2214,2024-12-15,Enterprise,Europe,Manufacturing,Organic,1,64,14,34,0,0,,399
2215,2025-12-14,Starter,North America,Education,Paid Search,1,47,21,31,1,0,,49
2216,2024-12-21,Growth,Latin America,Finance,Paid Search,1,35,5,47,0,0,,129
2217,2026-06-05,Growth,Asia Pacific,Finance,Referral,1,7,23,58,1,0,,129
2218,2026-05-28,Growth,Asia Pacific,Education,Referral,1,62,17,47,0,0,,129
2219,2025-05-17,Growth,Asia Pacific,Healthcare,Organic,1,47,27,34,0,1,2025-12-18,129
2220,2026-05-19,Starter,North America,Healthcare,Partner,1,0,1,80,2,0,,49
2221,2025-08-21,Starter,Latin America,Education,Partner,0,63,20,30,0,0,,49
2222,2025-01-13,Growth,Europe,Manufacturing,Outbound Sales,1,48,0,50,0,0,,129
2223,2025-11-29,Starter,North America,Retail,Referral,1,56,34,87,1,0,,49
2224,2026-03-30,Growth,Latin America,Manufacturing,Outbound Sales,1,36,10,47,3,0,,129
2225,2026-02-03,Starter,Latin America,Education,Partner,1,56,29,44,3,0,,49
2226,2026-05-16,Growth,North America,Healthcare,Paid Search,1,26,27,62,2,0,,129
2227,2025-08-12,Starter,North America,Manufacturing,Referral,1,23,25,85,1,0,,49
2228,2026-07-30,Growth,North America,Education,Partner,1,49,9,75,2,0,,129
2229,2026-09-26,Growth,Asia Pacific,Finance,Paid Search,1,57,20,53,1,0,,129
2230,2026-07-17,Starter,Asia Pacific,Finance,Paid Search,1,16,23,48,5,0,,49
2231,2025-02-28,Starter,Asia Pacific,SaaS,Referral,1,69,12,33,0,0,,49
2232,2025-03-10,Starter,North America,Healthcare,Outbound Sales,1,41,18,35,0,0,,49
2233,2025-02-06,Starter,North America,Education,Outbound Sales,0,40,4,84,3,0,,49
2234,2025-12-07,Starter,Asia Pacific,Retail,Paid Search,1,33,15,37,1,0,,49
2235,2025-11-16,Starter,Latin America,Retail,Partner,0,51,19,78,0,0,,49
2236,2025-10-12,Starter,North America,Education,Paid Search,1,56,31,51,2,0,,49
2237,2026-05-24,Starter,Asia Pacific,SaaS,Outbound Sales,0,45,34,69,3,0,,49
2238,2025-11-08,Growth,North America,Healthcare,Organic,1,22,9,73,4,0,,129
2239,2025-03-26,Growth,Latin America,Finance,Referral,1,23,11,72,1,0,,129
2240,2025-05-21,Enterprise,Latin America,Healthcare,Organic,0,44,23,45,0,0,,399
2241,2026-07-08,Growth,North America,Manufacturing,Outbound Sales,1,42,27,51,1,0,,129
2242,2026-04-04,Starter,Europe,SaaS,Partner,1,13,24,73,1,0,,49
2243,2025-12-15,Enterprise,Europe,Finance,Outbound Sales,1,53,13,65,1,0,,399
2244,2026-03-26,Growth,Latin America,Retail,Paid Search,0,48,26,38,1,0,,129
2245,2024-12-10,Enterprise,Asia Pacific,Retail,Partner,1,52,11,50,3,0,,399
2246,2024-12-15,Starter,Asia Pacific,Finance,Paid Search,1,21,38,34,2,0,,49
2247,2024-12-08,Growth,Asia Pacific,Education,Outbound Sales,1,78,18,53,1,0,,129
2248,2025-03-19,Enterprise,Europe,Education,Paid Search,1,100,39,100,2,0,,399
2249,2025-10-06,Growth,Europe,Healthcare,Referral,1,45,27,61,1,0,,129
2250,2026-02-27,Starter,Latin America,Healthcare,Referral,1,93,17,57,2,0,,49
2251,2026-04-14,Starter,North America,Manufacturing,Partner,0,34,11,69,1,0,,49
2252,2026-02-09,Growth,Latin America,Retail,Referral,1,60,21,37,1,0,,129
2253,2025-03-31,Starter,Asia Pacific,Manufacturing,Paid Search,1,46,20,98,2,0,,49
2254,2026-07-12,Enterprise,Latin America,Manufacturing,Organic,1,45,20,65,4,0,,399
2255,2026-04-10,Starter,Asia Pacific,SaaS,Organic,1,68,16,28,2,0,,49
2256,2025-03-22,Growth,Europe,SaaS,Referral,1,58,15,65,5,0,,129
2257,2025-09-30,Growth,Asia Pacific,Manufacturing,Organic,1,48,9,56,0,0,,129
2258,2026-07-19,Growth,Asia Pacific,Education,Referral,1,44,16,22,2,0,,129
2259,2025-09-21,Enterprise,Latin America,SaaS,Paid Search,1,79,18,15,1,0,,399
2260,2025-04-14,Growth,North America,Retail,Outbound Sales,1,80,24,81,1,0,,129
2261,2025-12-06,Growth,Latin America,Finance,Partner,1,41,15,56,0,0,,129
2262,2026-07-23,Growth,Latin America,Education,Partner,1,49,22,60,0,0,,129
2263,2025-09-01,Growth,North America,Manufacturing,Paid Search,1,66,25,85,2,0,,129
2264,2026-06-29,Starter,North America,Manufacturing,Outbound Sales,0,79,5,56,1,0,,49
2265,2025-10-09,Starter,North America,Retail,Partner,0,64,21,78,0,0,,49
2266,2026-04-02,Starter,Asia Pacific,Healthcare,Organic,1,62,19,46,0,0,,49
2267,2026-04-04,Growth,Asia Pacific,SaaS,Organic,1,49,12,58,2,0,,129
2268,2026-04-28,Growth,Asia Pacific,Education,Referral,1,34,20,69,1,0,,129
2269,2026-03-15,Growth,Asia Pacific,Retail,Paid Search,1,55,15,78,1,1,2026-09-05,129
2270,2025-09-01,Starter,Latin America,Retail,Partner,1,37,2,72,0,0,,49
2271,2026-02-28,Starter,Asia Pacific,Healthcare,Paid Search,0,36,12,46,1,0,,49
2272,2024-11-16,Growth,Latin America,Education,Outbound Sales,1,40,34,63,0,0,,129
2273,2025-11-11,Starter,North America,SaaS,Paid Search,1,37,19,91,0,0,,49
2274,2025-10-04,Starter,Latin America,Healthcare,Partner,1,58,14,30,1,0,,49
2275,2026-09-19,Starter,Europe,Retail,Paid Search,1,50,20,28,1,0,,49
2276,2025-02-19,Starter,North America,Education,Partner,1,43,20,53,1,0,,49
2277,2025-12-30,Starter,Latin America,Retail,Outbound Sales,0,47,26,72,0,0,,49
2278,2026-06-19,Growth,Asia Pacific,Education,Organic,0,19,28,57,2,0,,129
2279,2025-09-10,Enterprise,Latin America,Education,Partner,1,43,19,58,1,0,,399
2280,2026-08-05,Growth,Europe,Retail,Partner,0,6,30,52,4,1,2026-09-04,129
2281,2026-07-03,Starter,Latin America,Retail,Organic,1,47,41,79,1,0,,49
2282,2026-02-27,Starter,Europe,Education,Partner,1,19,13,81,2,0,,49
2283,2025-07-28,Starter,Latin America,Finance,Partner,1,53,8,64,0,0,,49
2284,2026-09-01,Growth,Asia Pacific,SaaS,Outbound Sales,1,18,11,36,0,0,,129
2285,2026-06-14,Growth,North America,Education,Outbound Sales,1,63,19,71,3,0,,129
2286,2026-06-13,Starter,Europe,Healthcare,Partner,1,22,26,46,0,0,,49
2287,2025-06-20,Growth,Europe,Finance,Referral,0,16,20,62,2,0,,129
2288,2024-12-21,Starter,Latin America,Manufacturing,Outbound Sales,1,54,4,39,2,0,,49
2289,2026-06-19,Starter,North America,Education,Referral,0,47,2,57,0,0,,49
2290,2026-03-05,Starter,Europe,Education,Organic,1,30,5,61,0,0,,49
2291,2025-04-22,Starter,Latin America,Healthcare,Outbound Sales,1,31,8,80,0,0,,49
2292,2026-04-19,Growth,Asia Pacific,SaaS,Paid Search,0,49,8,48,1,0,,129
2293,2026-08-05,Enterprise,North America,Manufacturing,Organic,1,67,22,58,5,0,,399
2294,2026-07-26,Growth,Latin America,Education,Organic,1,25,18,20,1,0,,129
2295,2025-11-23,Enterprise,North America,Education,Referral,0,41,24,59,0,0,,399
2296,2025-03-30,Growth,North America,Healthcare,Referral,1,26,16,69,1,0,,129
2297,2026-09-27,Growth,Europe,Healthcare,Outbound Sales,1,84,37,65,4,0,,129
2298,2025-07-05,Starter,Europe,SaaS,Partner,0,42,20,68,3,0,,49
2299,2024-12-01,Starter,Asia Pacific,Healthcare,Outbound Sales,1,42,27,100,2,0,,49
2300,2026-06-08,Starter,North America,Healthcare,Organic,1,50,17,24,1,0,,49
2301,2025-02-19,Starter,North America,Healthcare,Paid Search,0,0,12,54,1,0,,49
2302,2025-05-13,Starter,Latin America,Healthcare,Partner,1,45,13,62,1,0,,49
2303,2024-11-18,Starter,Latin America,SaaS,Paid Search,1,64,13,74,2,0,,49
2304,2026-01-24,Growth,North America,Education,Referral,1,59,18,73,2,0,,129
2305,2025-09-16,Growth,Asia Pacific,Finance,Paid Search,1,41,18,79,1,0,,129
2306,2026-01-01,Starter,Asia Pacific,SaaS,Referral,1,6,4,65,1,0,,49
2307,2025-04-03,Starter,Asia Pacific,SaaS,Organic,1,40,16,19,1,0,,49
2308,2025-12-26,Starter,Latin America,Manufacturing,Outbound Sales,1,28,15,68,3,0,,49
2309,2025-05-26,Starter,Europe,Education,Outbound Sales,1,35,17,70,0,0,,49
2310,2025-12-24,Starter,North America,Finance,Paid Search,1,71,23,98,2,0,,49
2311,2026-03-27,Starter,North America,Education,Referral,1,61,22,69,0,0,,49
2312,2026-07-18,Starter,Asia Pacific,Healthcare,Organic,0,49,21,67,0,0,,49
2313,2026-02-24,Starter,Asia Pacific,Education,Outbound Sales,1,34,17,59,1,0,,49
2314,2025-01-01,Growth,Asia Pacific,Manufacturing,Partner,1,59,24,33,2,0,,129
2315,2025-03-20,Starter,Latin America,Manufacturing,Referral,1,54,19,43,0,0,,49
2316,2026-04-14,Starter,Europe,Healthcare,Partner,1,45,16,29,1,0,,49
2317,2025-05-30,Growth,Asia Pacific,Healthcare,Outbound Sales,1,64,21,47,2,0,,129
2318,2026-05-27,Growth,Latin America,Finance,Partner,1,47,17,50,1,0,,129
2319,2025-09-27,Starter,Asia Pacific,Finance,Referral,1,38,21,57,1,0,,49
2320,2026-09-08,Growth,Europe,Education,Outbound Sales,0,52,23,79,1,0,,129
2321,2026-03-03,Starter,Europe,SaaS,Outbound Sales,1,39,18,33,2,0,,49
2322,2026-04-21,Enterprise,Latin America,Education,Outbound Sales,0,54,16,50,1,1,2026-08-25,399
2323,2025-09-16,Starter,North America,Education,Organic,0,62,16,43,0,0,,49
2324,2025-04-25,Enterprise,Latin America,Education,Paid Search,0,38,11,93,1,1,2026-01-15,399
2325,2026-04-28,Growth,Latin America,Manufacturing,Referral,1,0,2,44,1,0,,129
2326,2025-10-15,Growth,North America,Education,Paid Search,1,91,22,39,1,0,,129
2327,2026-05-12,Growth,Latin America,Education,Partner,1,50,13,60,0,0,,129
2328,2025-10-27,Starter,North America,Healthcare,Organic,1,59,16,79,0,0,,49
2329,2026-09-22,Growth,Latin America,Healthcare,Referral,1,26,14,44,0,0,,129
2330,2026-09-27,Starter,Latin America,Healthcare,Outbound Sales,1,34,13,67,0,0,,49
2331,2026-08-19,Enterprise,Europe,Healthcare,Paid Search,0,12,19,80,0,0,,399
2332,2025-07-27,Starter,North America,Retail,Organic,1,39,30,46,2,0,,49
2333,2026-07-16,Growth,North America,SaaS,Partner,1,90,20,51,2,0,,129
2334,2026-03-09,Enterprise,Asia Pacific,Retail,Partner,1,35,15,87,1,0,,399
2335,2025-05-14,Growth,Latin America,Education,Referral,0,51,15,33,2,0,,129
2336,2025-07-09,Starter,Asia Pacific,Retail,Outbound Sales,0,72,19,72,2,0,,49
2337,2025-08-11,Growth,Latin America,Education,Organic,1,33,15,65,2,0,,129
2338,2026-05-24,Starter,Asia Pacific,Manufacturing,Partner,1,80,20,57,0,0,,49
2339,2025-08-31,Starter,Asia Pacific,Finance,Paid Search,1,37,17,40,0,0,,49
2340,2025-06-17,Starter,Europe,Manufacturing,Partner,1,43,0,49,0,0,,49
2341,2025-08-30,Growth,Latin America,SaaS,Organic,1,28,16,60,1,0,,129
2342,2025-08-21,Starter,Latin America,SaaS,Referral,1,58,16,52,1,0,,49
2343,2025-05-30,Enterprise,Latin America,Education,Outbound Sales,0,0,9,66,1,0,,399
2344,2026-03-14,Enterprise,Europe,Finance,Partner,1,60,10,3,2,0,,399
2345,2025-09-19,Starter,Europe,Finance,Partner,1,42,33,61,2,0,,49
2346,2026-03-05,Starter,Latin America,Education,Paid Search,1,41,11,23,1,1,2026-07-02,49
2347,2026-05-26,Starter,Latin America,Education,Organic,1,45,0,76,3,0,,49
2348,2025-08-06,Growth,Asia Pacific,Retail,Referral,0,73,13,97,3,0,,129
2349,2025-08-20,Growth,Europe,Manufacturing,Outbound Sales,1,33,13,44,2,0,,129
2350,2025-03-03,Growth,Europe,Finance,Referral,1,34,4,67,1,0,,129
2351,2026-06-09,Growth,Europe,Finance,Partner,0,45,17,66,1,0,,129
2352,2026-09-22,Starter,Europe,Manufacturing,Paid Search,1,35,20,75,1,0,,49
2353,2026-05-09,Growth,Asia Pacific,Finance,Partner,1,39,26,100,2,0,,129
2354,2025-11-22,Growth,Asia Pacific,SaaS,Organic,0,12,32,40,1,0,,129
2355,2025-12-08,Starter,North America,Education,Organic,0,37,8,59,1,0,,49
2356,2025-10-18,Growth,Latin America,Manufacturing,Partner,1,67,8,34,1,0,,129
2357,2025-03-28,Starter,Latin America,Manufacturing,Outbound Sales,1,63,19,74,2,0,,49
2358,2025-08-23,Growth,Europe,Manufacturing,Outbound Sales,0,35,16,60,1,0,,129
2359,2024-12-12,Enterprise,Europe,Finance,Organic,1,85,15,46,1,0,,399
2360,2025-08-20,Starter,Europe,Healthcare,Paid Search,1,41,18,83,6,0,,49
2361,2025-01-18,Enterprise,Europe,SaaS,Paid Search,0,38,20,71,1,0,,399
2362,2025-10-19,Enterprise,Europe,Healthcare,Paid Search,1,40,15,53,3,0,,399
2363,2026-01-25,Enterprise,North America,Education,Referral,1,53,14,66,0,0,,399
2364,2026-09-01,Starter,North America,Manufacturing,Referral,1,55,11,52,2,0,,49
2365,2025-07-19,Growth,Latin America,Retail,Organic,0,26,18,60,0,0,,129
2366,2026-03-04,Starter,Asia Pacific,Education,Outbound Sales,1,49,22,72,1,0,,49
2367,2025-06-06,Starter,Europe,Manufacturing,Partner,0,45,16,44,0,0,,49
2368,2025-05-24,Starter,Latin America,Manufacturing,Paid Search,1,43,14,78,1,0,,49
2369,2026-05-04,Starter,Latin America,Education,Organic,1,12,17,32,2,0,,49
2370,2025-08-03,Growth,Europe,Healthcare,Partner,1,4,31,54,1,0,,129
2371,2026-05-28,Starter,Asia Pacific,Finance,Outbound Sales,1,18,23,48,0,0,,49
2372,2025-08-04,Growth,Latin America,Retail,Paid Search,1,47,12,88,3,0,,129
2373,2025-03-19,Growth,North America,Manufacturing,Partner,1,49,25,70,0,1,2025-06-12,129
2374,2026-07-22,Growth,Latin America,Education,Partner,1,16,20,80,2,0,,129
2375,2026-06-22,Growth,Latin America,Finance,Paid Search,0,65,24,59,1,0,,129
2376,2025-07-02,Starter,Latin America,Retail,Referral,1,16,16,46,1,0,,49
2377,2025-07-05,Growth,North America,Manufacturing,Paid Search,0,85,18,41,1,0,,129
2378,2024-12-20,Growth,Europe,Retail,Organic,1,19,18,81,0,0,,129
2379,2026-09-15,Growth,Latin America,SaaS,Referral,1,53,18,70,0,0,,129
2380,2026-04-26,Enterprise,Europe,SaaS,Outbound Sales,0,20,13,40,3,0,,399
2381,2025-06-18,Enterprise,Europe,Education,Paid Search,1,56,7,67,3,0,,399
2382,2026-08-14,Growth,Latin America,Healthcare,Paid Search,1,44,0,79,1,0,,129
2383,2025-06-25,Growth,Asia Pacific,Retail,Referral,1,39,8,44,1,0,,129
2384,2024-12-22,Growth,Asia Pacific,Manufacturing,Referral,0,37,0,59,1,1,2025-03-13,129
2385,2025-12-27,Starter,Latin America,SaaS,Referral,0,49,27,62,2,0,,49
2386,2025-10-03,Growth,North America,Manufacturing,Outbound Sales,1,46,15,49,3,0,,129
2387,2026-02-25,Growth,North America,Finance,Referral,0,37,15,55,2,0,,129
2388,2025-02-09,Starter,North America,Retail,Referral,1,47,16,52,0,0,,49
2389,2026-09-27,Growth,North America,Retail,Outbound Sales,1,69,30,79,0,0,,129
2390,2025-03-19,Starter,Latin America,Healthcare,Referral,1,43,15,98,1,0,,49
2391,2024-11-04,Starter,North America,Healthcare,Organic,1,50,17,50,4,0,,49
2392,2026-05-16,Enterprise,North America,Healthcare,Partner,1,40,22,27,0,0,,399
2393,2025-04-09,Starter,Asia Pacific,Healthcare,Organic,1,21,2,57,0,0,,49
2394,2025-12-20,Growth,Europe,Finance,Referral,0,21,34,43,1,0,,129
2395,2026-08-29,Starter,North America,Finance,Paid Search,1,24,5,44,0,0,,49
2396,2026-03-01,Growth,Latin America,Finance,Paid Search,1,56,27,78,0,0,,129
2397,2026-03-02,Enterprise,Asia Pacific,SaaS,Paid Search,1,50,28,50,4,0,,399
2398,2026-08-27,Starter,Asia Pacific,Retail,Referral,1,59,13,59,0,0,,49
2399,2025-05-22,Starter,Europe,Retail,Partner,1,47,17,18,0,0,,49
2400,2025-08-20,Enterprise,Asia Pacific,Retail,Outbound Sales,1,70,10,41,1,0,,399
2401,2025-09-23,Starter,Asia Pacific,Finance,Organic,1,0,13,56,3,0,,49
2402,2025-08-18,Starter,North America,Healthcare,Outbound Sales,0,57,22,91,1,0,,49
2403,2026-08-22,Starter,North America,Education,Partner,1,26,5,52,1,0,,49
2404,2024-12-29,Growth,North America,Manufacturing,Referral,1,44,25,35,0,0,,129
2405,2025-01-29,Enterprise,Latin America,Education,Outbound Sales,1,52,7,81,2,0,,399
2406,2026-08-28,Growth,Asia Pacific,Education,Partner,1,24,20,97,2,0,,129
2407,2026-06-09,Starter,North America,Retail,Paid Search,0,55,6,46,3,0,,49
2408,2025-06-24,Starter,Europe,Healthcare,Outbound Sales,0,28,14,92,2,0,,49
2409,2026-04-30,Growth,Latin America,Finance,Paid Search,1,55,25,24,1,0,,129
2410,2024-12-07,Starter,Asia Pacific,Manufacturing,Outbound Sales,1,74,14,50,2,0,,49
2411,2025-04-27,Starter,North America,Healthcare,Outbound Sales,1,47,16,68,0,0,,49
2412,2025-12-31,Starter,Europe,Retail,Referral,1,77,20,96,1,0,,49
2413,2025-04-28,Growth,Latin America,Healthcare,Referral,1,0,17,94,3,0,,129
2414,2024-12-06,Starter,Latin America,Finance,Partner,0,68,18,79,1,0,,49
2415,2025-12-10,Starter,Asia Pacific,Finance,Partner,1,41,11,88,0,0,,49
2416,2026-03-21,Enterprise,Asia Pacific,Healthcare,Organic,1,39,7,71,3,0,,399
2417,2025-05-08,Starter,Asia Pacific,Healthcare,Referral,1,18,15,75,1,0,,49
2418,2025-08-22,Starter,Latin America,Manufacturing,Partner,1,73,18,40,1,0,,49
2419,2024-12-07,Starter,Latin America,Healthcare,Partner,1,19,7,52,0,0,,49
2420,2024-11-08,Starter,Latin America,Healthcare,Paid Search,1,47,15,52,1,0,,49
2421,2025-08-31,Starter,Europe,Manufacturing,Organic,0,40,27,59,2,0,,49
2422,2026-06-03,Growth,Asia Pacific,Retail,Partner,1,65,18,7,1,0,,129
2423,2026-07-09,Starter,Latin America,Finance,Outbound Sales,1,13,23,76,1,0,,49
2424,2025-02-16,Enterprise,Europe,Manufacturing,Organic,1,71,23,28,0,0,,399
2425,2025-10-08,Starter,North America,Healthcare,Paid Search,1,35,17,41,2,0,,49
2426,2025-08-17,Enterprise,North America,SaaS,Partner,0,44,25,73,2,0,,399
2427,2026-02-07,Growth,North America,Education,Outbound Sales,0,37,17,38,0,0,,129
2428,2026-08-17,Growth,North America,Education,Partner,1,74,14,72,2,0,,129
2429,2026-05-09,Starter,North America,Retail,Organic,1,29,24,54,1,0,,49
2430,2026-04-19,Starter,Europe,Finance,Partner,0,56,1,65,2,0,,49
2431,2026-03-19,Growth,Latin America,Education,Referral,1,36,30,34,1,0,,129
2432,2025-03-16,Starter,Latin America,Education,Paid Search,1,42,14,44,2,0,,49
2433,2026-03-30,Growth,Asia Pacific,SaaS,Paid Search,0,57,6,38,2,0,,129
2434,2026-02-21,Starter,Latin America,Retail,Organic,1,62,20,40,4,0,,49
2435,2025-08-05,Growth,North America,Manufacturing,Outbound Sales,0,59,13,77,1,0,,129
2436,2025-05-15,Starter,Asia Pacific,Healthcare,Referral,1,68,26,77,1,0,,49
2437,2025-02-22,Starter,Latin America,Finance,Organic,1,82,11,8,2,0,,49
2438,2025-10-03,Starter,Europe,Finance,Organic,1,31,28,79,2,0,,49
2439,2025-04-14,Growth,Asia Pacific,SaaS,Organic,1,49,12,74,0,0,,129
2440,2026-02-11,Growth,Latin America,Manufacturing,Outbound Sales,1,75,19,75,4,0,,129
2441,2026-08-24,Growth,Asia Pacific,Healthcare,Partner,0,44,8,49,1,0,,129
2442,2025-07-20,Growth,Latin America,SaaS,Outbound Sales,1,30,24,62,0,0,,129
2443,2025-05-08,Starter,Europe,Healthcare,Paid Search,1,58,16,63,0,0,,49
2444,2024-11-13,Starter,Latin America,SaaS,Organic,1,46,27,41,1,0,,49
2445,2025-10-10,Growth,Europe,Finance,Organic,1,74,6,28,2,0,,129
2446,2025-08-28,Enterprise,Latin America,Healthcare,Partner,1,87,25,20,1,0,,399
2447,2026-06-03,Enterprise,North America,Finance,Partner,0,29,17,50,1,0,,399
2448,2026-09-20,Starter,Latin America,Education,Outbound Sales,1,59,15,64,1,0,,49
2449,2025-05-15,Starter,Latin America,Finance,Organic,1,25,17,71,1,0,,49
2450,2025-04-27,Starter,Europe,Education,Organic,0,54,24,26,2,0,,49
2451,2026-07-17,Starter,Asia Pacific,Education,Outbound Sales,1,32,19,40,0,0,,49
2452,2026-08-15,Enterprise,Asia Pacific,Education,Outbound Sales,1,64,15,81,1,0,,399
2453,2025-12-19,Growth,Asia Pacific,Education,Referral,1,56,19,54,3,0,,129
2454,2026-01-10,Starter,Europe,Manufacturing,Outbound Sales,1,30,22,84,1,0,,49
2455,2026-04-10,Growth,Europe,SaaS,Paid Search,0,56,25,84,0,0,,129
2456,2025-09-30,Starter,North America,SaaS,Organic,1,51,0,79,0,0,,49
2457,2025-01-26,Starter,North America,Education,Outbound Sales,1,73,27,76,0,0,,49
2458,2025-12-14,Starter,Europe,Manufacturing,Paid Search,1,92,12,83,0,0,,49
2459,2026-09-15,Starter,Europe,Finance,Outbound Sales,1,69,35,79,1,0,,49
2460,2025-02-04,Growth,North America,Retail,Referral,1,43,18,57,2,0,,129
2461,2025-05-07,Starter,Latin America,Education,Organic,1,33,11,49,2,0,,49
2462,2025-03-22,Growth,Europe,Finance,Outbound Sales,1,46,16,64,0,0,,129
2463,2026-03-02,Growth,Asia Pacific,Retail,Referral,1,56,32,73,0,0,,129
2464,2025-09-26,Growth,Europe,Healthcare,Partner,1,33,20,51,2,0,,129
2465,2025-07-11,Growth,Latin America,Healthcare,Partner,1,63,25,97,0,0,,129
2466,2024-11-05,Starter,North America,Manufacturing,Partner,1,49,16,61,3,0,,49
2467,2025-07-24,Growth,Latin America,Healthcare,Partner,1,55,18,89,1,0,,129
2468,2025-11-26,Starter,Asia Pacific,SaaS,Paid Search,0,47,19,62,1,0,,49
2469,2025-06-28,Starter,Latin America,Education,Partner,1,40,26,81,1,0,,49
2470,2026-01-30,Starter,Latin America,Manufacturing,Organic,1,51,6,54,0,0,,49
2471,2025-07-30,Starter,North America,Manufacturing,Partner,1,5,13,42,1,1,2026-02-13,49
2472,2025-09-04,Enterprise,Asia Pacific,SaaS,Organic,1,18,15,34,1,0,,399
2473,2026-06-18,Growth,Europe,Retail,Outbound Sales,1,58,17,67,4,0,,129
2474,2026-06-08,Starter,Latin America,Finance,Outbound Sales,1,10,18,23,0,0,,49
2475,2024-11-10,Growth,North America,Manufacturing,Organic,0,64,25,62,0,0,,129
2476,2025-07-24,Enterprise,Latin America,SaaS,Partner,1,54,25,63,0,0,,399
2477,2026-08-30,Starter,Asia Pacific,Healthcare,Referral,0,55,19,53,3,0,,49
2478,2025-11-02,Starter,Europe,Manufacturing,Paid Search,1,68,20,70,0,0,,49
2479,2025-06-28,Starter,North America,Manufacturing,Organic,1,66,27,39,1,0,,49
2480,2025-01-01,Starter,Asia Pacific,SaaS,Partner,1,47,18,46,0,0,,49
2481,2026-09-13,Starter,Latin America,SaaS,Organic,0,32,16,82,0,0,,49
2482,2025-02-28,Growth,Asia Pacific,Manufacturing,Organic,1,61,19,90,1,0,,129
2483,2026-02-18,Growth,North America,Finance,Partner,1,0,16,100,0,0,,129
2484,2025-09-09,Starter,Europe,Healthcare,Paid Search,1,31,17,76,1,0,,49
2485,2025-04-11,Enterprise,Asia Pacific,Healthcare,Referral,1,55,13,51,0,0,,399
2486,2025-12-19,Starter,Asia Pacific,Education,Outbound Sales,0,41,19,41,1,1,2026-06-26,49
2487,2025-02-27,Starter,Europe,Healthcare,Partner,1,43,28,77,4,0,,49
2488,2026-08-15,Starter,Europe,Finance,Organic,1,59,11,63,2,0,,49
2489,2025-08-28,Starter,Latin America,Education,Paid Search,0,50,10,88,1,1,2026-04-03,49
2490,2026-07-21,Growth,Latin America,Education,Partner,0,37,3,80,1,0,,129
2491,2025-06-13,Growth,Asia Pacific,Healthcare,Paid Search,1,55,19,20,3,0,,129
2492,2025-06-11,Enterprise,Asia Pacific,SaaS,Referral,1,51,18,87,0,0,,399
2493,2025-03-15,Starter,Europe,Retail,Organic,1,38,2,26,0,0,,49
2494,2026-03-03,Growth,Asia Pacific,Retail,Partner,1,44,18,75,2,0,,129
2495,2025-04-04,Growth,Europe,Finance,Partner,1,49,22,36,1,0,,129
2496,2026-02-07,Starter,Latin America,Retail,Referral,0,44,16,42,0,0,,49
2497,2026-07-12,Growth,Europe,Finance,Partner,1,53,12,88,0,0,,129
2498,2025-11-16,Starter,Latin America,Education,Partner,1,43,27,68,1,0,,49
2499,2025-12-29,Starter,Latin America,Healthcare,Organic,1,43,22,81,2,0,,49
2500,2026-05-15,Enterprise,Europe,Manufacturing,Organic,0,49,30,35,1,0,,399
2501,2026-02-24,Enterprise,Latin America,Finance,Outbound Sales,1,66,15,27,2,0,,399
2502,2026-05-03,Starter,Latin America,Education,Partner,0,46,19,46,0,0,,49
2503,2026-09-10,Starter,North America,SaaS,Paid Search,1,41,21,34,2,0,,49
2504,2025-06-10,Enterprise,North America,SaaS,Outbound Sales,0,50,30,67,0,0,,399
2505,2025-07-10,Growth,Europe,Finance,Referral,1,52,17,21,0,0,,129
2506,2026-09-26,Growth,Asia Pacific,Retail,Partner,0,54,15,49,1,0,,129
2507,2026-07-02,Starter,North America,Retail,Organic,1,32,25,70,4,0,,49
2508,2025-01-21,Enterprise,North America,Education,Partner,1,30,21,49,1,0,,399
2509,2026-04-21,Enterprise,Latin America,Manufacturing,Outbound Sales,1,63,28,66,0,0,,399
2510,2026-01-30,Starter,Latin America,Retail,Referral,0,29,22,64,0,0,,49
2511,2026-04-23,Starter,North America,Manufacturing,Partner,0,67,6,62,2,0,,49
2512,2025-11-04,Growth,North America,Manufacturing,Partner,1,73,24,99,1,0,,129
2513,2025-01-17,Starter,Latin America,Healthcare,Paid Search,0,49,0,86,0,0,,49
2514,2026-05-30,Starter,Asia Pacific,Healthcare,Partner,1,48,21,29,1,0,,49
2515,2025-02-21,Starter,Asia Pacific,Manufacturing,Paid Search,1,26,20,37,3,0,,49
2516,2025-01-01,Enterprise,Asia Pacific,Healthcare,Referral,1,32,26,87,2,0,,399
2517,2026-05-13,Growth,Europe,SaaS,Referral,1,47,24,62,1,1,2026-08-15,129
2518,2025-05-25,Growth,Latin America,SaaS,Paid Search,1,54,18,91,2,0,,129
2519,2026-06-08,Starter,Latin America,Education,Paid Search,1,91,20,96,2,0,,49
2520,2026-05-02,Enterprise,North America,Healthcare,Organic,1,35,19,11,3,0,,399
2521,2025-04-01,Growth,North America,Manufacturing,Referral,1,50,31,32,0,1,2025-07-24,129
2522,2025-09-30,Starter,North America,Retail,Referral,1,35,32,69,0,0,,49
2523,2026-04-15,Growth,Asia Pacific,Retail,Outbound Sales,1,25,12,53,0,0,,129
2524,2026-01-25,Growth,North America,SaaS,Outbound Sales,1,42,3,73,1,1,2026-03-25,129
2525,2026-09-26,Starter,North America,Manufacturing,Outbound Sales,1,79,19,73,0,0,,49
2526,2025-05-28,Starter,Asia Pacific,Finance,Organic,1,34,15,49,1,0,,49
2527,2026-06-19,Growth,North America,SaaS,Referral,1,67,17,36,2,0,,129
2528,2026-03-14,Starter,Asia Pacific,Education,Partner,1,66,16,44,0,0,,49
2529,2025-01-31,Growth,Latin America,SaaS,Paid Search,0,8,8,60,1,0,,129
2530,2026-04-05,Starter,Europe,SaaS,Outbound Sales,1,21,11,80,1,0,,49
2531,2026-01-29,Starter,North America,Retail,Organic,1,26,21,76,1,0,,49
2532,2024-12-25,Growth,Asia Pacific,Retail,Organic,1,34,26,24,0,0,,129
2533,2026-02-06,Starter,Asia Pacific,Education,Referral,1,17,31,47,0,0,,49
2534,2025-03-14,Starter,North America,Retail,Partner,0,28,19,89,2,0,,49
2535,2026-04-08,Starter,Europe,Education,Paid Search,1,44,32,31,0,1,2026-08-22,49
2536,2026-02-09,Starter,Europe,Healthcare,Partner,1,36,17,85,1,0,,49
2537,2026-05-30,Starter,North America,Retail,Organic,1,46,0,43,2,0,,49
2538,2024-12-28,Growth,North America,Retail,Referral,1,53,27,81,1,0,,129
2539,2026-05-25,Starter,Asia Pacific,Manufacturing,Outbound Sales,0,96,17,65,1,0,,49
2540,2026-02-15,Enterprise,Latin America,Healthcare,Paid Search,0,32,14,66,0,1,2026-09-05,399
2541,2025-09-10,Starter,Latin America,Finance,Paid Search,1,34,11,91,0,0,,49
2542,2024-11-21,Growth,North America,Healthcare,Partner,0,41,26,66,1,0,,129
2543,2025-12-09,Starter,Latin America,Healthcare,Referral,1,56,23,55,0,0,,49
2544,2025-07-17,Enterprise,Asia Pacific,Manufacturing,Referral,1,38,18,70,1,0,,399
2545,2024-11-02,Starter,Asia Pacific,Manufacturing,Organic,1,65,26,63,2,0,,49
2546,2025-06-10,Growth,Asia Pacific,Retail,Partner,0,50,9,100,0,0,,129
2547,2026-06-14,Starter,North America,Education,Paid Search,1,0,20,64,4,0,,49
2548,2025-01-12,Growth,Asia Pacific,Education,Partner,1,20,14,34,0,0,,129
2549,2024-12-15,Growth,Europe,SaaS,Referral,1,33,15,77,1,0,,129
2550,2026-01-06,Growth,Europe,Healthcare,Paid Search,1,51,17,59,1,0,,129
2551,2025-10-17,Growth,Europe,Finance,Paid Search,1,33,29,52,1,0,,129
2552,2025-01-03,Growth,North America,Retail,Paid Search,1,45,3,34,1,0,,129
2553,2026-05-07,Starter,Europe,Finance,Partner,1,56,22,71,0,0,,49
2554,2024-12-30,Growth,Europe,Finance,Paid Search,1,23,10,78,1,0,,129
2555,2025-01-08,Growth,Europe,Finance,Organic,1,80,19,100,4,0,,129
2556,2026-02-25,Starter,Latin America,Finance,Paid Search,1,23,22,66,1,0,,49
2557,2024-12-01,Growth,North America,Manufacturing,Paid Search,1,28,4,44,1,0,,129
2558,2025-08-19,Growth,North America,Retail,Outbound Sales,0,59,26,66,0,0,,129
2559,2025-12-22,Starter,Asia Pacific,Retail,Paid Search,1,24,28,57,1,0,,49
2560,2025-05-02,Starter,North America,Manufacturing,Partner,1,52,8,68,0,0,,49
2561,2025-03-17,Starter,Latin America,Healthcare,Organic,0,38,0,37,2,0,,49
2562,2026-08-17,Enterprise,Europe,Finance,Organic,1,17,22,52,2,0,,399
2563,2026-08-22,Enterprise,Europe,Education,Referral,1,27,13,41,0,0,,399
2564,2026-01-03,Starter,Asia Pacific,Retail,Organic,1,60,27,67,0,0,,49
2565,2025-11-17,Starter,Asia Pacific,Finance,Partner,1,45,10,92,2,0,,49
2566,2025-11-25,Starter,Asia Pacific,Retail,Paid Search,1,44,25,97,1,0,,49
2567,2026-02-01,Enterprise,Latin America,SaaS,Partner,0,40,9,97,0,0,,399
2568,2025-11-20,Starter,Asia Pacific,SaaS,Paid Search,1,34,0,74,1,0,,49
2569,2025-11-18,Starter,Europe,Healthcare,Outbound Sales,1,74,11,95,0,0,,49
2570,2025-01-20,Starter,Latin America,Retail,Paid Search,1,55,7,60,1,0,,49
2571,2026-09-29,Starter,Latin America,Education,Outbound Sales,1,50,19,39,2,0,,49
2572,2026-09-07,Starter,Asia Pacific,Manufacturing,Paid Search,0,14,14,61,1,0,,49
2573,2026-05-05,Starter,North America,Healthcare,Referral,0,53,23,56,3,1,2026-06-21,49
2574,2026-08-30,Starter,North America,Education,Partner,1,48,11,51,2,0,,49
2575,2025-10-21,Growth,North America,Retail,Outbound Sales,1,55,19,75,1,0,,129
2576,2025-02-28,Starter,Latin America,SaaS,Organic,1,52,2,63,2,0,,49
2577,2025-04-30,Starter,North America,Healthcare,Outbound Sales,0,60,13,59,0,0,,49
2578,2026-05-03,Starter,Asia Pacific,SaaS,Referral,1,44,12,62,1,0,,49
2579,2025-12-06,Growth,Europe,Finance,Outbound Sales,1,53,14,100,0,0,,129
2580,2026-04-24,Starter,Asia Pacific,Healthcare,Outbound Sales,1,28,6,37,2,0,,49
2581,2025-03-09,Growth,Latin America,SaaS,Paid Search,1,50,9,40,2,0,,129
2582,2025-06-15,Growth,Latin America,Finance,Paid Search,0,48,28,60,2,0,,129
2583,2024-11-02,Growth,Asia Pacific,Finance,Paid Search,1,30,20,45,2,0,,129
2584,2024-11-22,Starter,Europe,Finance,Paid Search,1,85,16,37,0,0,,49
2585,2025-08-31,Enterprise,Latin America,Manufacturing,Outbound Sales,1,46,23,87,2,0,,399
2586,2026-02-16,Growth,Europe,Retail,Partner,0,67,16,78,0,0,,129
2587,2026-09-19,Growth,Latin America,Education,Paid Search,1,72,12,26,1,0,,129
2588,2026-05-10,Growth,North America,Manufacturing,Outbound Sales,1,47,11,52,3,0,,129
2589,2026-01-07,Growth,Europe,Finance,Referral,1,39,17,64,1,0,,129
2590,2026-04-27,Starter,Asia Pacific,Education,Partner,1,58,27,68,0,0,,49
2591,2025-11-22,Starter,North America,Retail,Organic,1,36,14,0,4,0,,49
2592,2025-06-22,Starter,Asia Pacific,Healthcare,Organic,1,68,23,58,0,0,,49
2593,2025-07-10,Growth,Asia Pacific,SaaS,Referral,0,56,17,39,1,0,,129
2594,2026-02-13,Starter,Asia Pacific,Manufacturing,Paid Search,1,57,13,56,0,1,2026-06-11,49
2595,2025-04-06,Starter,Europe,Finance,Paid Search,0,54,21,53,0,0,,49
2596,2025-08-08,Starter,Asia Pacific,Retail,Paid Search,0,10,17,85,1,0,,49
2597,2025-05-11,Starter,Latin America,Education,Outbound Sales,1,29,22,78,0,0,,49
2598,2025-02-22,Enterprise,Asia Pacific,Manufacturing,Outbound Sales,1,41,27,67,4,0,,399
2599,2024-12-01,Enterprise,Europe,Retail,Organic,1,50,8,81,0,0,,399
2600,2026-09-06,Starter,Europe,SaaS,Outbound Sales,1,42,11,56,0,0,,49
2601,2026-01-02,Starter,Asia Pacific,Manufacturing,Paid Search,0,45,10,57,3,0,,49
2602,2026-07-21,Growth,North America,Retail,Organic,0,18,14,44,2,0,,129
2603,2024-11-15,Growth,North America,Manufacturing,Paid Search,1,29,20,69,1,0,,129
2604,2025-07-03,Starter,Latin America,Finance,Organic,1,16,17,60,0,0,,49
2605,2025-05-29,Starter,Europe,Healthcare,Referral,1,42,21,41,0,0,,49
2606,2025-01-06,Starter,Europe,Healthcare,Outbound Sales,0,29,10,73,0,0,,49
2607,2025-02-10,Starter,Europe,SaaS,Partner,1,42,13,42,2,0,,49
2608,2026-06-30,Starter,Asia Pacific,Manufacturing,Outbound Sales,1,40,19,55,4,0,,49
2609,2024-12-03,Starter,Europe,Retail,Partner,0,46,16,93,0,0,,49
2610,2026-01-30,Enterprise,Latin America,Education,Referral,0,64,15,83,1,0,,399
2611,2026-07-04,Growth,Europe,Education,Outbound Sales,1,32,24,37,2,0,,129
2612,2026-09-18,Starter,Latin America,Retail,Organic,1,94,8,75,1,0,,49
2613,2024-12-18,Growth,Latin America,Healthcare,Paid Search,1,39,12,68,2,1,2025-05-22,129
2614,2024-12-14,Growth,Latin America,Healthcare,Outbound Sales,1,75,20,54,2,0,,129
2615,2025-12-15,Growth,Europe,Healthcare,Outbound Sales,1,73,25,34,1,0,,129
2616,2026-01-22,Starter,North America,Education,Partner,1,84,27,51,0,0,,49
2617,2025-06-26,Enterprise,Asia Pacific,SaaS,Outbound Sales,1,12,23,32,1,0,,399
2618,2026-05-05,Starter,Asia Pacific,Finance,Paid Search,1,30,33,100,1,0,,49
2619,2025-06-09,Starter,Europe,SaaS,Outbound Sales,0,52,7,73,0,0,,49
2620,2024-12-26,Enterprise,Latin America,Education,Outbound Sales,1,30,0,76,1,0,,399
2621,2025-03-22,Starter,Latin America,Finance,Paid Search,1,34,10,53,0,0,,49
2622,2026-03-29,Starter,Asia Pacific,Finance,Referral,1,26,23,61,2,0,,49
2623,2025-08-22,Growth,Latin America,Finance,Organic,1,28,28,56,1,0,,129
2624,2025-06-26,Growth,Asia Pacific,SaaS,Organic,0,24,4,52,0,0,,129
2625,2026-06-11,Growth,Latin America,Healthcare,Referral,1,39,18,72,1,0,,129
2626,2025-09-21,Starter,Asia Pacific,Retail,Paid Search,1,87,7,92,0,0,,49
2627,2026-06-13,Growth,Latin America,Healthcare,Partner,1,29,26,40,0,0,,129
2628,2026-07-04,Growth,North America,Manufacturing,Partner,0,36,12,81,0,0,,129
2629,2026-09-18,Starter,Asia Pacific,Retail,Organic,1,87,10,47,3,0,,49
2630,2025-09-23,Enterprise,North America,Healthcare,Paid Search,1,18,20,30,3,0,,399
2631,2025-06-29,Growth,Latin America,Retail,Partner,1,44,13,74,1,0,,129
2632,2025-09-04,Starter,Asia Pacific,SaaS,Paid Search,1,61,0,42,3,0,,49
2633,2025-03-25,Starter,North America,Retail,Partner,1,42,19,75,1,0,,49
2634,2026-09-06,Starter,Latin America,Education,Outbound Sales,1,83,14,66,3,1,2026-09-30,49
2635,2026-04-16,Growth,Europe,SaaS,Partner,1,55,14,32,2,0,,129
2636,2025-06-13,Growth,Europe,Finance,Organic,1,33,15,68,0,0,,129
2637,2025-12-27,Enterprise,North America,Healthcare,Outbound Sales,1,55,2,65,2,0,,399
2638,2025-09-02,Starter,Europe,Retail,Outbound Sales,1,63,0,71,4,0,,49
2639,2025-08-07,Starter,Asia Pacific,Finance,Outbound Sales,1,47,26,91,1,0,,49
2640,2024-12-31,Growth,Europe,Finance,Partner,1,60,21,76,0,0,,129
2641,2026-05-23,Starter,North America,Healthcare,Referral,1,43,15,41,2,0,,49
2642,2026-06-27,Growth,Europe,Education,Outbound Sales,0,26,17,91,2,0,,129
2643,2025-04-27,Starter,Asia Pacific,Education,Paid Search,1,30,40,80,1,0,,49
2644,2026-08-02,Starter,North America,Manufacturing,Partner,1,24,30,76,2,0,,49
2645,2026-09-25,Enterprise,Asia Pacific,Education,Organic,1,45,17,64,2,0,,399
2646,2026-01-10,Growth,North America,Healthcare,Partner,1,56,9,64,1,0,,129
2647,2026-05-22,Enterprise,Latin America,Retail,Partner,1,39,17,69,0,0,,399
2648,2026-03-21,Starter,Europe,Finance,Partner,1,46,15,80,1,0,,49
2649,2024-12-17,Growth,North America,Healthcare,Referral,1,43,33,100,1,0,,129
2650,2025-10-17,Growth,Latin America,Retail,Paid Search,1,29,17,46,1,0,,129
2651,2026-08-19,Growth,Latin America,SaaS,Organic,1,87,14,52,2,0,,129
2652,2026-09-17,Growth,Europe,Manufacturing,Paid Search,1,18,13,62,2,1,2026-09-30,129
2653,2025-11-24,Growth,Europe,Retail,Outbound Sales,0,50,7,79,0,0,,129
2654,2026-04-20,Starter,Latin America,SaaS,Partner,1,32,14,41,2,0,,49
2655,2025-09-21,Starter,Europe,Manufacturing,Referral,1,89,25,42,3,0,,49
2656,2025-12-30,Starter,Asia Pacific,Education,Outbound Sales,1,45,19,63,1,0,,49
2657,2025-12-22,Starter,Asia Pacific,SaaS,Organic,1,45,23,90,0,0,,49
2658,2025-03-31,Enterprise,North America,SaaS,Outbound Sales,1,43,29,71,1,0,,399
2659,2025-09-02,Growth,North America,Manufacturing,Organic,1,33,15,72,2,0,,129
2660,2025-11-19,Starter,Europe,Retail,Partner,0,41,19,63,2,0,,49
2661,2025-05-06,Growth,Latin America,Healthcare,Outbound Sales,0,28,4,75,1,0,,129
2662,2026-05-03,Starter,Europe,Finance,Outbound Sales,1,78,14,57,2,0,,49
2663,2026-02-26,Starter,Latin America,SaaS,Referral,1,45,17,49,1,0,,49
2664,2025-07-03,Growth,Latin America,Retail,Organic,1,2,11,33,1,0,,129
2665,2025-06-17,Starter,Latin America,Retail,Partner,1,57,26,49,2,0,,49
2666,2025-09-02,Starter,North America,Education,Referral,1,60,0,68,2,0,,49
2667,2025-03-26,Starter,Europe,SaaS,Partner,1,55,17,81,3,0,,49
2668,2026-02-16,Starter,North America,Manufacturing,Paid Search,1,21,16,43,1,0,,49
2669,2024-12-28,Starter,Europe,SaaS,Referral,1,55,18,10,1,0,,49
2670,2026-05-28,Starter,North America,Healthcare,Outbound Sales,1,53,28,37,0,0,,49
2671,2025-12-26,Starter,Latin America,Finance,Organic,0,59,10,47,1,0,,49
2672,2025-12-30,Growth,Asia Pacific,Healthcare,Outbound Sales,1,63,9,63,1,0,,129
2673,2026-05-23,Growth,Europe,SaaS,Organic,0,46,12,27,0,0,,129
2674,2026-04-25,Starter,Asia Pacific,Finance,Partner,1,37,18,56,1,0,,49
2675,2025-03-16,Starter,Europe,Manufacturing,Outbound Sales,1,52,3,66,1,0,,49
2676,2025-12-01,Enterprise,Asia Pacific,Finance,Partner,1,40,16,61,1,1,2026-05-04,399
2677,2025-07-18,Growth,North America,Retail,Paid Search,1,56,19,20,3,0,,129
2678,2025-05-26,Growth,Asia Pacific,Finance,Outbound Sales,1,11,22,56,3,0,,129
2679,2025-10-03,Starter,North America,Manufacturing,Referral,1,66,24,84,0,0,,49
2680,2026-08-23,Starter,Asia Pacific,Healthcare,Referral,1,82,12,62,1,0,,49
2681,2025-01-18,Starter,Asia Pacific,Education,Partner,1,39,21,29,1,0,,49
2682,2026-02-02,Growth,Asia Pacific,SaaS,Referral,0,28,20,92,1,0,,129
2683,2025-11-13,Enterprise,Latin America,SaaS,Paid Search,1,24,28,61,1,0,,399
2684,2025-02-01,Starter,Asia Pacific,Education,Outbound Sales,1,72,3,62,1,0,,49
2685,2026-05-01,Starter,Latin America,Education,Referral,0,24,25,50,2,0,,49
2686,2025-05-13,Starter,Europe,Education,Organic,1,26,11,68,1,0,,49
2687,2024-12-21,Growth,Asia Pacific,Education,Referral,0,29,20,38,1,0,,129
2688,2025-07-31,Growth,Latin America,Education,Referral,0,3,17,54,1,0,,129
2689,2025-11-20,Growth,North America,Manufacturing,Referral,1,33,7,61,1,0,,129
2690,2026-09-19,Starter,Latin America,Finance,Outbound Sales,1,20,17,16,3,0,,49
2691,2026-07-11,Starter,Latin America,Finance,Partner,1,51,26,24,2,0,,49
2692,2026-07-09,Starter,Asia Pacific,Manufacturing,Referral,1,60,21,50,0,0,,49
2693,2024-12-09,Growth,Asia Pacific,Manufacturing,Organic,1,26,8,61,3,0,,129
2694,2025-01-12,Growth,Asia Pacific,Healthcare,Partner,1,44,25,68,1,0,,129
2695,2025-05-10,Enterprise,Europe,Manufacturing,Referral,1,20,17,59,2,0,,399
2696,2026-06-23,Growth,Latin America,Manufacturing,Referral,1,55,25,56,1,0,,129
2697,2026-09-17,Starter,Asia Pacific,Healthcare,Referral,0,54,6,59,0,0,,49
2698,2026-05-25,Growth,North America,SaaS,Partner,1,52,9,38,1,0,,129
2699,2025-06-09,Growth,Europe,SaaS,Referral,1,66,0,35,6,0,,129
2700,2026-03-04,Starter,Europe,Education,Partner,1,16,23,63,2,0,,49
2701,2025-05-31,Starter,Asia Pacific,Finance,Organic,1,33,21,48,0,0,,49
2702,2025-10-05,Enterprise,Asia Pacific,Retail,Outbound Sales,1,21,14,78,2,0,,399
2703,2025-09-05,Starter,Asia Pacific,Retail,Outbound Sales,1,23,30,83,0,0,,49
2704,2024-11-14,Growth,Asia Pacific,Healthcare,Outbound Sales,1,54,27,73,3,0,,129
2705,2025-06-03,Starter,Latin America,Retail,Paid Search,1,35,23,58,1,0,,49
2706,2025-05-12,Starter,Asia Pacific,Education,Outbound Sales,1,10,11,60,2,0,,49
2707,2025-02-27,Starter,Latin America,Healthcare,Paid Search,1,48,4,56,3,0,,49
2708,2026-03-04,Starter,North America,Manufacturing,Referral,1,51,5,65,0,0,,49
2709,2025-07-05,Growth,Europe,Manufacturing,Paid Search,1,51,19,83,3,0,,129
2710,2026-07-10,Growth,North America,Manufacturing,Paid Search,0,63,8,97,1,0,,129
2711,2025-05-27,Starter,Asia Pacific,Healthcare,Referral,1,32,21,65,4,0,,49
2712,2025-12-10,Starter,Asia Pacific,SaaS,Paid Search,1,24,19,65,1,1,2026-05-11,49
2713,2026-05-18,Growth,Latin America,Finance,Referral,0,85,10,72,2,0,,129
2714,2025-09-24,Growth,Latin America,Manufacturing,Referral,0,23,17,74,0,0,,129
2715,2025-08-15,Starter,Latin America,Healthcare,Partner,1,48,24,58,3,0,,49
2716,2025-11-23,Growth,Asia Pacific,Manufacturing,Referral,1,58,23,5,2,0,,129
2717,2026-02-19,Growth,North America,Manufacturing,Outbound Sales,0,14,19,46,2,0,,129
2718,2026-04-29,Growth,Latin America,Manufacturing,Organic,1,45,15,71,3,0,,129
2719,2026-08-25,Starter,North America,SaaS,Outbound Sales,1,38,18,77,0,0,,49
2720,2025-11-01,Starter,North America,Manufacturing,Referral,1,36,21,52,1,0,,49
2721,2025-09-10,Starter,Europe,Retail,Outbound Sales,1,34,25,48,0,0,,49
2722,2025-07-24,Growth,Latin America,Retail,Partner,1,16,5,23,2,0,,129
2723,2025-11-02,Enterprise,North America,SaaS,Referral,1,56,0,55,0,0,,399
2724,2026-04-08,Starter,Europe,Finance,Outbound Sales,1,33,24,74,1,0,,49
2725,2026-03-23,Starter,Asia Pacific,Manufacturing,Organic,1,13,9,45,0,0,,49
2726,2026-02-19,Growth,North America,Healthcare,Organic,1,30,20,47,0,0,,129
2727,2025-02-07,Growth,North America,SaaS,Referral,1,39,25,70,3,0,,129
2728,2026-02-22,Enterprise,North America,SaaS,Outbound Sales,1,44,26,79,1,0,,399
2729,2025-09-22,Starter,Latin America,Retail,Referral,1,38,27,34,0,0,,49
2730,2025-05-26,Starter,Europe,Manufacturing,Outbound Sales,0,30,20,77,1,0,,49
2731,2025-11-13,Growth,Latin America,Manufacturing,Referral,1,72,22,100,0,0,,129
2732,2025-09-15,Starter,Asia Pacific,Education,Outbound Sales,1,48,23,82,0,0,,49
2733,2025-12-27,Starter,North America,Finance,Partner,1,71,11,56,2,0,,49
2734,2024-12-15,Starter,Latin America,Healthcare,Partner,1,17,18,55,1,0,,49
2735,2026-05-29,Enterprise,Europe,Manufacturing,Outbound Sales,0,30,16,56,1,0,,399
2736,2025-06-13,Growth,North America,Healthcare,Organic,0,53,12,69,2,0,,129
2737,2025-03-28,Starter,North America,Education,Partner,0,6,22,81,0,0,,49
2738,2024-11-15,Enterprise,Asia Pacific,Education,Referral,1,5,31,74,2,0,,399
2739,2025-07-24,Starter,Asia Pacific,SaaS,Organic,1,35,12,80,2,0,,49
2740,2026-05-19,Starter,Europe,Healthcare,Organic,1,74,23,29,0,0,,49
2741,2026-06-20,Starter,Europe,Manufacturing,Paid Search,1,28,17,83,1,0,,49
2742,2026-06-15,Growth,North America,Education,Referral,1,16,18,65,1,0,,129
2743,2025-12-31,Growth,Europe,Finance,Referral,0,30,18,51,1,0,,129
2744,2025-08-28,Enterprise,Asia Pacific,SaaS,Outbound Sales,1,31,17,84,1,0,,399
2745,2025-04-04,Starter,Europe,SaaS,Outbound Sales,0,37,30,71,1,0,,49
2746,2025-05-18,Starter,Latin America,Manufacturing,Paid Search,0,74,32,67,4,0,,49
2747,2025-10-02,Starter,Europe,Education,Referral,1,28,24,51,0,0,,49
2748,2025-06-22,Starter,North America,Education,Organic,1,0,8,63,0,0,,49
2749,2025-11-22,Starter,North America,Retail,Partner,0,27,17,93,2,0,,49
2750,2026-06-05,Enterprise,Latin America,Education,Partner,1,64,16,67,6,0,,399
2751,2025-07-08,Growth,Asia Pacific,Retail,Organic,0,54,23,51,3,0,,129
2752,2026-03-25,Starter,Latin America,SaaS,Paid Search,1,42,18,54,1,0,,49
2753,2026-05-16,Enterprise,Europe,Healthcare,Organic,1,11,12,29,1,0,,399
2754,2026-08-31,Starter,Latin America,Manufacturing,Organic,0,73,13,38,0,0,,49
2755,2025-10-10,Starter,North America,Finance,Outbound Sales,1,30,28,41,4,0,,49
2756,2025-07-20,Starter,Latin America,Retail,Organic,1,71,11,100,0,0,,49
2757,2026-03-14,Starter,Asia Pacific,Finance,Paid Search,1,59,39,42,0,0,,49
2758,2026-08-18,Growth,Asia Pacific,SaaS,Referral,1,28,35,75,0,0,,129
2759,2026-03-16,Enterprise,Asia Pacific,SaaS,Paid Search,1,45,28,35,1,1,2026-08-10,399
2760,2025-04-20,Starter,Europe,Healthcare,Outbound Sales,1,63,21,61,3,0,,49
2761,2025-10-25,Growth,Asia Pacific,SaaS,Partner,1,66,19,72,2,0,,129
2762,2025-04-21,Starter,North America,Retail,Paid Search,1,44,10,44,1,0,,49
2763,2025-03-22,Starter,Europe,Education,Referral,1,36,18,44,1,0,,49
2764,2026-05-12,Starter,North America,SaaS,Partner,1,21,24,50,2,0,,49
2765,2026-03-14,Starter,Asia Pacific,Finance,Partner,0,32,18,74,1,1,2026-05-30,49
2766,2026-05-08,Starter,Europe,Education,Outbound Sales,1,35,6,47,2,0,,49
2767,2026-08-18,Starter,Europe,SaaS,Partner,0,73,14,65,2,0,,49
2768,2024-12-29,Starter,North America,Manufacturing,Organic,1,42,15,96,1,0,,49
2769,2026-04-19,Growth,Latin America,Manufacturing,Referral,1,39,0,84,1,0,,129
2770,2024-12-03,Growth,Asia Pacific,Manufacturing,Paid Search,0,66,10,55,1,0,,129
2771,2025-01-14,Starter,North America,Healthcare,Paid Search,1,59,15,93,2,0,,49
2772,2026-09-14,Starter,Europe,SaaS,Paid Search,1,47,23,47,1,0,,49
2773,2024-12-18,Starter,North America,SaaS,Referral,1,34,15,98,6,0,,49
2774,2024-11-05,Growth,Europe,Manufacturing,Paid Search,1,24,7,47,1,0,,129
2775,2025-12-26,Starter,Europe,Education,Organic,0,52,10,65,4,0,,49
2776,2025-03-19,Growth,Europe,Education,Paid Search,1,27,27,36,5,0,,129
2777,2026-08-06,Starter,North America,SaaS,Referral,1,23,12,63,2,0,,49
2778,2025-06-23,Growth,Europe,Retail,Paid Search,1,30,16,48,3,0,,129
2779,2025-01-07,Starter,Europe,Education,Referral,0,39,16,36,2,0,,49
2780,2025-04-02,Starter,Europe,Manufacturing,Organic,1,21,26,75,0,0,,49
2781,2024-11-08,Growth,Asia Pacific,Education,Organic,1,75,15,53,1,0,,129
2782,2025-06-10,Growth,North America,Finance,Partner,0,14,25,30,1,0,,129
2783,2026-03-31,Starter,North America,SaaS,Partner,1,66,29,42,1,0,,49
2784,2026-02-08,Enterprise,Latin America,Education,Partner,1,51,10,30,1,0,,399
2785,2025-11-16,Growth,Asia Pacific,Education,Partner,0,86,11,63,0,0,,129
2786,2024-12-30,Starter,Latin America,Retail,Organic,1,56,17,73,3,0,,49
2787,2026-07-24,Growth,Europe,Retail,Organic,1,26,16,70,2,1,2026-09-22,129
2788,2026-09-05,Growth,Europe,Finance,Referral,1,43,16,53,3,0,,129
2789,2026-03-13,Starter,Latin America,Retail,Paid Search,0,77,17,44,3,0,,49
2790,2024-11-15,Growth,Latin America,Education,Referral,0,27,15,57,3,0,,129
2791,2024-11-05,Growth,Latin America,SaaS,Referral,1,26,12,37,4,0,,129
2792,2026-04-27,Starter,North America,Finance,Referral,1,50,22,54,4,0,,49
2793,2026-05-17,Starter,Latin America,SaaS,Referral,1,40,14,80,1,0,,49
2794,2025-12-25,Starter,Europe,Manufacturing,Paid Search,1,77,19,42,1,0,,49
2795,2024-11-11,Starter,Europe,Manufacturing,Organic,1,55,25,49,1,0,,49
2796,2024-11-16,Starter,Europe,Finance,Referral,0,30,16,67,4,0,,49
2797,2026-04-25,Starter,Europe,Education,Paid Search,0,29,27,93,1,0,,49
2798,2025-08-07,Enterprise,Europe,Healthcare,Paid Search,0,48,18,42,1,0,,399
2799,2026-05-01,Enterprise,Europe,Retail,Referral,1,51,17,35,0,0,,399
2800,2025-08-19,Growth,Europe,Healthcare,Organic,0,55,21,90,0,0,,129
2801,2024-11-16,Growth,Latin America,Manufacturing,Partner,1,60,11,29,0,0,,129
2802,2026-03-28,Enterprise,Asia Pacific,Healthcare,Referral,1,34,23,30,0,0,,399
2803,2026-09-20,Growth,Europe,Finance,Outbound Sales,0,60,9,56,0,0,,129
2804,2026-01-13,Starter,Latin America,Finance,Organic,1,28,10,27,2,0,,49
2805,2025-05-01,Starter,Asia Pacific,Education,Referral,1,29,12,37,1,0,,49
2806,2025-02-16,Starter,Asia Pacific,Education,Organic,1,74,28,80,2,0,,49
2807,2025-02-05,Enterprise,Asia Pacific,Finance,Organic,1,54,21,47,2,0,,399
2808,2026-04-19,Growth,North America,Education,Organic,1,54,23,59,1,1,2026-06-26,129
2809,2025-07-03,Growth,Latin America,Education,Partner,1,48,27,53,1,0,,129
2810,2025-05-14,Growth,Europe,Education,Referral,1,37,20,57,1,0,,129
2811,2026-07-26,Growth,North America,Finance,Referral,0,65,13,91,1,0,,129
2812,2026-04-22,Growth,Europe,Retail,Referral,1,32,10,63,0,0,,129
2813,2025-07-15,Starter,Asia Pacific,Healthcare,Outbound Sales,1,40,5,44,2,0,,49
2814,2025-10-27,Starter,Latin America,Finance,Organic,1,19,6,64,1,0,,49
2815,2025-07-30,Starter,North America,Education,Organic,0,44,30,61,2,0,,49
2816,2025-12-10,Enterprise,Europe,SaaS,Partner,0,26,13,82,1,1,2026-02-18,399
2817,2025-11-16,Growth,Europe,Retail,Referral,0,30,18,41,0,0,,129
2818,2025-12-19,Starter,Europe,SaaS,Paid Search,0,43,21,41,2,0,,49
2819,2026-02-12,Growth,Latin America,SaaS,Paid Search,0,77,23,59,3,0,,129
2820,2026-05-31,Growth,Latin America,SaaS,Partner,1,46,15,62,0,0,,129
2821,2025-07-06,Starter,Latin America,Healthcare,Paid Search,0,17,13,59,1,0,,49
2822,2025-06-18,Growth,Europe,SaaS,Referral,1,48,27,72,1,0,,129
2823,2025-09-02,Starter,Latin America,Finance,Paid Search,1,38,14,36,1,0,,49
2824,2026-09-30,Growth,Asia Pacific,Healthcare,Outbound Sales,0,41,12,86,1,0,,129
2825,2025-01-20,Growth,North America,SaaS,Organic,1,31,33,72,1,0,,129
2826,2026-08-30,Enterprise,Asia Pacific,Education,Referral,1,16,28,65,0,0,,399
2827,2026-08-26,Starter,Asia Pacific,Education,Organic,0,30,8,32,1,0,,49
2828,2024-12-01,Starter,Europe,Manufacturing,Partner,1,39,13,66,0,0,,49
2829,2025-02-02,Growth,North America,Manufacturing,Organic,1,41,24,88,1,0,,129
2830,2025-12-19,Growth,North America,Retail,Partner,0,0,22,55,2,0,,129
2831,2025-11-22,Starter,Latin America,Finance,Partner,1,40,14,7,2,0,,49
2832,2025-11-20,Growth,Asia Pacific,Healthcare,Outbound Sales,1,18,28,25,1,0,,129
2833,2026-05-18,Growth,Latin America,Education,Paid Search,1,71,14,70,1,0,,129
2834,2026-03-01,Enterprise,Latin America,Healthcare,Partner,1,34,2,27,0,0,,399
2835,2024-12-26,Growth,Europe,Retail,Paid Search,1,65,10,81,0,0,,129
2836,2026-08-13,Growth,Europe,Healthcare,Paid Search,0,18,17,66,2,0,,129
2837,2024-11-08,Growth,North America,Education,Paid Search,1,41,16,66,2,0,,129
2838,2025-04-23,Growth,Europe,Manufacturing,Paid Search,1,52,22,54,2,0,,129
2839,2025-01-22,Growth,Latin America,Healthcare,Organic,1,65,12,67,1,0,,129
2840,2026-03-25,Growth,Asia Pacific,Finance,Outbound Sales,1,51,17,50,0,0,,129
2841,2026-01-17,Starter,North America,SaaS,Referral,0,27,19,74,1,0,,49
2842,2026-08-21,Starter,Asia Pacific,Manufacturing,Paid Search,1,51,6,0,2,0,,49
2843,2025-10-04,Starter,North America,SaaS,Paid Search,1,35,22,43,2,0,,49
2844,2026-06-01,Starter,North America,Finance,Organic,1,39,19,44,2,0,,49
2845,2025-02-04,Growth,Europe,Healthcare,Organic,1,59,21,91,1,0,,129
2846,2026-04-23,Starter,North America,SaaS,Outbound Sales,1,51,9,28,0,0,,49
2847,2024-12-12,Starter,North America,Education,Partner,1,24,7,29,0,0,,49
2848,2025-06-22,Starter,Europe,Healthcare,Partner,1,68,22,79,0,0,,49
2849,2025-06-03,Growth,Latin America,SaaS,Referral,1,35,9,67,0,0,,129
2850,2026-06-02,Growth,Europe,Finance,Outbound Sales,1,27,5,53,0,0,,129
2851,2026-02-28,Starter,North America,Finance,Outbound Sales,1,53,9,66,3,0,,49
2852,2025-08-03,Starter,North America,Manufacturing,Referral,0,24,6,52,4,0,,49
2853,2024-12-16,Starter,Latin America,Education,Organic,1,59,20,73,1,1,2025-02-22,49
2854,2026-09-30,Starter,Europe,Manufacturing,Partner,1,56,5,56,4,0,,49
2855,2025-08-13,Starter,North America,Healthcare,Outbound Sales,1,49,26,41,1,0,,49
2856,2026-05-09,Growth,Asia Pacific,Manufacturing,Paid Search,1,49,23,59,0,0,,129
2857,2026-05-30,Growth,Europe,SaaS,Organic,0,62,27,71,1,0,,129
2858,2026-09-03,Starter,North America,Manufacturing,Organic,1,31,18,77,0,0,,49
2859,2024-12-02,Starter,Asia Pacific,Finance,Outbound Sales,1,47,36,45,2,0,,49
2860,2025-05-01,Starter,Asia Pacific,SaaS,Outbound Sales,1,46,25,70,2,0,,49
2861,2025-09-17,Enterprise,Latin America,Retail,Paid Search,0,22,16,59,4,1,2025-10-25,399
2862,2025-05-30,Enterprise,Latin America,Finance,Outbound Sales,1,52,14,94,2,0,,399
2863,2026-06-23,Starter,Asia Pacific,Healthcare,Referral,1,71,16,65,0,0,,49
2864,2025-03-26,Starter,Europe,Healthcare,Organic,1,84,8,77,1,0,,49
2865,2025-12-11,Starter,North America,Education,Partner,0,47,18,4,1,0,,49
2866,2025-01-16,Enterprise,Latin America,SaaS,Referral,0,66,18,60,1,0,,399
2867,2025-09-01,Starter,Latin America,Manufacturing,Organic,1,35,17,61,0,0,,49
2868,2025-04-14,Growth,Latin America,Retail,Referral,1,63,31,79,2,0,,129
2869,2026-05-30,Growth,Latin America,Healthcare,Partner,0,55,19,26,3,0,,129
2870,2025-07-03,Starter,Latin America,Education,Outbound Sales,1,47,17,87,0,0,,49
2871,2026-06-02,Starter,Europe,Finance,Paid Search,1,31,24,85,2,0,,49
2872,2025-12-02,Growth,Latin America,Education,Organic,1,93,12,57,0,0,,129
2873,2026-09-23,Growth,Latin America,SaaS,Referral,1,65,21,50,2,0,,129
2874,2026-05-06,Starter,North America,SaaS,Paid Search,0,25,18,90,1,1,2026-07-17,49
2875,2025-11-27,Starter,Europe,Education,Referral,1,60,15,65,1,0,,49
2876,2025-03-22,Growth,Asia Pacific,Finance,Partner,1,30,4,54,0,0,,129
2877,2025-01-18,Growth,Europe,Manufacturing,Outbound Sales,0,19,20,54,1,0,,129
2878,2026-03-26,Growth,Asia Pacific,Finance,Partner,1,41,23,77,1,0,,129
2879,2025-10-19,Enterprise,Europe,Retail,Organic,0,67,22,66,6,0,,399
2880,2024-12-23,Starter,Asia Pacific,Manufacturing,Referral,0,14,6,31,1,0,,49
2881,2025-02-07,Starter,Latin America,Finance,Organic,1,47,13,44,0,0,,49
2882,2026-01-20,Growth,Latin America,Finance,Outbound Sales,1,48,31,37,0,0,,129
2883,2025-06-24,Starter,North America,Education,Outbound Sales,1,78,18,79,1,1,2026-09-26,49
2884,2025-01-15,Growth,North America,Manufacturing,Paid Search,1,56,31,46,3,0,,129
2885,2025-10-13,Growth,Latin America,Education,Paid Search,1,38,11,34,0,0,,129
2886,2026-07-11,Enterprise,North America,Manufacturing,Partner,0,39,19,60,0,0,,399
2887,2026-07-20,Starter,Europe,Education,Outbound Sales,0,54,16,39,0,0,,49
2888,2026-07-01,Growth,Europe,Finance,Partner,1,56,3,55,1,0,,129
2889,2025-12-10,Starter,Latin America,Healthcare,Partner,1,37,20,57,0,0,,49
2890,2025-09-29,Enterprise,Europe,Finance,Outbound Sales,1,42,3,42,4,0,,399
2891,2024-11-29,Growth,North America,Healthcare,Organic,1,62,13,42,0,0,,129
2892,2026-08-10,Starter,North America,Education,Organic,1,65,32,95,2,0,,49
2893,2025-08-05,Enterprise,Latin America,Education,Paid Search,1,56,13,38,3,0,,399
2894,2026-02-03,Starter,Europe,Finance,Paid Search,1,31,23,40,1,0,,49
2895,2026-03-16,Enterprise,Latin America,Healthcare,Organic,1,33,7,81,0,0,,399
2896,2025-06-20,Starter,Latin America,Healthcare,Partner,1,76,19,67,0,0,,49
2897,2025-10-29,Growth,North America,Finance,Partner,0,24,24,80,0,0,,129
2898,2026-05-19,Starter,Latin America,Education,Organic,1,61,14,51,3,0,,49
2899,2025-11-18,Starter,Asia Pacific,Finance,Paid Search,1,93,22,25,2,0,,49
2900,2026-01-15,Starter,Europe,Manufacturing,Organic,0,58,11,70,0,0,,49
2901,2025-05-08,Starter,Asia Pacific,SaaS,Partner,1,43,17,21,2,0,,49
2902,2026-09-26,Starter,Asia Pacific,Education,Outbound Sales,1,41,10,27,2,0,,49
2903,2026-06-21,Starter,North America,SaaS,Organic,1,34,23,55,1,1,2026-09-07,49
2904,2025-01-25,Growth,North America,Education,Organic,1,8,5,63,0,0,,129
2905,2026-07-25,Starter,Europe,Manufacturing,Paid Search,0,48,20,60,0,0,,49
2906,2025-08-28,Enterprise,Latin America,Finance,Outbound Sales,1,35,9,30,1,0,,399
2907,2025-07-09,Starter,North America,Healthcare,Organic,1,62,18,84,2,0,,49
2908,2025-01-13,Starter,Asia Pacific,Finance,Referral,1,66,5,48,3,0,,49
2909,2025-01-22,Starter,Latin America,Retail,Paid Search,1,75,14,94,2,0,,49
2910,2025-07-31,Starter,Latin America,Manufacturing,Organic,1,66,11,74,4,0,,49
2911,2025-04-05,Growth,North America,Healthcare,Referral,1,26,13,51,2,0,,129
2912,2025-11-23,Starter,Asia Pacific,Healthcare,Referral,1,53,21,77,0,0,,49
2913,2026-08-10,Growth,North America,Manufacturing,Outbound Sales,1,55,11,62,0,1,2026-09-13,129
2914,2025-12-02,Growth,Asia Pacific,Retail,Outbound Sales,0,50,12,88,5,0,,129
2915,2025-09-19,Starter,Asia Pacific,Manufacturing,Referral,1,57,17,84,1,0,,49
2916,2025-11-03,Growth,Europe,SaaS,Outbound Sales,0,13,16,76,4,0,,129
2917,2025-02-16,Starter,North America,Healthcare,Outbound Sales,1,83,26,62,2,0,,49
2918,2025-01-31,Growth,Asia Pacific,Education,Partner,0,69,25,60,0,0,,129
2919,2024-11-04,Starter,Europe,Education,Partner,1,22,30,42,0,0,,49
2920,2025-09-10,Starter,Asia Pacific,SaaS,Organic,1,79,11,94,1,0,,49
2921,2026-01-28,Starter,Europe,Healthcare,Organic,0,85,14,60,0,0,,49
2922,2025-11-02,Starter,Latin America,Healthcare,Outbound Sales,1,31,18,55,2,0,,49
2923,2025-08-02,Starter,Latin America,Education,Referral,0,26,29,89,1,0,,49
2924,2025-02-11,Starter,Europe,SaaS,Organic,1,57,10,44,1,0,,49
2925,2025-03-14,Starter,Europe,Finance,Paid Search,1,40,17,58,2,0,,49
2926,2025-01-27,Starter,Europe,Finance,Outbound Sales,1,13,24,68,3,0,,49
2927,2025-05-09,Starter,North America,Finance,Outbound Sales,1,16,37,81,2,0,,49
2928,2026-01-14,Starter,Asia Pacific,Manufacturing,Organic,0,77,12,71,3,0,,49
2929,2026-02-01,Starter,North America,Healthcare,Organic,1,91,6,59,1,0,,49
2930,2026-05-23,Growth,North America,Retail,Outbound Sales,1,57,5,88,1,0,,129
2931,2026-05-21,Growth,Latin America,SaaS,Paid Search,1,22,12,39,1,0,,129
2932,2026-04-07,Starter,Latin America,Education,Outbound Sales,1,62,10,75,1,0,,49
2933,2025-12-21,Starter,Asia Pacific,Education,Referral,1,55,14,77,1,0,,49
2934,2025-02-12,Starter,North America,Education,Outbound Sales,1,29,25,66,2,0,,49
2935,2024-11-25,Starter,Latin America,Healthcare,Organic,1,38,5,87,1,0,,49
2936,2025-01-29,Starter,North America,Healthcare,Organic,0,75,7,18,0,1,2025-08-28,49
2937,2026-05-20,Starter,North America,Finance,Outbound Sales,1,65,10,33,2,0,,49
2938,2025-02-02,Growth,Asia Pacific,SaaS,Referral,1,71,18,58,0,0,,129
2939,2026-07-03,Growth,Europe,Education,Organic,1,84,28,72,1,0,,129
2940,2026-07-04,Starter,Europe,Retail,Paid Search,1,85,18,46,1,0,,49
2941,2025-09-27,Growth,Europe,Education,Outbound Sales,0,24,24,33,1,0,,129
2942,2025-11-28,Starter,Asia Pacific,Finance,Referral,0,41,13,41,2,0,,49
2943,2024-11-11,Starter,Europe,Retail,Outbound Sales,0,30,14,77,1,0,,49
2944,2025-08-24,Enterprise,North America,Retail,Organic,1,26,12,63,4,0,,399
2945,2025-12-27,Growth,North America,SaaS,Paid Search,1,35,13,61,0,0,,129
2946,2025-12-01,Enterprise,Asia Pacific,Finance,Referral,0,27,18,47,2,0,,399
2947,2025-01-24,Growth,North America,Healthcare,Outbound Sales,0,28,17,44,0,0,,129
2948,2026-05-25,Growth,Asia Pacific,Retail,Organic,1,29,18,45,1,0,,129
2949,2025-07-05,Growth,Latin America,Manufacturing,Referral,1,82,14,50,2,0,,129
2950,2026-06-07,Growth,Europe,Education,Paid Search,0,83,17,29,1,0,,129
2951,2026-04-16,Growth,Europe,Healthcare,Organic,0,20,8,61,1,0,,129
2952,2025-04-21,Starter,North America,Finance,Paid Search,1,62,13,34,1,0,,49
2953,2025-11-23,Growth,Europe,Education,Partner,0,64,21,83,0,0,,129
2954,2025-04-21,Starter,Asia Pacific,Retail,Partner,1,80,12,39,0,0,,49
2955,2025-03-21,Growth,Europe,Education,Organic,1,67,4,56,1,0,,129
2956,2025-08-01,Starter,Europe,Manufacturing,Referral,0,53,21,71,0,0,,49
2957,2025-09-03,Starter,Asia Pacific,Education,Paid Search,1,56,25,45,0,0,,49
2958,2025-07-31,Starter,Europe,Manufacturing,Outbound Sales,0,26,2,53,1,0,,49
2959,2026-03-18,Starter,Asia Pacific,Manufacturing,Organic,1,56,33,51,1,0,,49
2960,2025-03-28,Starter,Europe,Healthcare,Outbound Sales,1,61,19,51,1,0,,49
2961,2025-01-02,Growth,Latin America,Finance,Referral,1,48,15,53,1,0,,129
2962,2025-04-19,Starter,Europe,Healthcare,Organic,1,43,22,84,1,0,,49
2963,2026-01-18,Growth,Europe,SaaS,Paid Search,1,42,13,71,2,1,2026-04-28,129
2964,2026-01-04,Growth,Latin America,Retail,Partner,1,39,21,78,1,0,,129
2965,2025-09-01,Enterprise,North America,Retail,Outbound Sales,1,29,22,42,1,0,,399
2966,2026-03-09,Starter,Latin America,Finance,Outbound Sales,0,41,8,71,0,0,,49
2967,2025-01-16,Enterprise,Europe,SaaS,Partner,1,29,14,86,1,0,,399
2968,2025-11-03,Enterprise,Latin America,Education,Outbound Sales,1,46,21,14,0,1,2026-04-10,399
2969,2025-07-09,Starter,Latin America,Retail,Outbound Sales,1,48,16,86,2,0,,49
2970,2026-08-01,Starter,Europe,Retail,Referral,1,43,11,67,1,1,2026-09-15,49
2971,2026-06-30,Enterprise,Latin America,Manufacturing,Referral,0,26,21,54,0,0,,399
2972,2026-07-23,Starter,North America,Finance,Outbound Sales,1,54,28,10,2,0,,49
2973,2025-05-18,Enterprise,Asia Pacific,Retail,Paid Search,1,54,12,70,1,0,,399
2974,2026-02-10,Starter,Asia Pacific,Education,Organic,1,68,23,62,1,0,,49
2975,2025-02-16,Enterprise,Europe,Healthcare,Paid Search,1,49,13,86,1,0,,399
2976,2025-03-17,Growth,North America,Finance,Outbound Sales,1,10,15,66,0,0,,129
2977,2025-09-06,Enterprise,Asia Pacific,SaaS,Outbound Sales,1,45,24,74,2,0,,399
2978,2024-11-05,Starter,North America,Education,Partner,1,29,11,17,2,0,,49
2979,2025-12-09,Starter,Asia Pacific,Manufacturing,Partner,1,71,9,57,2,0,,49
2980,2025-10-05,Growth,Europe,Education,Paid Search,1,21,19,46,2,0,,129
2981,2026-07-27,Starter,Latin America,Healthcare,Partner,1,35,19,38,0,0,,49
2982,2025-11-23,Growth,Latin America,Retail,Outbound Sales,1,65,30,68,2,0,,129
2983,2025-10-02,Growth,Latin America,SaaS,Paid Search,1,19,18,20,2,0,,129
2984,2026-01-23,Starter,Asia Pacific,SaaS,Outbound Sales,1,45,16,26,1,0,,49
2985,2025-10-07,Starter,North America,SaaS,Organic,1,22,15,66,5,0,,49
2986,2026-01-13,Growth,North America,Manufacturing,Outbound Sales,1,55,7,89,2,0,,129
2987,2026-08-27,Starter,Latin America,Retail,Referral,1,63,12,50,0,0,,49
2988,2026-06-30,Starter,Latin America,Education,Outbound Sales,1,21,5,81,2,0,,49
2989,2025-03-18,Starter,Europe,Education,Partner,1,64,20,60,1,1,2025-09-17,49
2990,2025-09-23,Starter,Europe,Manufacturing,Organic,0,45,18,50,3,0,,49
2991,2026-07-09,Growth,Europe,Manufacturing,Paid Search,1,30,20,76,0,0,,129
2992,2025-05-23,Growth,Asia Pacific,Healthcare,Organic,1,72,16,47,0,0,,129
2993,2026-03-04,Growth,Asia Pacific,Education,Partner,1,51,6,55,2,0,,129
2994,2025-09-16,Starter,Europe,SaaS,Referral,0,23,32,68,0,0,,49
2995,2025-04-29,Enterprise,North America,Manufacturing,Referral,1,63,14,38,1,0,,399
2996,2025-12-11,Starter,Latin America,Retail,Partner,1,19,21,55,1,0,,49
2997,2025-09-21,Starter,Asia Pacific,Retail,Organic,1,41,8,79,0,0,,49
2998,2025-08-24,Starter,North America,Manufacturing,Referral,1,43,33,61,1,0,,49
2999,2026-08-09,Starter,Europe,Retail,Partner,1,35,33,57,0,0,,49
3000,2026-03-16,Starter,Asia Pacific,Healthcare,Partner,1,21,31,50,3,0,,49
3001,2026-06-11,Enterprise,North America,Finance,Partner,0,62,23,85,2,0,,399
3002,2025-07-05,Starter,Latin America,Education,Paid Search,1,40,8,29,3,0,,49
3003,2025-09-28,Enterprise,Asia Pacific,Education,Organic,1,62,26,72,1,0,,399
3004,2025-11-19,Starter,Asia Pacific,Healthcare,Outbound Sales,0,33,27,100,1,0,,49
3005,2025-08-13,Starter,North America,SaaS,Outbound Sales,1,18,18,89,0,0,,49
3006,2025-12-06,Starter,North America,Retail,Organic,1,47,17,54,0,0,,49
3007,2025-11-07,Growth,Asia Pacific,Education,Partner,1,55,17,45,1,0,,129
3008,2025-02-23,Enterprise,Latin America,SaaS,Outbound Sales,0,38,27,69,1,0,,399
3009,2026-05-30,Enterprise,Latin America,Healthcare,Outbound Sales,1,33,13,72,1,0,,399
3010,2025-05-22,Starter,Latin America,SaaS,Organic,1,45,23,76,1,0,,49
3011,2026-06-28,Starter,Latin America,Retail,Outbound Sales,1,59,21,44,2,0,,49
3012,2026-05-11,Starter,Europe,Manufacturing,Partner,0,69,11,73,0,0,,49
3013,2025-05-02,Starter,Asia Pacific,Manufacturing,Paid Search,0,52,25,62,2,0,,49
3014,2026-09-28,Growth,North America,Manufacturing,Organic,1,59,25,64,2,0,,129
3015,2026-05-16,Enterprise,North America,Healthcare,Organic,1,48,17,91,0,0,,399
3016,2024-11-26,Enterprise,Europe,Retail,Partner,1,41,7,62,0,0,,399
3017,2026-02-14,Enterprise,North America,Retail,Referral,0,23,10,43,0,0,,399
3018,2025-06-01,Enterprise,Asia Pacific,Education,Outbound Sales,1,48,11,57,3,0,,399
3019,2026-01-21,Starter,North America,SaaS,Paid Search,1,79,9,69,3,0,,49
3020,2025-08-24,Starter,Latin America,Finance,Paid Search,1,82,14,70,3,0,,49
3021,2025-01-08,Growth,North America,Retail,Organic,1,72,17,78,4,0,,129
3022,2025-12-22,Starter,Europe,Manufacturing,Paid Search,1,15,11,42,0,0,,49
3023,2026-09-19,Starter,Latin America,Finance,Partner,1,63,24,38,2,0,,49
3024,2026-03-25,Growth,Asia Pacific,Retail,Organic,1,18,24,54,1,0,,129
3025,2025-03-21,Starter,Europe,Manufacturing,Partner,0,40,23,88,0,0,,49
3026,2026-08-09,Growth,Europe,Healthcare,Paid Search,1,22,11,86,2,0,,129
3027,2025-09-05,Growth,Europe,Manufacturing,Partner,1,110,19,55,1,0,,129
3028,2025-07-04,Starter,Latin America,Retail,Organic,1,37,21,58,2,0,,49
3029,2025-07-15,Starter,Europe,Retail,Paid Search,1,77,33,45,2,0,,49
3030,2026-09-04,Enterprise,North America,Education,Referral,1,26,26,57,0,0,,399
3031,2025-04-05,Starter,North America,SaaS,Organic,1,51,13,62,0,0,,49
3032,2026-01-06,Starter,Latin America,Education,Paid Search,1,25,22,62,1,0,,49
3033,2025-11-20,Growth,Asia Pacific,Retail,Outbound Sales,1,42,24,41,2,1,2026-01-26,129
3034,2026-02-01,Starter,Europe,Retail,Referral,0,35,10,80,1,0,,49
3035,2026-07-04,Starter,Asia Pacific,Manufacturing,Referral,1,32,15,62,1,0,,49
3036,2026-03-04,Starter,Europe,Retail,Partner,1,26,16,72,0,0,,49
3037,2026-06-18,Growth,Latin America,Manufacturing,Paid Search,1,64,6,41,0,0,,129
3038,2025-12-14,Growth,North America,Finance,Outbound Sales,1,66,21,34,1,0,,129
3039,2026-04-30,Enterprise,Europe,Healthcare,Organic,1,79,19,65,1,0,,399
3040,2026-04-01,Growth,Asia Pacific,Finance,Partner,1,64,15,74,1,0,,129
3041,2026-01-01,Starter,Europe,Finance,Paid Search,1,58,14,86,1,0,,49
3042,2026-05-09,Growth,Asia Pacific,SaaS,Referral,1,62,15,79,1,0,,129
3043,2024-12-06,Starter,Latin America,Manufacturing,Paid Search,0,51,24,60,0,0,,49
3044,2025-11-02,Starter,Europe,Manufacturing,Organic,1,4,20,68,1,0,,49
3045,2026-05-02,Enterprise,Asia Pacific,Finance,Paid Search,1,46,22,95,2,0,,399
3046,2026-06-30,Starter,Latin America,Finance,Partner,1,29,30,80,1,0,,49
3047,2026-08-14,Starter,Asia Pacific,Manufacturing,Referral,0,36,14,51,0,0,,49
3048,2025-01-25,Enterprise,Latin America,Finance,Outbound Sales,0,33,34,94,0,0,,399
3049,2025-02-18,Starter,Europe,Healthcare,Partner,1,40,13,80,1,0,,49
3050,2025-07-11,Growth,Europe,Healthcare,Partner,0,0,10,30,1,0,,129
3051,2026-09-03,Starter,Asia Pacific,Finance,Outbound Sales,1,37,17,56,3,0,,49
3052,2026-09-10,Growth,Europe,SaaS,Outbound Sales,1,61,33,35,0,0,,129
3053,2025-10-28,Enterprise,North America,SaaS,Partner,0,32,20,98,1,0,,399
3054,2025-04-18,Growth,Latin America,Education,Organic,1,68,35,65,0,0,,129
3055,2026-08-23,Starter,North America,SaaS,Partner,1,41,12,81,1,0,,49
3056,2026-07-19,Growth,Europe,Manufacturing,Organic,1,89,17,23,1,0,,129
3057,2024-12-14,Enterprise,North America,Retail,Organic,1,60,1,67,0,0,,399
3058,2026-05-29,Starter,North America,Finance,Outbound Sales,0,28,20,47,1,0,,49
3059,2026-08-21,Starter,Asia Pacific,Retail,Paid Search,1,38,19,60,2,0,,49
3060,2026-09-23,Starter,North America,Education,Organic,1,57,33,86,0,0,,49
3061,2026-08-23,Enterprise,North America,SaaS,Paid Search,1,5,10,52,1,0,,399
3062,2025-12-13,Starter,Asia Pacific,Education,Partner,1,55,38,21,0,0,,49
3063,2025-10-04,Starter,Latin America,Education,Organic,1,5,27,68,1,0,,49
3064,2026-01-13,Starter,Latin America,Retail,Referral,0,36,14,37,0,0,,49
3065,2025-02-15,Growth,Europe,Retail,Paid Search,1,58,28,67,2,0,,129
3066,2024-11-09,Starter,Europe,Retail,Outbound Sales,1,24,16,69,3,0,,49
3067,2025-02-07,Starter,Europe,Healthcare,Paid Search,0,79,15,59,1,0,,49
3068,2025-07-21,Growth,Latin America,Finance,Organic,1,35,23,76,1,0,,129
3069,2025-06-14,Growth,Europe,Education,Outbound Sales,0,46,26,31,1,0,,129
3070,2026-04-05,Starter,Europe,Manufacturing,Organic,1,68,19,57,0,0,,49
3071,2026-04-14,Growth,Asia Pacific,Finance,Outbound Sales,1,59,23,70,1,0,,129
3072,2026-05-24,Growth,Europe,SaaS,Partner,1,22,15,62,0,0,,129
3073,2026-06-16,Growth,Europe,Education,Outbound Sales,1,50,38,99,1,0,,129
3074,2026-06-11,Starter,North America,Finance,Organic,1,36,11,85,1,0,,49
3075,2025-06-13,Starter,North America,Retail,Outbound Sales,1,48,17,49,1,0,,49
3076,2026-01-29,Starter,Latin America,Manufacturing,Partner,1,63,13,63,1,0,,49
3077,2025-11-17,Starter,North America,SaaS,Paid Search,1,75,26,63,0,0,,49
3078,2025-12-04,Starter,Latin America,Retail,Referral,0,45,14,82,0,0,,49
3079,2026-02-16,Starter,North America,Finance,Organic,1,17,16,43,1,0,,49
3080,2026-09-25,Starter,Asia Pacific,Manufacturing,Outbound Sales,1,57,11,95,3,0,,49
3081,2026-06-24,Growth,Asia Pacific,Healthcare,Organic,1,41,9,62,3,0,,129
3082,2026-03-26,Starter,North America,Healthcare,Organic,1,37,13,29,0,1,2026-06-02,49
3083,2025-10-18,Starter,Asia Pacific,SaaS,Organic,1,23,15,65,0,0,,49
3084,2024-11-24,Enterprise,Europe,Manufacturing,Referral,1,46,20,46,1,0,,399
3085,2026-03-08,Starter,North America,Finance,Paid Search,0,58,3,63,0,0,,49
3086,2025-02-14,Starter,Latin America,Manufacturing,Partner,0,50,17,49,2,0,,49
3087,2025-08-28,Starter,Latin America,Finance,Organic,1,57,14,94,0,0,,49
3088,2025-12-29,Growth,Europe,Retail,Referral,1,65,18,57,4,0,,129
3089,2025-01-25,Growth,Latin America,Healthcare,Outbound Sales,1,71,22,56,0,0,,129
3090,2025-02-25,Growth,North America,Finance,Outbound Sales,1,51,22,64,3,0,,129
3091,2025-03-24,Enterprise,North America,Manufacturing,Organic,1,40,23,49,3,0,,399
3092,2025-10-21,Starter,Latin America,Education,Outbound Sales,1,7,6,46,0,0,,49
3093,2025-09-14,Growth,Latin America,Education,Partner,1,74,12,51,0,0,,129
3094,2025-10-16,Growth,Latin America,Education,Partner,1,21,16,95,1,0,,129
3095,2026-02-08,Starter,North America,SaaS,Partner,1,42,16,68,1,0,,49
3096,2025-05-29,Starter,North America,Education,Organic,1,49,13,81,1,0,,49
3097,2026-04-16,Growth,Asia Pacific,Education,Organic,1,25,19,95,0,0,,129
3098,2026-03-08,Growth,North America,Manufacturing,Organic,0,51,22,69,0,0,,129
3099,2025-10-21,Starter,Latin America,Healthcare,Paid Search,0,58,21,28,0,1,2026-07-21,49
3100,2025-02-06,Starter,North America,SaaS,Paid Search,1,30,14,57,3,0,,49
3101,2026-01-21,Enterprise,Asia Pacific,Education,Referral,1,32,21,67,1,0,,399
3102,2026-02-05,Enterprise,North America,Manufacturing,Organic,1,48,18,40,3,0,,399
3103,2025-09-21,Enterprise,Asia Pacific,SaaS,Paid Search,1,22,15,57,1,0,,399
3104,2025-01-06,Enterprise,Europe,Healthcare,Organic,1,57,18,34,1,0,,399
3105,2025-09-02,Growth,Asia Pacific,Finance,Paid Search,0,56,22,86,1,0,,129
3106,2024-12-14,Starter,North America,Finance,Organic,1,53,19,86,2,0,,49
3107,2025-02-24,Starter,Latin America,Finance,Referral,1,22,26,34,2,0,,49
3108,2024-11-22,Starter,Europe,Retail,Paid Search,0,5,1,74,2,0,,49
3109,2025-10-16,Growth,Asia Pacific,SaaS,Paid Search,1,42,20,52,1,0,,129
3110,2026-08-24,Starter,Latin America,Finance,Referral,1,52,17,60,2,0,,49
3111,2025-02-18,Starter,Europe,Healthcare,Organic,1,39,31,35,0,0,,49
3112,2026-09-23,Starter,North America,Education,Referral,1,40,18,44,0,0,,49
3113,2025-04-16,Growth,North America,Healthcare,Partner,0,47,17,79,0,0,,129
3114,2025-07-06,Starter,Europe,Manufacturing,Outbound Sales,1,71,19,58,0,0,,49
3115,2026-04-11,Starter,Asia Pacific,Healthcare,Outbound Sales,1,59,12,37,0,0,,49
3116,2025-04-26,Growth,North America,SaaS,Partner,0,16,25,78,0,0,,129
3117,2026-05-18,Growth,North America,Finance,Referral,1,34,26,50,2,0,,129
3118,2025-04-11,Growth,Europe,SaaS,Organic,1,44,41,50,0,0,,129
3119,2025-10-03,Starter,Europe,Retail,Outbound Sales,1,17,27,21,1,1,2026-08-15,49
3120,2026-01-09,Growth,North America,Manufacturing,Partner,0,7,22,51,2,0,,129
3121,2026-02-15,Starter,North America,SaaS,Outbound Sales,1,13,18,59,1,0,,49
3122,2025-06-24,Growth,North America,Finance,Organic,1,37,22,36,1,0,,129
3123,2025-12-18,Growth,Latin America,Retail,Paid Search,0,26,29,47,1,0,,129
3124,2026-08-05,Growth,Asia Pacific,Manufacturing,Outbound Sales,1,61,18,57,1,0,,129
3125,2025-05-06,Growth,Europe,SaaS,Outbound Sales,1,37,18,52,2,0,,129
3126,2025-05-08,Starter,Europe,SaaS,Outbound Sales,1,6,21,70,3,0,,49
3127,2026-08-16,Starter,Europe,Manufacturing,Outbound Sales,1,61,16,40,1,0,,49
3128,2026-09-03,Starter,North America,SaaS,Referral,1,26,19,97,0,0,,49
3129,2026-01-15,Starter,Europe,Retail,Outbound Sales,1,74,23,54,2,0,,49
3130,2025-12-09,Growth,Asia Pacific,Manufacturing,Organic,1,30,0,62,1,0,,129
3131,2024-11-28,Starter,Asia Pacific,Healthcare,Organic,1,25,25,79,0,0,,49
3132,2026-07-20,Starter,Europe,Education,Partner,1,72,24,41,2,0,,49
3133,2025-05-20,Starter,Asia Pacific,Finance,Partner,1,10,25,84,3,1,2026-02-04,49
3134,2026-06-28,Enterprise,North America,Retail,Paid Search,1,69,1,81,0,0,,399
3135,2026-01-12,Starter,Asia Pacific,Manufacturing,Referral,1,60,11,60,1,0,,49
3136,2025-12-02,Growth,Latin America,Retail,Referral,1,65,18,51,3,0,,129
3137,2024-11-03,Starter,Asia Pacific,Finance,Outbound Sales,1,50,7,71,0,0,,49
3138,2025-06-06,Growth,North America,Finance,Paid Search,1,24,21,54,2,0,,129
3139,2025-05-28,Enterprise,Latin America,Education,Outbound Sales,1,53,18,56,0,0,,399
3140,2025-08-11,Growth,Europe,Retail,Paid Search,1,41,32,31,4,0,,129
3141,2025-01-02,Growth,Europe,Healthcare,Partner,0,28,20,77,0,0,,129
3142,2026-06-13,Enterprise,Europe,Education,Paid Search,0,11,13,81,0,0,,399
3143,2025-02-11,Growth,Europe,Retail,Outbound Sales,0,16,36,48,1,0,,129
3144,2026-05-02,Starter,North America,Retail,Organic,1,76,20,66,3,0,,49
3145,2025-05-09,Starter,North America,Retail,Partner,1,52,28,63,2,0,,49
3146,2025-11-08,Growth,North America,Education,Paid Search,1,45,8,40,0,0,,129
3147,2025-09-28,Starter,Asia Pacific,Retail,Organic,1,32,11,34,1,1,2026-02-05,49
3148,2026-02-10,Starter,Asia Pacific,Education,Referral,1,26,6,39,0,0,,49
3149,2025-02-23,Growth,Asia Pacific,Retail,Outbound Sales,0,48,12,53,1,0,,129
3150,2025-07-25,Starter,Latin America,Retail,Paid Search,1,27,16,62,0,0,,49
3151,2026-09-16,Growth,Europe,Retail,Outbound Sales,0,30,15,60,1,0,,129
3152,2026-03-15,Enterprise,North America,Retail,Referral,0,7,10,100,1,0,,399
3153,2026-04-23,Growth,Latin America,Finance,Outbound Sales,0,39,1,76,3,0,,129
3154,2026-08-15,Starter,Europe,Education,Referral,1,2,21,68,1,0,,49
3155,2025-09-15,Growth,Europe,Retail,Partner,0,28,22,84,0,0,,129
3156,2026-07-03,Growth,Latin America,Education,Organic,1,49,17,51,0,0,,129
3157,2025-12-01,Starter,Asia Pacific,Education,Outbound Sales,1,46,12,60,0,0,,49
3158,2026-07-17,Starter,Asia Pacific,Education,Organic,1,74,18,42,0,0,,49
3159,2025-12-05,Starter,North America,Retail,Organic,0,67,21,60,1,0,,49
3160,2026-06-23,Growth,Asia Pacific,Education,Partner,1,64,17,43,0,0,,129
3161,2025-02-23,Growth,Asia Pacific,SaaS,Organic,1,40,4,94,1,0,,129
3162,2025-10-21,Growth,North America,Healthcare,Referral,1,96,17,39,1,0,,129
3163,2025-10-25,Starter,Latin America,Healthcare,Referral,1,26,27,51,3,0,,49
3164,2026-02-10,Enterprise,Europe,Manufacturing,Referral,1,51,34,67,0,0,,399
3165,2026-07-24,Growth,Europe,Finance,Outbound Sales,1,33,24,30,1,0,,129
3166,2025-04-24,Starter,Asia Pacific,Manufacturing,Referral,0,65,9,44,1,0,,49
3167,2026-09-19,Starter,Asia Pacific,Healthcare,Outbound Sales,1,45,15,74,1,1,2026-09-30,49
3168,2025-08-30,Starter,Latin America,Education,Referral,1,31,16,40,2,0,,49
3169,2026-07-21,Starter,Latin America,Healthcare,Outbound Sales,1,63,18,16,0,0,,49
3170,2026-06-26,Enterprise,Europe,Education,Referral,1,28,18,92,2,0,,399
3171,2025-01-24,Starter,North America,Manufacturing,Partner,1,41,28,53,4,0,,49
3172,2026-09-18,Growth,Asia Pacific,Education,Referral,1,19,21,84,1,0,,129
3173,2025-03-16,Starter,Asia Pacific,Finance,Referral,1,22,11,60,2,0,,49
3174,2025-09-15,Enterprise,North America,SaaS,Referral,1,24,22,35,1,0,,399
3175,2025-02-27,Enterprise,Europe,Education,Organic,1,24,16,48,0,0,,399
3176,2025-07-01,Starter,North America,Manufacturing,Partner,1,31,0,60,1,0,,49
3177,2025-09-07,Growth,North America,SaaS,Partner,1,9,17,66,0,1,2025-12-05,129
3178,2025-05-05,Starter,Latin America,Education,Partner,1,62,23,58,2,0,,49
3179,2025-11-16,Starter,North America,Healthcare,Paid Search,1,46,29,32,0,0,,49
3180,2025-03-23,Growth,North America,Manufacturing,Paid Search,0,47,17,27,3,0,,129
3181,2026-04-06,Growth,Asia Pacific,Education,Referral,1,27,3,95,2,0,,129
3182,2025-12-01,Enterprise,Europe,Finance,Referral,1,18,17,93,0,0,,399
3183,2026-01-01,Starter,Latin America,Healthcare,Outbound Sales,1,0,9,78,0,0,,49
3184,2026-07-02,Growth,North America,SaaS,Referral,1,66,27,73,2,0,,129
3185,2025-03-20,Starter,Asia Pacific,SaaS,Referral,1,44,13,100,1,0,,49
3186,2026-06-10,Growth,Europe,Healthcare,Outbound Sales,1,53,14,28,1,0,,129
3187,2025-11-26,Enterprise,North America,Manufacturing,Referral,1,50,13,100,3,0,,399
3188,2026-01-06,Enterprise,North America,Manufacturing,Partner,0,24,14,52,2,0,,399
3189,2025-05-08,Starter,Latin America,SaaS,Outbound Sales,1,25,23,91,1,0,,49
3190,2026-03-12,Enterprise,Latin America,Finance,Organic,1,69,10,51,2,0,,399
3191,2026-08-11,Enterprise,Europe,SaaS,Referral,1,56,16,51,2,0,,399
3192,2026-05-03,Starter,Europe,SaaS,Paid Search,1,22,21,66,0,0,,49
3193,2026-08-21,Starter,Asia Pacific,Retail,Referral,0,44,15,42,0,0,,49
3194,2025-04-25,Starter,Europe,Finance,Referral,1,47,26,34,0,0,,49
3195,2026-05-21,Starter,Latin America,Retail,Organic,1,62,22,56,1,0,,49
3196,2025-04-18,Starter,Asia Pacific,Manufacturing,Referral,0,41,19,59,2,0,,49
3197,2026-03-15,Starter,Asia Pacific,Manufacturing,Paid Search,1,47,26,40,0,0,,49
3198,2025-08-21,Growth,North America,Retail,Outbound Sales,1,25,8,53,0,0,,129
3199,2025-03-22,Growth,Latin America,Healthcare,Outbound Sales,0,26,9,100,3,0,,129
3200,2025-05-09,Starter,Europe,Healthcare,Paid Search,1,71,20,69,1,0,,49
3201,2025-09-17,Enterprise,Asia Pacific,Manufacturing,Paid Search,0,57,21,53,2,0,,399
3202,2026-02-03,Enterprise,Latin America,Manufacturing,Outbound Sales,1,14,8,40,3,0,,399
3203,2026-07-26,Growth,North America,Healthcare,Partner,0,7,23,33,1,0,,129
3204,2024-12-23,Starter,Asia Pacific,Education,Organic,1,2,12,50,2,0,,49
3205,2025-11-01,Growth,Latin America,SaaS,Referral,1,41,35,47,2,0,,129
3206,2024-11-08,Starter,Europe,Healthcare,Partner,0,28,33,78,2,0,,49
3207,2026-03-10,Enterprise,Asia Pacific,Education,Outbound Sales,1,56,9,62,0,0,,399
3208,2025-03-18,Starter,North America,Manufacturing,Organic,0,52,18,33,1,0,,49
3209,2025-05-17,Enterprise,North America,Manufacturing,Organic,1,64,19,61,0,0,,399
3210,2025-11-27,Starter,Europe,Finance,Referral,1,41,11,72,0,0,,49
3211,2026-05-28,Starter,Latin America,SaaS,Partner,0,70,32,65,1,0,,49
3212,2026-03-31,Starter,Asia Pacific,Finance,Outbound Sales,1,14,23,64,1,0,,49
3213,2026-08-29,Enterprise,Asia Pacific,Retail,Partner,1,33,6,94,1,1,2026-09-29,399
3214,2025-12-22,Enterprise,Latin America,Healthcare,Partner,1,20,26,16,3,0,,399
3215,2026-03-17,Growth,Europe,Healthcare,Outbound Sales,1,20,20,35,0,0,,129
3216,2025-12-29,Starter,Latin America,Retail,Referral,1,27,28,28,2,0,,49
3217,2026-01-27,Enterprise,Latin America,Finance,Organic,1,37,21,70,2,1,2026-07-01,399
3218,2025-04-19,Enterprise,Asia Pacific,SaaS,Outbound Sales,0,21,8,82,2,0,,399
3219,2025-01-22,Starter,North America,Healthcare,Referral,1,0,28,69,2,0,,49
3220,2026-05-31,Starter,Asia Pacific,Manufacturing,Outbound Sales,1,61,23,88,1,0,,49
3221,2024-11-30,Growth,Europe,Healthcare,Referral,0,39,16,100,2,0,,129
3222,2025-06-12,Enterprise,North America,Manufacturing,Organic,1,44,26,100,1,0,,399
3223,2025-08-25,Starter,North America,Healthcare,Partner,1,0,13,43,2,0,,49
3224,2024-12-02,Starter,Europe,SaaS,Organic,1,34,10,57,4,0,,49
3225,2025-08-07,Starter,Europe,Education,Outbound Sales,1,55,17,75,0,0,,49
3226,2025-06-17,Growth,North America,Education,Organic,1,48,13,67,2,0,,129
3227,2026-05-03,Enterprise,Europe,Education,Organic,1,42,32,80,3,0,,399
3228,2025-08-21,Growth,Asia Pacific,Finance,Paid Search,1,68,23,42,2,0,,129
3229,2025-04-20,Starter,Asia Pacific,Finance,Referral,0,29,20,72,0,0,,49
3230,2026-02-10,Starter,North America,Healthcare,Paid Search,1,13,16,86,2,0,,49
3231,2026-06-01,Growth,Asia Pacific,Retail,Paid Search,1,20,22,68,0,0,,129
3232,2026-03-21,Starter,Asia Pacific,Healthcare,Paid Search,1,29,25,95,2,0,,49
3233,2026-05-15,Enterprise,North America,SaaS,Referral,1,25,4,47,1,0,,399
3234,2026-04-06,Starter,Asia Pacific,Education,Organic,1,44,12,35,1,1,2026-06-03,49
3235,2026-06-08,Starter,North America,Manufacturing,Outbound Sales,1,104,21,62,1,0,,49
3236,2025-02-23,Starter,Latin America,Education,Organic,1,46,24,46,1,0,,49
3237,2025-07-31,Growth,Asia Pacific,Healthcare,Paid Search,1,31,30,38,0,0,,129
3238,2026-05-09,Enterprise,North America,Education,Partner,0,22,4,38,0,0,,399
3239,2025-11-09,Starter,Europe,Manufacturing,Referral,1,50,25,83,0,0,,49
3240,2026-05-08,Enterprise,Europe,Education,Paid Search,1,0,24,27,1,0,,399
3241,2024-12-11,Enterprise,North America,Education,Partner,0,33,7,86,1,0,,399
3242,2026-01-24,Starter,Europe,Finance,Organic,1,36,14,74,0,0,,49
3243,2026-05-12,Starter,Europe,Manufacturing,Outbound Sales,1,52,18,72,1,1,2026-07-08,49
3244,2026-01-08,Growth,Europe,Retail,Partner,1,37,24,47,0,1,2026-03-05,129
3245,2026-08-30,Starter,Europe,Manufacturing,Referral,1,44,16,62,1,0,,49
3246,2025-07-10,Growth,Asia Pacific,Healthcare,Paid Search,1,35,19,53,0,0,,129
3247,2025-08-30,Growth,Asia Pacific,Finance,Paid Search,0,21,11,22,1,0,,129
3248,2024-12-02,Growth,Europe,Retail,Outbound Sales,1,51,27,54,2,0,,129
3249,2026-02-02,Starter,Latin America,SaaS,Paid Search,0,4,22,45,2,0,,49
3250,2025-07-26,Starter,Latin America,SaaS,Paid Search,1,43,3,93,0,0,,49
3251,2025-10-21,Enterprise,North America,SaaS,Outbound Sales,0,40,16,78,1,0,,399
3252,2025-01-27,Growth,Latin America,Education,Referral,1,42,15,51,1,0,,129
3253,2026-01-22,Growth,Asia Pacific,Finance,Referral,0,43,15,98,1,0,,129
3254,2025-02-27,Starter,North America,SaaS,Referral,1,42,16,87,0,0,,49
3255,2025-06-29,Growth,North America,Manufacturing,Paid Search,1,39,13,51,1,0,,129
3256,2025-06-01,Starter,Latin America,Manufacturing,Referral,1,20,30,54,0,0,,49
3257,2026-06-24,Starter,Asia Pacific,Manufacturing,Referral,1,38,6,68,0,0,,49
3258,2025-10-24,Growth,Latin America,Healthcare,Organic,0,80,30,64,1,0,,129
3259,2026-07-16,Starter,Europe,Education,Outbound Sales,1,61,18,44,1,0,,49
3260,2026-08-08,Growth,Latin America,SaaS,Organic,1,70,23,28,0,0,,129
3261,2026-01-11,Growth,North America,Education,Paid Search,1,55,7,62,0,0,,129
3262,2025-04-17,Growth,North America,Healthcare,Partner,1,24,17,83,0,0,,129
3263,2026-07-22,Growth,Europe,Manufacturing,Outbound Sales,1,49,36,87,2,0,,129
3264,2025-03-21,Growth,Europe,Healthcare,Paid Search,1,67,19,26,0,0,,129
3265,2025-05-29,Starter,North America,Finance,Paid Search,1,41,15,33,0,0,,49
3266,2025-05-29,Starter,Europe,SaaS,Outbound Sales,0,16,23,46,1,0,,49
3267,2024-12-29,Starter,Europe,Education,Partner,0,50,14,91,0,1,2025-11-15,49
3268,2025-10-24,Growth,North America,SaaS,Organic,0,49,9,100,0,0,,129
3269,2026-04-28,Starter,North America,Manufacturing,Paid Search,1,88,24,41,1,0,,49
3270,2025-08-13,Growth,North America,SaaS,Referral,1,45,17,29,0,0,,129
3271,2026-07-03,Starter,North America,Finance,Outbound Sales,0,36,22,82,0,0,,49
3272,2026-05-04,Starter,North America,Healthcare,Paid Search,1,53,22,83,2,0,,49
3273,2025-04-20,Starter,Latin America,Finance,Referral,1,33,7,77,1,0,,49
3274,2025-09-26,Growth,North America,Healthcare,Referral,1,54,19,96,0,1,2026-03-24,129
3275,2025-08-22,Starter,North America,Retail,Organic,1,54,20,63,0,0,,49
3276,2026-06-08,Growth,Europe,Retail,Outbound Sales,1,24,27,87,2,0,,129
3277,2025-07-30,Enterprise,Asia Pacific,Finance,Organic,0,63,15,48,0,1,2026-05-19,399
3278,2026-09-25,Enterprise,Asia Pacific,Manufacturing,Partner,0,43,23,41,1,0,,399
3279,2025-02-04,Starter,Latin America,SaaS,Organic,1,45,19,71,1,0,,49
3280,2025-03-17,Enterprise,Latin America,Education,Partner,1,17,31,80,1,0,,399
3281,2025-12-25,Starter,Europe,Education,Partner,1,59,15,87,0,0,,49
3282,2024-12-29,Growth,Europe,Finance,Referral,1,53,19,56,2,0,,129
3283,2025-08-09,Growth,Europe,Education,Paid Search,1,48,33,25,1,0,,129
3284,2026-09-01,Starter,Europe,Education,Organic,0,46,2,54,1,0,,49
3285,2025-03-08,Growth,Europe,Finance,Referral,1,34,31,53,3,0,,129
3286,2025-03-14,Enterprise,Asia Pacific,Finance,Partner,1,49,8,63,2,0,,399
3287,2025-07-12,Starter,Asia Pacific,Healthcare,Paid Search,0,24,25,67,0,0,,49
3288,2025-03-28,Enterprise,Asia Pacific,Education,Organic,1,42,7,80,0,0,,399
3289,2025-09-24,Starter,Europe,Education,Paid Search,1,44,18,47,1,0,,49
3290,2025-07-10,Growth,Europe,Manufacturing,Referral,0,61,13,76,2,0,,129
3291,2026-09-22,Growth,Asia Pacific,Manufacturing,Paid Search,1,28,25,18,1,0,,129
3292,2025-12-06,Starter,Europe,Healthcare,Partner,1,50,11,63,3,1,2026-09-12,49
3293,2025-03-24,Enterprise,Latin America,Retail,Paid Search,1,15,17,85,4,1,2026-02-12,399
3294,2026-08-08,Starter,Latin America,Finance,Referral,1,50,24,28,0,0,,49
3295,2025-08-01,Enterprise,Latin America,Manufacturing,Referral,1,83,19,49,5,0,,399
3296,2026-08-03,Starter,Asia Pacific,Healthcare,Organic,1,11,12,35,3,0,,49
3297,2025-12-28,Starter,Asia Pacific,Education,Referral,0,35,16,88,1,0,,49
3298,2025-11-18,Starter,Europe,Finance,Paid Search,0,52,14,62,3,0,,49
3299,2026-02-04,Starter,Europe,Education,Referral,1,47,10,60,1,0,,49
3300,2025-01-15,Starter,North America,Manufacturing,Referral,1,22,26,85,1,0,,49
3301,2026-08-09,Starter,North America,Education,Partner,0,59,10,44,2,0,,49
3302,2025-02-02,Growth,North America,Education,Paid Search,1,78,19,66,2,0,,129
3303,2025-12-16,Growth,Latin America,Finance,Referral,1,43,23,62,1,0,,129
3304,2026-04-10,Growth,Europe,Retail,Partner,1,37,14,64,1,0,,129
3305,2025-08-10,Starter,Asia Pacific,Finance,Partner,1,22,20,54,0,0,,49
3306,2025-11-11,Starter,North America,Manufacturing,Outbound Sales,1,26,22,64,0,0,,49
3307,2026-02-07,Starter,Europe,SaaS,Partner,1,60,12,50,3,0,,49
3308,2026-03-13,Starter,Asia Pacific,SaaS,Paid Search,1,42,17,58,2,0,,49
3309,2025-09-30,Starter,Asia Pacific,Retail,Partner,1,25,27,31,0,0,,49
3310,2026-06-17,Growth,Europe,Healthcare,Outbound Sales,1,52,15,55,0,0,,129
3311,2024-11-01,Growth,Europe,Education,Outbound Sales,1,41,25,64,1,0,,129
3312,2025-02-02,Growth,Asia Pacific,Retail,Organic,1,44,25,34,1,0,,129
3313,2026-02-11,Starter,Latin America,Manufacturing,Partner,1,8,22,59,1,0,,49
3314,2026-08-11,Starter,Asia Pacific,Finance,Partner,1,19,10,51,1,0,,49
3315,2026-09-10,Growth,North America,Retail,Referral,1,8,9,67,1,0,,129
3316,2025-10-31,Starter,Asia Pacific,Finance,Paid Search,1,44,24,89,5,0,,49
3317,2025-01-02,Starter,Europe,Finance,Outbound Sales,1,20,15,56,3,0,,49
3318,2026-04-30,Growth,Latin America,Manufacturing,Paid Search,1,11,18,86,1,0,,129
3319,2025-12-11,Enterprise,Europe,Finance,Partner,1,29,12,76,2,0,,399
3320,2025-06-10,Starter,Europe,Healthcare,Organic,0,35,23,48,3,0,,49
3321,2026-01-12,Starter,Asia Pacific,Finance,Organic,1,24,26,64,1,0,,49
3322,2025-06-03,Growth,Latin America,SaaS,Referral,1,36,35,57,0,0,,129
3323,2026-03-20,Growth,Asia Pacific,Healthcare,Paid Search,1,22,12,53,3,0,,129
3324,2025-07-31,Starter,Asia Pacific,Manufacturing,Organic,1,40,15,58,4,0,,49
3325,2025-09-25,Growth,Europe,SaaS,Partner,1,58,17,22,2,0,,129
3326,2025-08-16,Growth,Asia Pacific,Manufacturing,Referral,1,51,11,76,1,0,,129
3327,2025-10-10,Enterprise,Latin America,SaaS,Partner,1,30,13,63,1,1,2026-08-16,399
3328,2026-06-13,Enterprise,Latin America,Retail,Referral,1,27,24,42,1,0,,399
3329,2025-03-12,Starter,North America,SaaS,Paid Search,1,59,27,59,0,0,,49
3330,2026-06-01,Starter,North America,Manufacturing,Outbound Sales,1,79,12,24,0,0,,49
3331,2026-03-10,Starter,North America,Finance,Paid Search,0,53,7,74,2,0,,49
3332,2025-10-16,Starter,Europe,Finance,Referral,1,70,11,67,1,0,,49
3333,2026-09-28,Starter,Europe,Healthcare,Referral,0,72,21,41,1,0,,49
3334,2024-12-18,Growth,Latin America,Manufacturing,Partner,1,35,2,62,3,0,,129
3335,2024-12-16,Enterprise,North America,Education,Paid Search,1,46,26,91,2,0,,399
3336,2025-02-08,Starter,North America,Finance,Outbound Sales,1,20,25,74,1,0,,49
3337,2026-08-02,Starter,Latin America,Manufacturing,Referral,1,36,35,61,1,0,,49
3338,2026-02-12,Starter,Europe,SaaS,Partner,1,58,11,61,2,0,,49
3339,2024-11-15,Starter,North America,Healthcare,Referral,1,36,9,92,1,0,,49
3340,2025-03-06,Starter,Europe,Healthcare,Referral,1,60,10,61,1,0,,49
3341,2025-04-09,Starter,Latin America,Retail,Paid Search,1,50,13,68,1,0,,49
3342,2026-01-24,Enterprise,Asia Pacific,Education,Outbound Sales,0,89,25,55,3,0,,399
3343,2026-02-09,Starter,North America,Finance,Partner,1,32,24,55,0,0,,49
3344,2024-10-30,Starter,Latin America,Finance,Outbound Sales,0,61,13,72,0,0,,49
3345,2026-01-11,Growth,Latin America,Healthcare,Paid Search,1,26,14,57,1,0,,129
3346,2025-05-25,Starter,Latin America,Education,Organic,0,30,17,56,3,0,,49
3347,2025-03-14,Starter,Asia Pacific,Education,Outbound Sales,1,93,19,78,0,0,,49
3348,2026-08-26,Growth,Asia Pacific,Manufacturing,Outbound Sales,0,41,24,52,1,0,,129
3349,2025-09-04,Starter,Europe,Retail,Referral,1,17,17,85,2,0,,49
3350,2025-04-10,Growth,Europe,Finance,Paid Search,1,58,6,48,0,0,,129
3351,2025-08-06,Starter,Latin America,Finance,Partner,1,30,31,7,0,0,,49
3352,2025-02-02,Starter,Europe,Manufacturing,Referral,0,14,23,63,2,0,,49
3353,2026-08-31,Starter,Latin America,Finance,Partner,0,44,24,51,1,0,,49
3354,2025-11-03,Starter,Latin America,Education,Referral,1,56,20,51,0,0,,49
3355,2025-07-13,Starter,Asia Pacific,Retail,Outbound Sales,1,61,18,59,1,0,,49
3356,2025-01-22,Growth,North America,Healthcare,Outbound Sales,0,22,0,28,3,0,,129
3357,2025-11-14,Starter,Latin America,Retail,Paid Search,1,28,19,80,1,0,,49
3358,2026-09-10,Starter,North America,Retail,Paid Search,1,58,6,77,1,0,,49
3359,2026-08-25,Growth,Latin America,Finance,Paid Search,0,75,14,64,0,1,2026-09-25,129
3360,2024-12-22,Growth,Latin America,Education,Outbound Sales,1,69,21,91,2,0,,129
3361,2025-12-09,Starter,North America,Finance,Outbound Sales,0,63,18,89,1,0,,49
3362,2026-08-01,Starter,Europe,SaaS,Partner,1,15,10,27,0,0,,49
3363,2025-09-07,Growth,Latin America,Finance,Partner,1,91,11,75,2,0,,129
3364,2025-06-26,Growth,North America,Healthcare,Partner,0,26,22,91,2,0,,129
3365,2026-01-12,Growth,Asia Pacific,Education,Paid Search,1,55,3,67,1,0,,129
3366,2026-09-01,Growth,Europe,Education,Outbound Sales,0,71,13,61,2,0,,129
3367,2025-01-31,Growth,Asia Pacific,Healthcare,Paid Search,1,31,11,84,3,0,,129
3368,2025-02-04,Starter,Asia Pacific,Education,Paid Search,1,73,13,23,0,0,,49
3369,2024-10-31,Enterprise,Latin America,SaaS,Paid Search,1,70,4,43,1,0,,399
3370,2025-06-05,Starter,Europe,Retail,Organic,1,39,33,72,1,0,,49
3371,2026-03-02,Starter,North America,Retail,Organic,0,51,20,36,0,0,,49
3372,2025-01-17,Growth,Latin America,Education,Organic,0,22,16,54,2,0,,129
3373,2025-03-14,Enterprise,Europe,SaaS,Partner,0,65,32,52,3,0,,399
3374,2026-06-29,Starter,Latin America,Education,Organic,1,32,29,79,0,0,,49
3375,2025-06-18,Starter,Europe,Healthcare,Partner,1,47,10,94,1,0,,49
3376,2026-04-14,Starter,Asia Pacific,Manufacturing,Partner,1,65,22,54,0,0,,49
3377,2026-09-26,Starter,Asia Pacific,Retail,Paid Search,1,49,34,50,0,0,,49
3378,2026-01-28,Growth,Asia Pacific,Retail,Referral,1,90,4,35,4,0,,129
3379,2024-11-08,Growth,Asia Pacific,Finance,Outbound Sales,1,85,19,27,1,0,,129
3380,2024-11-07,Growth,Asia Pacific,Retail,Paid Search,1,74,3,48,2,0,,129
3381,2025-10-16,Starter,Asia Pacific,Finance,Organic,0,38,9,61,2,0,,49
3382,2025-03-02,Starter,Europe,Finance,Partner,0,42,26,65,1,0,,49
3383,2026-01-05,Starter,Europe,Manufacturing,Organic,1,29,9,74,1,1,2026-07-31,49
3384,2025-03-14,Starter,Latin America,Education,Partner,1,20,5,58,2,0,,49
3385,2026-03-03,Growth,Europe,Education,Organic,1,61,15,74,3,0,,129
3386,2025-01-10,Growth,Latin America,Healthcare,Paid Search,1,32,5,64,2,0,,129
3387,2025-06-21,Enterprise,North America,Manufacturing,Paid Search,1,4,29,66,1,0,,399
3388,2025-11-26,Enterprise,Europe,Healthcare,Outbound Sales,1,43,7,39,3,0,,399
3389,2025-01-29,Enterprise,Asia Pacific,Finance,Organic,1,48,9,29,0,0,,399
3390,2025-02-11,Starter,Asia Pacific,Finance,Organic,0,12,13,53,3,0,,49
3391,2025-02-12,Enterprise,Europe,SaaS,Organic,0,46,14,97,3,0,,399
3392,2025-09-15,Enterprise,Latin America,Manufacturing,Paid Search,1,31,16,38,0,0,,399
3393,2025-11-10,Starter,Latin America,SaaS,Outbound Sales,0,45,21,71,0,0,,49
3394,2025-09-01,Growth,Europe,Finance,Partner,1,63,25,80,2,0,,129
3395,2025-03-19,Starter,Latin America,Finance,Paid Search,1,55,12,68,2,0,,49
3396,2025-11-25,Growth,North America,Finance,Organic,1,58,20,93,1,0,,129
3397,2025-03-15,Starter,Europe,Manufacturing,Paid Search,1,29,23,53,2,0,,49
3398,2026-08-17,Enterprise,North America,Healthcare,Organic,0,56,34,43,1,0,,399
3399,2026-09-23,Growth,North America,Finance,Partner,0,26,17,73,2,0,,129
3400,2025-03-25,Starter,North America,SaaS,Partner,1,33,29,38,1,0,,49
3401,2025-01-08,Starter,Latin America,Education,Organic,1,77,20,76,0,0,,49
3402,2026-04-26,Starter,Europe,Finance,Outbound Sales,1,33,13,55,0,0,,49
3403,2026-05-29,Starter,North America,Education,Paid Search,1,64,9,80,1,0,,49
3404,2024-11-07,Growth,Latin America,Finance,Outbound Sales,1,25,18,76,0,1,2025-10-15,129
3405,2026-08-26,Growth,Asia Pacific,Finance,Partner,0,38,14,41,0,0,,129
3406,2025-04-16,Enterprise,North America,Retail,Outbound Sales,0,0,6,68,3,0,,399
3407,2026-01-23,Starter,Asia Pacific,Healthcare,Partner,0,46,24,68,2,1,2026-05-22,49
3408,2025-06-05,Starter,Europe,SaaS,Referral,0,24,18,66,2,0,,49
3409,2026-08-04,Growth,Asia Pacific,Education,Organic,1,29,17,84,1,0,,129
3410,2025-04-03,Starter,Asia Pacific,Healthcare,Partner,0,19,15,62,2,0,,49
3411,2025-12-25,Starter,Europe,Education,Organic,1,28,10,57,1,0,,49
3412,2026-07-22,Growth,Asia Pacific,Education,Partner,1,36,12,52,2,0,,129
3413,2026-01-26,Starter,Europe,SaaS,Partner,0,34,20,29,2,0,,49
3414,2025-06-09,Enterprise,Europe,Manufacturing,Outbound Sales,1,35,30,77,0,0,,399
3415,2025-01-26,Growth,Europe,Education,Referral,0,47,19,41,2,0,,129
3416,2025-02-09,Growth,North America,SaaS,Organic,1,59,16,45,1,0,,129
3417,2025-03-22,Growth,North America,Healthcare,Outbound Sales,1,44,20,54,3,0,,129
3418,2025-03-05,Starter,Europe,Education,Outbound Sales,0,61,25,37,0,0,,49
3419,2026-06-25,Starter,Latin America,Manufacturing,Paid Search,1,71,21,57,1,0,,49
3420,2025-11-27,Starter,Europe,Education,Outbound Sales,1,70,20,80,1,0,,49
3421,2025-10-24,Growth,Latin America,Healthcare,Organic,0,0,21,100,1,0,,129
3422,2026-01-12,Starter,Asia Pacific,Manufacturing,Referral,1,37,9,76,3,0,,49
3423,2025-09-17,Starter,Latin America,Retail,Referral,1,8,2,63,3,0,,49
3424,2025-03-22,Starter,Asia Pacific,Education,Referral,1,26,12,42,3,0,,49
3425,2025-07-10,Starter,North America,Retail,Organic,1,77,16,31,1,0,,49
3426,2025-08-09,Starter,Europe,Retail,Referral,1,61,27,85,1,0,,49
3427,2026-08-21,Growth,Latin America,Manufacturing,Outbound Sales,1,58,18,62,1,1,2026-09-21,129
3428,2025-07-11,Starter,Asia Pacific,Retail,Partner,1,49,25,47,1,1,2026-05-20,49
3429,2026-07-07,Starter,Asia Pacific,Retail,Referral,0,45,14,86,3,0,,49
3430,2026-07-06,Growth,Europe,Manufacturing,Organic,1,65,17,31,0,1,2026-09-20,129
3431,2026-07-14,Starter,North America,Healthcare,Partner,0,46,19,71,2,0,,49
3432,2025-08-17,Growth,Latin America,Finance,Partner,0,38,16,49,0,0,,129
3433,2024-11-26,Growth,Europe,Finance,Referral,1,58,12,65,1,0,,129
3434,2026-09-04,Growth,Asia Pacific,Retail,Outbound Sales,1,40,5,80,2,0,,129
3435,2025-09-03,Starter,North America,Finance,Organic,0,40,17,26,0,0,,49
3436,2025-05-28,Enterprise,North America,Education,Organic,1,28,20,83,0,0,,399
3437,2026-04-13,Starter,North America,Finance,Paid Search,1,18,11,73,1,0,,49
3438,2026-07-13,Enterprise,Asia Pacific,Retail,Partner,1,74,18,26,1,0,,399
3439,2026-04-04,Enterprise,North America,Healthcare,Paid Search,1,22,22,36,3,0,,399
3440,2025-05-11,Starter,North America,Healthcare,Outbound Sales,1,44,16,59,1,0,,49
3441,2025-12-05,Starter,Asia Pacific,SaaS,Partner,1,45,14,25,1,0,,49
3442,2025-08-28,Starter,North America,SaaS,Referral,1,27,21,55,0,0,,49
3443,2026-08-22,Starter,North America,Healthcare,Paid Search,1,67,20,88,0,0,,49
3444,2024-12-24,Growth,Europe,Finance,Organic,1,53,14,75,3,0,,129
3445,2025-07-02,Starter,North America,SaaS,Partner,1,65,16,29,1,0,,49
3446,2026-03-20,Starter,Asia Pacific,Education,Partner,1,72,12,62,2,0,,49
3447,2025-11-29,Enterprise,Europe,Education,Referral,1,24,0,29,4,0,,399
3448,2025-02-22,Starter,North America,Manufacturing,Paid Search,0,78,15,53,1,0,,49
3449,2025-07-03,Starter,Europe,Education,Referral,1,43,20,20,3,0,,49
3450,2026-03-25,Growth,North America,Finance,Organic,1,56,15,87,1,0,,129
3451,2026-08-14,Growth,Asia Pacific,SaaS,Referral,1,63,4,52,0,0,,129
3452,2026-06-30,Starter,Asia Pacific,Finance,Paid Search,1,65,24,75,1,0,,49
3453,2025-01-10,Growth,North America,SaaS,Paid Search,0,40,22,71,2,0,,129
3454,2026-04-23,Starter,Latin America,Healthcare,Referral,1,45,31,61,0,0,,49
3455,2024-11-11,Growth,North America,Education,Referral,1,23,15,57,0,0,,129
3456,2025-11-03,Starter,Europe,Retail,Paid Search,1,26,23,57,1,0,,49
3457,2025-09-19,Enterprise,Asia Pacific,SaaS,Outbound Sales,1,19,13,77,2,0,,399
3458,2025-03-14,Starter,Latin America,Finance,Referral,1,34,34,56,3,0,,49
3459,2025-11-30,Enterprise,Europe,Manufacturing,Outbound Sales,1,29,12,67,3,0,,399
3460,2026-06-04,Enterprise,Asia Pacific,Manufacturing,Organic,1,16,14,88,0,0,,399
3461,2026-01-03,Enterprise,Europe,SaaS,Referral,1,27,32,40,0,1,2026-05-06,399
3462,2026-05-12,Starter,Europe,Manufacturing,Referral,1,64,17,72,0,0,,49
3463,2026-09-29,Starter,Latin America,SaaS,Paid Search,1,24,24,55,0,1,2026-09-30,49
3464,2025-04-24,Starter,Europe,Manufacturing,Referral,0,63,7,59,0,0,,49
3465,2026-02-24,Growth,Europe,Retail,Outbound Sales,1,84,17,12,0,0,,129
3466,2025-01-12,Enterprise,Europe,Finance,Outbound Sales,1,67,17,89,2,0,,399
3467,2024-11-16,Starter,Asia Pacific,Education,Partner,1,39,23,67,2,1,2025-10-12,49
3468,2025-01-07,Starter,Asia Pacific,Retail,Partner,1,69,8,44,1,0,,49
3469,2024-11-13,Starter,Europe,Healthcare,Paid Search,0,69,10,52,1,0,,49
3470,2025-07-25,Enterprise,Asia Pacific,Retail,Partner,1,50,12,33,2,0,,399
3471,2025-06-07,Starter,Latin America,Finance,Outbound Sales,1,63,20,45,3,0,,49
3472,2024-12-09,Starter,Europe,Finance,Organic,1,46,16,90,3,0,,49
3473,2024-12-30,Growth,Latin America,Education,Organic,1,71,13,67,2,0,,129
3474,2025-12-11,Starter,Europe,Education,Referral,1,44,9,28,3,0,,49
3475,2026-04-01,Starter,Asia Pacific,Finance,Referral,0,91,15,84,2,0,,49
3476,2025-08-19,Starter,Latin America,SaaS,Organic,1,71,29,59,1,0,,49
3477,2026-08-04,Starter,North America,Education,Partner,1,72,10,27,1,0,,49
3478,2026-03-27,Starter,North America,Retail,Partner,1,72,22,81,2,0,,49
3479,2025-12-29,Starter,North America,Manufacturing,Organic,0,19,22,8,1,0,,49
3480,2026-01-06,Growth,Latin America,SaaS,Paid Search,1,30,8,81,3,0,,129
3481,2025-12-15,Enterprise,Asia Pacific,Manufacturing,Organic,1,60,23,68,1,0,,399
3482,2025-01-22,Starter,Latin America,Education,Organic,1,65,4,67,1,0,,49
3483,2026-08-16,Growth,Europe,Healthcare,Outbound Sales,1,24,10,88,0,0,,129
3484,2026-05-02,Enterprise,Europe,Education,Organic,0,38,25,58,3,0,,399
3485,2026-05-03,Starter,Latin America,Retail,Organic,1,43,19,56,3,0,,49
3486,2026-07-22,Enterprise,North America,Healthcare,Organic,0,28,15,69,1,0,,399
3487,2025-04-04,Growth,North America,Manufacturing,Referral,0,19,32,63,1,0,,129
3488,2025-08-10,Starter,North America,Retail,Paid Search,0,30,13,27,0,0,,49
3489,2025-01-23,Enterprise,Europe,Finance,Outbound Sales,1,73,14,76,0,0,,399
3490,2025-09-12,Growth,Latin America,Finance,Paid Search,1,67,22,50,3,0,,129
3491,2025-01-18,Growth,Europe,Healthcare,Organic,1,18,12,64,2,0,,129
3492,2026-04-06,Enterprise,Europe,Finance,Organic,0,32,20,66,2,0,,399
3493,2025-05-26,Starter,Asia Pacific,SaaS,Partner,0,26,25,53,4,0,,49
3494,2025-04-07,Starter,Asia Pacific,Education,Partner,0,41,10,52,2,0,,49
3495,2026-05-02,Growth,Latin America,Manufacturing,Outbound Sales,1,32,18,72,0,0,,129
3496,2025-09-29,Growth,Europe,Manufacturing,Outbound Sales,1,40,20,32,1,0,,129
3497,2025-12-04,Growth,Latin America,Manufacturing,Paid Search,0,75,14,70,4,0,,129
3498,2026-06-22,Starter,Asia Pacific,Manufacturing,Outbound Sales,0,40,4,61,3,0,,49
3499,2026-08-10,Growth,North America,Healthcare,Paid Search,0,59,22,68,1,0,,129
3500,2026-08-26,Starter,Asia Pacific,SaaS,Organic,1,62,13,90,3,0,,49
3501,2026-09-27,Growth,Asia Pacific,Retail,Partner,1,47,21,77,2,0,,129
3502,2026-08-19,Starter,Latin America,Finance,Organic,0,19,8,59,1,0,,49
3503,2025-01-05,Growth,Europe,Finance,Paid Search,1,39,23,49,1,0,,129
3504,2025-09-12,Enterprise,North America,Retail,Organic,1,40,21,43,0,1,2026-05-23,399
3505,2025-07-01,Growth,Asia Pacific,Retail,Referral,1,19,24,69,2,0,,129
3506,2024-12-28,Growth,Latin America,Finance,Partner,1,32,29,38,1,0,,129
3507,2025-07-07,Growth,Latin America,Finance,Referral,1,19,29,45,0,0,,129
3508,2025-01-26,Starter,Asia Pacific,SaaS,Outbound Sales,1,37,4,98,2,0,,49
3509,2026-01-17,Enterprise,North America,SaaS,Organic,1,51,17,52,1,0,,399
3510,2025-02-25,Growth,Asia Pacific,Manufacturing,Organic,0,16,27,76,0,0,,129
3511,2026-02-06,Enterprise,North America,Healthcare,Referral,1,5,20,57,2,0,,399
3512,2026-07-18,Starter,North America,Retail,Outbound Sales,1,30,11,50,1,0,,49
3513,2026-07-15,Growth,Latin America,Manufacturing,Paid Search,1,32,29,61,1,0,,129
3514,2024-12-25,Growth,Asia Pacific,Education,Organic,1,58,33,68,3,0,,129
3515,2025-09-11,Starter,Asia Pacific,SaaS,Partner,1,70,23,84,0,0,,49
3516,2026-09-12,Growth,North America,Finance,Referral,1,51,19,50,2,0,,129
3517,2026-09-03,Growth,Latin America,SaaS,Outbound Sales,1,35,33,39,2,0,,129
3518,2025-04-27,Enterprise,Latin America,Finance,Outbound Sales,1,30,28,66,0,0,,399
3519,2025-03-01,Growth,Asia Pacific,Healthcare,Outbound Sales,1,25,28,70,2,0,,129
3520,2024-11-11,Growth,North America,Finance,Paid Search,1,5,12,39,0,0,,129
3521,2025-03-19,Starter,Latin America,Education,Referral,0,45,20,56,2,0,,49
3522,2024-11-10,Starter,North America,Manufacturing,Referral,1,28,13,50,1,0,,49
3523,2025-04-15,Starter,Europe,Finance,Outbound Sales,0,39,17,71,1,0,,49
3524,2026-03-22,Growth,North America,Finance,Organic,0,0,21,50,3,0,,129
3525,2025-10-20,Growth,North America,SaaS,Partner,0,34,33,97,3,0,,129
3526,2026-04-18,Starter,North America,Finance,Referral,0,46,13,48,0,0,,49
3527,2026-04-12,Growth,Latin America,Retail,Organic,0,35,11,91,1,0,,129
3528,2025-07-22,Starter,Latin America,Manufacturing,Outbound Sales,1,44,24,63,2,0,,49
3529,2025-04-18,Starter,North America,Finance,Outbound Sales,1,8,19,96,2,0,,49
3530,2025-11-14,Starter,Latin America,Manufacturing,Outbound Sales,1,0,28,55,2,1,2026-02-16,49
3531,2025-08-01,Starter,Europe,Healthcare,Paid Search,1,42,1,89,1,0,,49
3532,2025-02-27,Starter,Europe,Finance,Referral,1,4,8,66,1,0,,49
3533,2024-11-29,Enterprise,Latin America,Education,Referral,1,27,9,74,2,0,,399
3534,2025-10-08,Starter,Asia Pacific,SaaS,Organic,1,47,39,78,2,0,,49
3535,2026-01-12,Starter,Latin America,Healthcare,Outbound Sales,0,18,8,47,3,0,,49
3536,2025-08-04,Starter,Asia Pacific,Retail,Paid Search,1,51,21,47,1,0,,49
3537,2026-04-19,Growth,Europe,SaaS,Partner,1,62,20,34,2,0,,129
3538,2025-01-03,Growth,Europe,Manufacturing,Referral,0,47,0,55,1,0,,129
3539,2025-07-26,Starter,North America,Finance,Outbound Sales,1,56,27,52,0,0,,49
3540,2026-06-12,Enterprise,Asia Pacific,Healthcare,Paid Search,1,40,19,53,0,0,,399
3541,2026-08-03,Starter,North America,Retail,Partner,0,56,16,63,1,0,,49
3542,2025-01-16,Starter,Asia Pacific,Finance,Paid Search,0,63,14,42,2,0,,49
3543,2026-03-22,Starter,North America,Healthcare,Outbound Sales,1,47,22,31,0,0,,49
3544,2026-02-08,Enterprise,Europe,Finance,Partner,1,24,20,64,3,0,,399
3545,2026-04-06,Starter,Latin America,SaaS,Referral,0,75,31,69,2,0,,49
3546,2025-11-02,Growth,Asia Pacific,Healthcare,Paid Search,1,68,15,65,0,0,,129
3547,2024-12-25,Starter,Latin America,Healthcare,Partner,1,35,24,47,0,0,,49
3548,2026-03-25,Growth,Europe,Education,Partner,0,103,14,67,3,0,,129
3549,2026-06-02,Starter,North America,Education,Outbound Sales,1,25,12,57,1,0,,49
3550,2025-04-18,Growth,Asia Pacific,Education,Outbound Sales,0,60,22,59,3,0,,129
3551,2025-11-10,Starter,Europe,Healthcare,Paid Search,1,50,1,39,1,0,,49
3552,2025-04-09,Starter,Latin America,Finance,Outbound Sales,1,47,9,50,2,0,,49
3553,2025-07-18,Starter,North America,Finance,Organic,0,88,24,70,1,0,,49
3554,2025-02-12,Starter,Latin America,Healthcare,Partner,0,15,25,40,1,0,,49
3555,2026-06-09,Growth,Europe,Healthcare,Organic,1,48,21,67,3,0,,129
3556,2026-09-20,Starter,Asia Pacific,Education,Referral,1,49,19,41,1,0,,49
3557,2025-02-25,Starter,Latin America,SaaS,Organic,0,35,10,58,0,0,,49
3558,2025-06-20,Starter,Latin America,Retail,Referral,1,32,10,75,2,0,,49
3559,2026-04-04,Starter,Europe,Manufacturing,Paid Search,1,41,21,36,2,0,,49
3560,2024-11-01,Starter,North America,Healthcare,Outbound Sales,1,59,28,42,0,0,,49
3561,2024-12-14,Growth,North America,Manufacturing,Outbound Sales,1,48,12,83,0,0,,129
3562,2024-11-11,Growth,Latin America,SaaS,Paid Search,1,38,10,39,1,0,,129
3563,2025-07-07,Starter,North America,Manufacturing,Referral,1,62,13,64,1,0,,49
3564,2024-12-16,Starter,North America,SaaS,Organic,1,3,23,56,2,0,,49
3565,2026-02-25,Growth,Europe,Healthcare,Partner,1,58,19,67,1,0,,129
3566,2025-11-06,Growth,Asia Pacific,Manufacturing,Referral,1,57,5,100,2,0,,129
3567,2025-11-26,Enterprise,Europe,Healthcare,Paid Search,1,76,23,79,1,0,,399
3568,2025-04-01,Growth,North America,Healthcare,Referral,0,76,34,37,0,0,,129
3569,2025-05-01,Growth,Asia Pacific,Finance,Partner,1,34,17,59,0,0,,129
3570,2024-12-05,Enterprise,Asia Pacific,Manufacturing,Outbound Sales,1,36,30,54,2,0,,399
3571,2026-05-19,Starter,Latin America,Finance,Referral,1,42,14,63,4,0,,49
3572,2026-09-01,Starter,Latin America,Retail,Partner,0,37,22,82,0,0,,49
3573,2026-01-02,Starter,Asia Pacific,SaaS,Partner,0,30,1,63,1,0,,49
3574,2025-06-16,Growth,Asia Pacific,Finance,Referral,1,78,9,25,0,0,,129
3575,2025-09-24,Starter,Europe,Finance,Organic,1,41,21,57,4,0,,49
3576,2025-07-11,Growth,Latin America,Education,Organic,0,5,20,76,1,0,,129
3577,2025-12-30,Growth,Europe,Healthcare,Partner,1,49,21,72,2,0,,129
3578,2025-09-22,Starter,Europe,Finance,Organic,1,40,0,53,2,0,,49
3579,2025-08-03,Starter,North America,Finance,Organic,1,27,20,77,0,0,,49
3580,2025-01-17,Growth,Asia Pacific,Manufacturing,Paid Search,1,17,23,78,4,1,2025-12-05,129
3581,2025-11-15,Growth,North America,Retail,Organic,1,12,20,74,2,0,,129
3582,2025-03-01,Growth,Asia Pacific,Finance,Partner,1,26,15,41,1,0,,129
3583,2026-03-28,Growth,Asia Pacific,Retail,Organic,1,55,34,48,1,0,,129
3584,2026-09-19,Starter,Latin America,Finance,Outbound Sales,1,33,16,60,1,0,,49
3585,2024-12-22,Starter,Asia Pacific,SaaS,Outbound Sales,1,54,28,64,2,0,,49
3586,2025-05-01,Growth,Asia Pacific,Finance,Referral,0,49,35,66,0,0,,129
3587,2025-06-15,Starter,North America,Retail,Outbound Sales,0,12,19,35,0,0,,49
3588,2026-04-11,Growth,North America,Finance,Referral,0,82,2,33,0,0,,129
3589,2024-12-16,Starter,Europe,Manufacturing,Outbound Sales,1,47,15,58,3,0,,49
3590,2025-12-14,Growth,North America,Healthcare,Referral,1,51,20,60,1,0,,129
3591,2025-01-08,Growth,Latin America,Healthcare,Organic,0,45,17,68,2,0,,129
3592,2026-02-18,Starter,Asia Pacific,Finance,Referral,1,63,17,100,1,0,,49
3593,2025-08-15,Enterprise,Asia Pacific,Finance,Referral,0,52,18,45,2,0,,399
3594,2025-09-13,Growth,Europe,Healthcare,Organic,1,20,19,18,2,0,,129
3595,2025-09-30,Starter,Asia Pacific,Retail,Partner,1,68,16,67,0,0,,49
3596,2025-01-26,Growth,Latin America,Finance,Partner,1,30,6,29,3,0,,129
3597,2026-05-19,Starter,Asia Pacific,SaaS,Organic,1,42,9,34,3,0,,49
3598,2026-02-09,Growth,North America,Retail,Referral,1,77,11,67,1,0,,129
3599,2024-11-07,Starter,Europe,SaaS,Paid Search,0,26,29,25,0,0,,49
3600,2025-11-11,Growth,North America,Finance,Partner,0,46,6,30,1,0,,129
3601,2025-05-23,Growth,Asia Pacific,SaaS,Organic,1,42,23,55,0,0,,129
3602,2025-08-24,Growth,North America,Finance,Partner,0,59,7,71,1,0,,129
3603,2026-05-30,Growth,North America,Healthcare,Referral,0,67,29,55,1,0,,129
3604,2025-09-06,Growth,Europe,Finance,Outbound Sales,1,27,12,96,0,0,,129
3605,2026-07-29,Starter,North America,Finance,Paid Search,1,91,10,45,1,0,,49
3606,2025-07-05,Starter,Europe,Manufacturing,Organic,1,47,22,38,1,0,,49
3607,2026-02-17,Starter,Europe,Manufacturing,Organic,1,36,21,43,0,0,,49
3608,2025-11-11,Starter,North America,Manufacturing,Referral,0,86,31,37,1,0,,49
3609,2026-06-27,Growth,Europe,Retail,Outbound Sales,1,77,22,37,1,0,,129
3610,2026-03-19,Growth,Europe,Education,Paid Search,1,50,15,77,0,0,,129
3611,2025-05-18,Starter,Latin America,SaaS,Paid Search,0,22,14,55,1,0,,49
3612,2026-05-12,Starter,Latin America,Finance,Paid Search,1,75,16,65,0,0,,49
3613,2025-07-08,Growth,North America,Education,Referral,1,22,16,1,0,0,,129
3614,2025-04-02,Growth,Asia Pacific,SaaS,Outbound Sales,0,20,17,81,1,0,,129
3615,2024-11-05,Growth,Europe,Manufacturing,Paid Search,1,56,27,40,2,0,,129
3616,2025-12-23,Enterprise,Latin America,Manufacturing,Paid Search,0,15,12,67,1,0,,399
3617,2024-11-23,Starter,North America,Retail,Partner,1,35,10,53,2,0,,49
3618,2025-06-25,Growth,Asia Pacific,Manufacturing,Paid Search,1,2,15,75,0,0,,129
3619,2026-05-07,Growth,Asia Pacific,Finance,Partner,1,51,7,62,3,0,,129
3620,2025-10-19,Starter,North America,Healthcare,Paid Search,1,45,12,14,2,0,,49
3621,2026-08-12,Starter,Asia Pacific,Retail,Referral,0,21,22,57,0,1,2026-09-11,49
3622,2025-10-08,Enterprise,Asia Pacific,Education,Organic,0,7,23,52,1,0,,399
3623,2024-10-31,Growth,Europe,Healthcare,Paid Search,1,44,29,41,0,0,,129
3624,2026-09-03,Starter,Latin America,Education,Outbound Sales,1,48,30,82,2,0,,49
3625,2025-11-19,Starter,Europe,Finance,Organic,1,71,14,76,1,0,,49
3626,2025-09-09,Enterprise,Latin America,Education,Outbound Sales,1,29,14,35,0,0,,399
3627,2025-02-13,Starter,Europe,Finance,Outbound Sales,1,85,27,89,1,0,,49
3628,2025-05-28,Starter,Europe,Healthcare,Outbound Sales,1,53,26,75,2,0,,49
3629,2026-04-25,Starter,Asia Pacific,Finance,Paid Search,1,22,5,50,0,0,,49
3630,2025-06-30,Growth,North America,Finance,Organic,1,27,4,84,3,1,2026-03-01,129
3631,2026-03-17,Starter,Europe,Retail,Partner,1,46,18,43,1,0,,49
3632,2024-12-30,Enterprise,Europe,Finance,Partner,1,26,17,78,2,0,,399
3633,2025-03-24,Starter,Asia Pacific,Healthcare,Organic,0,59,35,65,1,0,,49
3634,2025-08-12,Enterprise,Latin America,Healthcare,Organic,1,1,11,75,1,0,,399
3635,2025-02-02,Starter,Asia Pacific,Education,Organic,0,46,22,78,2,0,,49
3636,2024-12-13,Growth,Europe,SaaS,Organic,1,49,16,50,2,0,,129
3637,2025-06-24,Growth,Europe,Finance,Outbound Sales,1,66,8,50,0,0,,129
3638,2026-04-15,Starter,Europe,Manufacturing,Paid Search,1,42,18,100,2,0,,49
3639,2025-12-26,Starter,Europe,Finance,Partner,1,38,8,85,1,0,,49
3640,2025-11-15,Growth,North America,Healthcare,Referral,1,56,22,69,1,0,,129
3641,2026-02-11,Starter,Latin America,Healthcare,Paid Search,0,0,3,81,2,0,,49
3642,2025-01-24,Growth,Asia Pacific,Healthcare,Outbound Sales,0,54,7,63,0,0,,129
3643,2026-06-16,Starter,North America,Retail,Outbound Sales,1,31,16,39,1,0,,49
3644,2025-02-04,Growth,Latin America,Healthcare,Referral,0,47,20,72,2,0,,129
3645,2026-03-31,Starter,Asia Pacific,SaaS,Referral,1,40,25,95,1,0,,49
3646,2025-03-15,Starter,Europe,Manufacturing,Referral,1,39,23,57,2,0,,49
3647,2026-08-13,Starter,Europe,Retail,Paid Search,1,18,12,73,3,0,,49
3648,2025-12-07,Growth,North America,Healthcare,Referral,1,22,17,57,0,0,,129
3649,2025-01-14,Starter,North America,Manufacturing,Paid Search,1,55,17,72,1,0,,49
3650,2026-06-28,Enterprise,Latin America,SaaS,Organic,0,39,22,62,1,0,,399
3651,2026-06-03,Starter,Europe,Healthcare,Partner,1,30,20,27,0,0,,49
3652,2025-01-01,Growth,Europe,Finance,Organic,0,30,3,54,3,0,,129
3653,2026-01-18,Starter,Latin America,Finance,Outbound Sales,1,83,16,28,1,0,,49
3654,2026-09-08,Starter,North America,Manufacturing,Referral,1,37,21,55,2,0,,49
3655,2025-03-12,Growth,Europe,Finance,Outbound Sales,0,35,21,65,1,0,,129
3656,2025-06-29,Enterprise,Europe,Healthcare,Organic,1,37,19,57,3,0,,399
3657,2025-08-24,Starter,North America,Education,Outbound Sales,1,12,13,24,4,0,,49
3658,2025-07-24,Enterprise,Asia Pacific,Education,Referral,0,31,18,61,0,0,,399
3659,2025-09-17,Enterprise,Asia Pacific,Education,Outbound Sales,1,41,26,72,1,0,,399
3660,2025-12-06,Starter,Europe,Education,Organic,1,61,20,32,2,0,,49
3661,2025-09-29,Growth,North America,Finance,Partner,0,24,16,71,1,0,,129
3662,2025-09-20,Growth,Europe,Education,Outbound Sales,0,50,31,28,0,0,,129
3663,2026-02-05,Starter,Asia Pacific,Healthcare,Organic,1,40,18,59,0,0,,49
3664,2025-08-04,Starter,Asia Pacific,Manufacturing,Organic,1,36,27,71,2,0,,49
3665,2025-06-26,Growth,Europe,Finance,Referral,0,46,23,100,1,0,,129
3666,2025-01-14,Enterprise,Europe,Finance,Referral,0,68,21,83,3,0,,399
3667,2025-05-25,Starter,Latin America,SaaS,Organic,1,47,22,31,0,0,,49
3668,2025-03-18,Growth,Latin America,Manufacturing,Paid Search,1,54,17,59,1,0,,129
3669,2026-06-20,Growth,Europe,Finance,Referral,0,58,20,47,0,0,,129
3670,2025-02-18,Enterprise,Asia Pacific,Finance,Paid Search,0,38,18,44,1,0,,399
3671,2025-04-07,Starter,Latin America,Retail,Outbound Sales,1,33,31,12,1,0,,49
3672,2025-02-15,Starter,North America,Retail,Outbound Sales,0,47,19,1,1,0,,49
3673,2025-04-16,Growth,North America,Manufacturing,Outbound Sales,1,56,7,75,1,0,,129
3674,2026-02-02,Enterprise,Europe,Education,Referral,1,66,19,59,4,0,,399
3675,2026-02-19,Starter,Europe,Healthcare,Outbound Sales,1,37,8,36,1,0,,49
3676,2025-09-16,Starter,Asia Pacific,SaaS,Referral,1,38,15,94,3,0,,49
3677,2025-12-20,Growth,Asia Pacific,Education,Outbound Sales,1,60,16,61,0,0,,129
3678,2025-03-02,Growth,North America,Healthcare,Referral,1,41,11,74,3,0,,129
3679,2026-05-01,Growth,Europe,Retail,Partner,0,53,12,60,4,0,,129
3680,2025-10-31,Enterprise,Asia Pacific,SaaS,Referral,1,41,27,91,1,0,,399
3681,2025-05-30,Starter,Europe,Education,Outbound Sales,1,50,23,47,2,0,,49
3682,2026-02-04,Starter,North America,Finance,Organic,1,60,30,50,3,0,,49
3683,2025-09-10,Growth,North America,Healthcare,Referral,1,83,15,41,2,0,,129
3684,2026-02-16,Starter,Latin America,Healthcare,Organic,1,75,8,57,1,0,,49
3685,2025-07-28,Starter,North America,Education,Organic,1,44,7,28,1,0,,49
3686,2025-03-01,Growth,Asia Pacific,Healthcare,Referral,0,48,22,59,0,0,,129
3687,2025-01-30,Starter,Europe,Healthcare,Referral,1,46,12,75,1,0,,49
3688,2025-04-09,Enterprise,North America,SaaS,Paid Search,1,69,24,11,3,1,2026-06-26,399
3689,2025-09-06,Starter,Latin America,Retail,Outbound Sales,0,42,12,57,1,0,,49
3690,2026-07-09,Enterprise,North America,Retail,Partner,0,32,33,45,0,0,,399
3691,2024-12-10,Starter,Europe,SaaS,Organic,1,53,1,48,2,0,,49
3692,2025-06-07,Enterprise,North America,Healthcare,Paid Search,0,43,19,63,0,0,,399
3693,2025-09-30,Starter,Asia Pacific,SaaS,Organic,0,65,17,70,2,0,,49
3694,2025-03-30,Enterprise,Asia Pacific,Retail,Organic,1,49,18,60,1,0,,399
3695,2025-01-31,Starter,Europe,Retail,Partner,1,42,28,57,1,0,,49
3696,2025-07-11,Growth,Asia Pacific,Retail,Referral,1,77,22,45,1,0,,129
3697,2025-10-29,Enterprise,Europe,Healthcare,Outbound Sales,0,69,9,58,1,1,2026-06-18,399
3698,2026-04-08,Starter,Latin America,SaaS,Paid Search,1,50,14,66,0,0,,49
3699,2024-12-19,Enterprise,Latin America,Education,Referral,1,34,6,62,2,0,,399
3700,2026-09-23,Growth,Latin America,Healthcare,Paid Search,1,25,19,41,0,0,,129
3701,2025-09-01,Starter,North America,Manufacturing,Organic,1,17,19,79,2,0,,49
3702,2025-07-23,Growth,North America,Finance,Outbound Sales,1,54,18,75,2,0,,129
3703,2025-04-26,Enterprise,North America,Manufacturing,Organic,1,34,17,52,0,0,,399
3704,2024-11-30,Starter,Latin America,Education,Outbound Sales,1,12,23,46,2,0,,49
3705,2025-12-18,Growth,Latin America,Healthcare,Paid Search,1,93,16,48,2,0,,129
3706,2026-02-05,Starter,Asia Pacific,Healthcare,Organic,1,42,13,62,2,0,,49
3707,2026-05-22,Starter,Latin America,Manufacturing,Organic,1,36,17,100,0,0,,49
3708,2026-05-16,Growth,Asia Pacific,Healthcare,Paid Search,1,54,21,47,1,0,,129
3709,2025-07-12,Starter,Asia Pacific,Manufacturing,Outbound Sales,0,11,15,71,1,0,,49
3710,2025-02-03,Starter,Asia Pacific,Finance,Partner,1,53,10,37,0,0,,49
3711,2026-02-15,Starter,Latin America,Education,Paid Search,1,71,10,50,1,0,,49
3712,2025-02-11,Starter,Asia Pacific,SaaS,Partner,1,70,35,82,1,0,,49
3713,2025-03-22,Starter,Europe,Healthcare,Paid Search,0,74,21,61,1,0,,49
3714,2025-03-03,Starter,North America,Education,Partner,1,6,23,86,0,0,,49
3715,2024-11-11,Starter,Latin America,Education,Referral,0,52,19,93,0,0,,49
3716,2025-01-01,Growth,Europe,Retail,Organic,0,39,8,54,2,0,,129
3717,2025-06-14,Growth,Europe,Healthcare,Referral,1,65,21,100,4,0,,129
3718,2025-03-12,Growth,Europe,Finance,Partner,1,33,21,59,0,0,,129
3719,2025-05-20,Enterprise,Latin America,Manufacturing,Paid Search,1,0,9,33,2,0,,399
3720,2025-12-14,Enterprise,Europe,Finance,Paid Search,1,74,18,80,0,0,,399
3721,2025-11-15,Growth,North America,SaaS,Partner,0,10,21,44,1,0,,129
3722,2026-08-06,Growth,North America,Finance,Outbound Sales,1,19,12,73,2,0,,129
3723,2026-08-21,Starter,Europe,Retail,Outbound Sales,0,43,11,20,3,0,,49
3724,2025-01-24,Starter,Asia Pacific,Manufacturing,Referral,0,62,16,48,1,0,,49
3725,2026-06-18,Growth,North America,Retail,Partner,1,69,14,34,0,0,,129
3726,2026-06-22,Growth,Asia Pacific,Education,Paid Search,1,14,13,50,0,0,,129
3727,2025-07-22,Enterprise,North America,Manufacturing,Organic,1,53,8,75,1,0,,399
3728,2025-01-14,Growth,North America,Retail,Outbound Sales,1,22,26,75,2,0,,129
3729,2024-11-21,Enterprise,Asia Pacific,Manufacturing,Referral,1,49,11,58,2,0,,399
3730,2025-01-04,Starter,Europe,Finance,Organic,1,0,19,73,1,0,,49
3731,2025-05-20,Growth,Europe,Finance,Partner,0,41,27,64,2,0,,129
3732,2026-08-22,Growth,North America,Education,Organic,1,45,21,87,2,0,,129
3733,2026-01-27,Starter,Europe,Manufacturing,Paid Search,1,65,20,60,1,0,,49
3734,2025-03-10,Starter,Latin America,Retail,Paid Search,1,63,9,51,0,0,,49
3735,2025-02-01,Enterprise,Latin America,Retail,Outbound Sales,1,33,29,42,0,0,,399
3736,2025-10-04,Growth,Latin America,Retail,Outbound Sales,0,59,9,87,0,0,,129
3737,2025-03-04,Starter,Latin America,Healthcare,Partner,1,37,9,55,0,0,,49
3738,2024-12-12,Growth,Latin America,Finance,Partner,1,37,20,46,2,1,2025-09-04,129
3739,2024-12-20,Growth,Latin America,Manufacturing,Outbound Sales,0,63,8,62,0,0,,129
3740,2025-04-20,Enterprise,Europe,Finance,Outbound Sales,1,0,14,58,0,0,,399
3741,2026-06-09,Growth,Latin America,Finance,Organic,1,36,30,50,1,0,,129
3742,2026-01-16,Starter,North America,SaaS,Partner,1,50,9,57,1,0,,49
3743,2025-12-08,Enterprise,North America,SaaS,Referral,1,43,11,74,1,0,,399
3744,2026-03-22,Starter,Latin America,Manufacturing,Outbound Sales,1,34,16,41,0,0,,49
3745,2024-11-29,Growth,Latin America,Manufacturing,Referral,1,53,31,51,1,0,,129
3746,2025-11-25,Starter,Asia Pacific,Healthcare,Partner,1,63,17,49,0,0,,49
3747,2026-09-29,Starter,Asia Pacific,Retail,Referral,1,24,15,52,0,0,,49
3748,2026-01-09,Growth,Asia Pacific,Retail,Outbound Sales,1,40,20,78,1,0,,129
3749,2025-04-24,Starter,Asia Pacific,SaaS,Organic,0,24,14,33,2,0,,49
3750,2025-10-27,Growth,North America,Retail,Partner,1,65,19,78,1,0,,129
3751,2025-06-06,Growth,North America,Education,Referral,0,51,20,79,2,0,,129
3752,2025-05-09,Starter,Asia Pacific,Healthcare,Organic,1,54,30,43,2,0,,49
3753,2025-08-07,Enterprise,North America,Retail,Partner,1,25,22,65,1,0,,399
3754,2025-08-12,Growth,North America,Education,Partner,0,46,19,65,1,0,,129
3755,2026-01-29,Enterprise,Europe,Education,Outbound Sales,1,0,15,33,3,0,,399
3756,2025-03-31,Starter,Europe,Education,Partner,1,58,6,33,4,0,,49
3757,2024-12-04,Growth,Europe,Retail,Paid Search,0,64,20,83,1,0,,129
3758,2026-07-20,Growth,Latin America,Retail,Paid Search,0,59,14,75,2,0,,129
3759,2026-07-26,Starter,Latin America,SaaS,Partner,1,47,23,40,1,0,,49
3760,2026-07-23,Enterprise,Europe,SaaS,Outbound Sales,1,47,11,66,1,0,,399
3761,2025-07-08,Starter,Asia Pacific,Education,Paid Search,0,5,23,66,0,0,,49
3762,2026-08-23,Growth,Latin America,SaaS,Paid Search,0,21,20,60,1,0,,129
3763,2025-08-28,Starter,Asia Pacific,Education,Organic,1,65,13,54,0,0,,49
3764,2026-03-24,Growth,Asia Pacific,Healthcare,Referral,1,23,21,75,0,0,,129
3765,2025-12-25,Growth,Asia Pacific,SaaS,Referral,0,63,16,66,0,0,,129
3766,2026-05-16,Starter,North America,Education,Paid Search,1,39,5,73,0,0,,49
3767,2026-03-04,Starter,Latin America,SaaS,Partner,1,43,30,32,0,0,,49
3768,2024-12-31,Growth,North America,Retail,Paid Search,1,49,27,59,4,0,,129
3769,2025-01-27,Starter,Asia Pacific,SaaS,Outbound Sales,1,30,33,69,4,0,,49
3770,2025-08-12,Starter,Latin America,Education,Referral,1,58,23,50,3,0,,49
3771,2025-11-26,Enterprise,Latin America,Education,Organic,1,40,25,72,1,1,2026-03-06,399
3772,2026-01-02,Enterprise,Latin America,Healthcare,Organic,1,30,14,59,1,0,,399
3773,2025-05-22,Starter,Asia Pacific,SaaS,Paid Search,1,30,8,70,1,0,,49
3774,2026-08-19,Starter,Asia Pacific,Education,Paid Search,1,15,15,60,2,0,,49
3775,2026-04-21,Growth,Europe,Education,Outbound Sales,1,48,20,62,1,0,,129
3776,2025-07-12,Starter,Europe,Education,Outbound Sales,1,48,20,38,0,0,,49
3777,2026-08-06,Growth,Latin America,Manufacturing,Paid Search,1,51,17,54,4,0,,129
3778,2026-05-09,Starter,Asia Pacific,Manufacturing,Referral,1,63,16,45,2,0,,49
3779,2024-11-18,Starter,North America,Education,Organic,0,72,25,58,3,0,,49
3780,2025-11-25,Starter,Europe,SaaS,Organic,0,21,27,24,2,0,,49
3781,2025-11-01,Growth,Europe,Manufacturing,Partner,0,30,23,79,0,0,,129
3782,2026-03-05,Starter,Europe,Retail,Outbound Sales,1,62,21,64,1,0,,49
3783,2026-05-10,Starter,Latin America,Education,Outbound Sales,1,85,34,62,0,0,,49
3784,2026-03-10,Starter,Europe,SaaS,Partner,0,24,26,63,3,0,,49
3785,2025-10-17,Starter,Europe,SaaS,Outbound Sales,0,63,7,31,1,0,,49
3786,2026-06-01,Enterprise,Asia Pacific,Manufacturing,Organic,1,20,16,67,1,0,,399
3787,2026-03-28,Starter,Asia Pacific,Education,Organic,1,62,32,83,2,0,,49
3788,2025-09-24,Growth,Latin America,Healthcare,Organic,1,34,11,67,2,0,,129
3789,2025-12-01,Growth,Latin America,SaaS,Outbound Sales,1,22,10,52,1,0,,129
3790,2025-08-02,Enterprise,Latin America,Education,Paid Search,1,36,17,68,0,0,,399
3791,2025-05-02,Starter,Europe,SaaS,Paid Search,1,63,13,59,3,0,,49
3792,2024-11-25,Growth,Europe,SaaS,Partner,0,34,13,29,2,0,,129
3793,2025-09-21,Starter,Asia Pacific,Retail,Partner,1,44,23,51,2,0,,49
3794,2026-07-03,Enterprise,Asia Pacific,Education,Outbound Sales,0,51,27,69,0,0,,399
3795,2025-06-11,Starter,Europe,Healthcare,Paid Search,1,39,5,62,1,0,,49
3796,2024-11-29,Starter,North America,Retail,Paid Search,0,24,11,22,2,0,,49
3797,2025-08-13,Starter,North America,Education,Partner,1,71,22,42,1,0,,49
3798,2024-12-28,Starter,Latin America,Finance,Outbound Sales,1,66,9,84,1,0,,49
3799,2026-02-25,Enterprise,Asia Pacific,Healthcare,Partner,0,64,21,52,0,0,,399
3800,2026-04-25,Starter,Asia Pacific,Finance,Partner,1,30,15,74,1,0,,49
3801,2025-10-31,Starter,Asia Pacific,Healthcare,Partner,0,45,35,56,2,0,,49
3802,2026-06-20,Starter,Latin America,Retail,Partner,0,56,30,52,1,0,,49
3803,2025-06-25,Enterprise,Asia Pacific,Retail,Outbound Sales,0,23,28,59,0,0,,399
3804,2025-04-11,Starter,Asia Pacific,Manufacturing,Partner,1,51,29,67,3,0,,49
3805,2025-02-09,Growth,Asia Pacific,Education,Partner,1,24,5,65,1,0,,129
3806,2025-07-10,Growth,Europe,Education,Partner,1,41,15,74,1,0,,129
3807,2026-09-02,Starter,Asia Pacific,Retail,Organic,1,75,33,25,1,0,,49
3808,2025-07-03,Growth,Europe,Retail,Outbound Sales,1,46,19,56,2,0,,129
3809,2025-07-29,Enterprise,North America,Finance,Partner,1,30,19,21,2,0,,399
3810,2026-04-29,Enterprise,North America,Finance,Partner,1,0,21,55,0,0,,399
3811,2024-12-26,Growth,Asia Pacific,SaaS,Partner,1,37,15,72,0,0,,129
3812,2025-06-11,Starter,Asia Pacific,Healthcare,Partner,1,37,16,91,1,0,,49
3813,2026-06-11,Growth,Latin America,Healthcare,Partner,1,1,25,48,0,0,,129
3814,2025-12-01,Starter,Latin America,Manufacturing,Referral,1,33,29,84,1,0,,49
3815,2025-10-28,Enterprise,Latin America,Education,Referral,1,49,23,19,1,0,,399
3816,2025-04-25,Starter,Latin America,Healthcare,Outbound Sales,1,11,22,44,0,0,,49
3817,2025-04-28,Starter,Latin America,Education,Outbound Sales,1,22,25,61,3,0,,49
3818,2025-06-29,Starter,Asia Pacific,Manufacturing,Organic,0,23,37,64,3,0,,49
3819,2026-06-28,Enterprise,North America,Education,Referral,1,47,20,35,0,0,,399
3820,2025-09-20,Starter,North America,Finance,Organic,1,82,16,44,0,0,,49
3821,2025-11-01,Growth,North America,Healthcare,Referral,1,37,13,91,2,0,,129
3822,2026-06-27,Enterprise,Asia Pacific,Healthcare,Outbound Sales,1,33,12,83,0,0,,399
3823,2024-11-27,Enterprise,Europe,Healthcare,Outbound Sales,1,42,23,32,0,0,,399
3824,2025-10-25,Starter,North America,Manufacturing,Partner,1,44,18,33,2,0,,49
3825,2026-06-03,Starter,Asia Pacific,Finance,Partner,1,80,21,86,0,0,,49
3826,2026-05-30,Starter,Europe,Retail,Partner,1,28,2,69,0,0,,49
3827,2025-03-24,Starter,Europe,Healthcare,Referral,1,56,13,57,2,0,,49
3828,2026-05-29,Growth,Asia Pacific,Education,Referral,1,39,15,82,1,0,,129
3829,2025-05-10,Growth,Latin America,Healthcare,Partner,1,0,21,73,0,0,,129
3830,2026-03-18,Starter,North America,Retail,Organic,1,61,25,89,2,0,,49
3831,2026-05-08,Growth,Europe,Healthcare,Referral,1,51,12,47,0,0,,129
3832,2025-09-11,Starter,Latin America,Manufacturing,Organic,1,44,14,57,2,0,,49
3833,2025-04-27,Starter,Asia Pacific,SaaS,Organic,1,22,11,72,1,0,,49
3834,2026-03-16,Enterprise,Asia Pacific,Retail,Outbound Sales,1,54,15,91,0,0,,399
3835,2024-12-07,Starter,North America,Education,Outbound Sales,1,67,20,55,1,0,,49
3836,2025-01-30,Starter,Europe,Retail,Referral,1,39,11,73,1,0,,49
3837,2024-12-26,Starter,Europe,Finance,Organic,0,33,30,53,0,0,,49
3838,2025-06-25,Growth,Europe,Finance,Paid Search,1,39,8,69,1,0,,129
3839,2026-07-08,Growth,Asia Pacific,Healthcare,Partner,0,42,16,62,0,0,,129
3840,2025-06-11,Starter,Asia Pacific,Manufacturing,Partner,1,76,23,71,0,0,,49
3841,2024-11-19,Growth,Asia Pacific,Manufacturing,Referral,1,75,30,71,2,0,,129
3842,2026-04-22,Starter,Asia Pacific,Finance,Outbound Sales,1,73,6,75,4,0,,49
3843,2026-03-03,Enterprise,North America,Manufacturing,Partner,1,57,23,64,0,0,,399
3844,2024-10-30,Enterprise,North America,Healthcare,Outbound Sales,1,64,16,56,1,0,,399
3845,2025-10-04,Enterprise,Latin America,Finance,Paid Search,1,69,37,51,2,0,,399
3846,2026-07-20,Starter,Latin America,Retail,Outbound Sales,1,45,15,100,2,0,,49
3847,2025-05-24,Starter,Asia Pacific,SaaS,Referral,1,62,35,41,2,0,,49
3848,2025-03-12,Starter,Asia Pacific,SaaS,Referral,1,61,3,99,1,0,,49
3849,2025-10-13,Starter,Asia Pacific,Finance,Referral,1,51,24,31,0,0,,49
3850,2025-04-29,Starter,Latin America,Education,Partner,1,32,18,73,1,0,,49
3851,2025-09-26,Enterprise,Asia Pacific,Finance,Paid Search,1,33,6,79,1,0,,399
3852,2024-12-29,Starter,Latin America,Healthcare,Organic,1,74,20,72,1,0,,49
3853,2024-11-21,Starter,Asia Pacific,Retail,Partner,1,44,25,30,1,0,,49
3854,2025-03-30,Starter,Asia Pacific,Finance,Partner,1,72,22,64,2,0,,49
3855,2026-06-22,Growth,North America,SaaS,Organic,1,38,29,92,2,0,,129
3856,2025-03-24,Starter,Latin America,Retail,Partner,0,25,12,69,0,0,,49
3857,2025-02-20,Growth,North America,Retail,Referral,1,67,6,66,2,0,,129
3858,2026-04-21,Starter,North America,Education,Referral,1,44,14,44,1,0,,49
3859,2025-11-07,Starter,North America,Manufacturing,Outbound Sales,1,17,23,55,1,0,,49
3860,2025-01-12,Enterprise,Europe,Healthcare,Referral,1,13,17,72,0,0,,399
3861,2025-11-16,Starter,Europe,Finance,Paid Search,0,48,19,32,0,1,2026-07-06,49
3862,2026-06-22,Starter,Europe,SaaS,Partner,0,28,26,80,4,0,,49
3863,2025-02-10,Starter,North America,Education,Referral,1,26,19,69,2,0,,49
3864,2025-10-09,Starter,Asia Pacific,Manufacturing,Partner,1,0,11,49,1,0,,49
3865,2025-09-04,Starter,Latin America,Healthcare,Partner,1,58,14,41,2,0,,49
3866,2025-09-25,Enterprise,North America,Healthcare,Paid Search,0,24,8,56,2,0,,399
3867,2025-03-18,Starter,Latin America,Healthcare,Paid Search,1,50,21,23,2,0,,49
3868,2025-04-09,Enterprise,North America,Finance,Organic,1,37,16,59,1,0,,399
3869,2026-01-20,Starter,Europe,Education,Partner,1,55,20,100,1,0,,49
3870,2026-08-15,Starter,Europe,Healthcare,Paid Search,0,55,20,71,5,0,,49
3871,2026-03-12,Starter,North America,SaaS,Outbound Sales,1,61,14,59,2,0,,49
3872,2026-08-25,Growth,Asia Pacific,Healthcare,Organic,0,48,12,53,0,0,,129
3873,2025-09-19,Growth,Europe,Retail,Partner,0,38,35,60,0,0,,129
3874,2025-04-26,Starter,North America,Finance,Referral,0,25,14,72,3,0,,49
3875,2026-05-28,Enterprise,Latin America,SaaS,Organic,0,53,16,72,2,0,,399
3876,2026-07-20,Starter,Latin America,Finance,Organic,0,32,15,77,0,0,,49
3877,2025-10-30,Starter,Europe,Education,Outbound Sales,1,31,21,85,1,0,,49
3878,2025-06-15,Starter,North America,Manufacturing,Referral,0,76,22,53,0,0,,49
3879,2026-09-11,Starter,Asia Pacific,SaaS,Organic,1,43,5,32,0,0,,49
3880,2026-06-25,Enterprise,Asia Pacific,Finance,Referral,1,44,21,58,1,0,,399
3881,2025-04-27,Growth,North America,Finance,Outbound Sales,1,33,13,45,0,0,,129
3882,2025-11-21,Growth,North America,Healthcare,Referral,0,37,17,61,2,0,,129
3883,2025-09-09,Enterprise,Europe,Retail,Outbound Sales,0,34,21,56,0,0,,399
3884,2025-08-27,Growth,Europe,Education,Paid Search,1,76,15,58,1,0,,129
3885,2025-03-09,Enterprise,Latin America,Finance,Partner,1,18,7,66,2,1,2025-07-07,399
3886,2024-10-31,Growth,Latin America,Manufacturing,Outbound Sales,1,27,43,70,2,0,,129
3887,2026-06-08,Growth,Asia Pacific,Education,Outbound Sales,0,16,30,59,0,0,,129
3888,2025-12-04,Growth,Latin America,Education,Referral,1,50,16,16,2,0,,129
3889,2026-06-03,Starter,Europe,Healthcare,Outbound Sales,1,34,14,66,0,0,,49
3890,2024-12-02,Starter,Asia Pacific,Manufacturing,Organic,1,16,16,69,2,0,,49
3891,2025-05-04,Enterprise,Asia Pacific,Finance,Outbound Sales,1,44,1,44,1,0,,399
3892,2026-07-08,Enterprise,Europe,Healthcare,Organic,1,38,7,66,1,0,,399
3893,2025-09-20,Enterprise,Latin America,Finance,Paid Search,1,58,28,66,2,0,,399
3894,2026-07-18,Growth,Latin America,Healthcare,Organic,1,28,21,45,2,0,,129
3895,2025-06-13,Growth,Latin America,Retail,Referral,1,36,22,69,1,0,,129
3896,2026-08-15,Starter,Latin America,Manufacturing,Partner,0,24,8,35,0,0,,49
3897,2026-06-01,Growth,North America,Healthcare,Outbound Sales,1,29,23,56,0,0,,129
3898,2025-02-13,Starter,Asia Pacific,Education,Paid Search,0,33,10,51,4,0,,49
3899,2026-03-22,Starter,Latin America,Education,Paid Search,1,58,25,95,2,0,,49
3900,2025-03-23,Starter,North America,Finance,Organic,1,36,12,44,2,0,,49
3901,2025-10-04,Growth,Latin America,Retail,Paid Search,1,33,11,56,1,0,,129
3902,2025-01-17,Starter,Latin America,Healthcare,Organic,0,34,25,88,3,0,,49
3903,2025-06-30,Starter,North America,Finance,Partner,0,40,28,23,4,0,,49
3904,2025-10-20,Starter,North America,Healthcare,Outbound Sales,1,37,24,82,1,0,,49
3905,2025-09-22,Enterprise,Asia Pacific,SaaS,Paid Search,0,62,21,45,1,0,,399
3906,2025-04-19,Growth,Asia Pacific,SaaS,Referral,1,47,12,83,0,0,,129
3907,2026-08-12,Starter,Europe,Finance,Organic,1,21,19,52,0,0,,49
3908,2025-01-28,Starter,Asia Pacific,Finance,Organic,1,46,35,34,1,0,,49
3909,2026-09-16,Starter,Europe,SaaS,Paid Search,1,22,20,59,0,0,,49
3910,2026-08-15,Growth,Europe,Retail,Partner,1,53,10,59,3,0,,129
3911,2025-10-08,Growth,Europe,Manufacturing,Partner,1,54,24,48,0,0,,129
3912,2026-01-30,Enterprise,Latin America,Education,Organic,1,63,10,59,0,0,,399
3913,2024-11-10,Starter,North America,Retail,Paid Search,1,29,40,41,4,0,,49
3914,2025-07-28,Enterprise,North America,Finance,Partner,1,9,12,52,2,0,,399
3915,2025-06-01,Growth,North America,Finance,Partner,1,52,10,63,2,0,,129
3916,2025-07-12,Growth,Latin America,Retail,Paid Search,1,65,17,60,3,0,,129
3917,2025-01-07,Starter,Latin America,Education,Organic,1,58,16,61,2,0,,49
3918,2025-10-23,Enterprise,Latin America,SaaS,Partner,0,37,23,60,1,0,,399
3919,2025-07-19,Starter,Latin America,Finance,Paid Search,1,80,0,64,3,0,,49
3920,2025-02-17,Growth,Latin America,Healthcare,Referral,1,34,30,20,2,0,,129
3921,2024-10-31,Growth,Asia Pacific,Retail,Organic,1,23,8,61,4,0,,129
3922,2024-12-18,Growth,Asia Pacific,Manufacturing,Outbound Sales,1,64,20,96,1,0,,129
3923,2025-11-29,Enterprise,Latin America,Healthcare,Paid Search,1,25,5,19,1,0,,399
3924,2026-01-21,Growth,Europe,Retail,Organic,1,28,26,67,2,0,,129
3925,2026-01-02,Enterprise,North America,Education,Paid Search,1,53,21,50,0,0,,399
3926,2025-04-18,Starter,Europe,SaaS,Organic,1,50,4,62,1,0,,49
3927,2025-12-27,Enterprise,Europe,Retail,Referral,1,45,8,65,2,0,,399
3928,2026-03-18,Starter,Asia Pacific,Finance,Organic,1,57,14,64,2,0,,49
3929,2025-11-21,Enterprise,Europe,Education,Referral,1,45,28,83,2,0,,399
3930,2025-10-24,Growth,Europe,Education,Organic,0,49,24,51,0,0,,129
3931,2026-05-12,Starter,Asia Pacific,Finance,Organic,1,12,32,22,0,0,,49
3932,2025-11-18,Growth,North America,Healthcare,Outbound Sales,1,71,19,80,0,0,,129
3933,2025-02-10,Growth,Asia Pacific,SaaS,Partner,0,68,32,72,1,1,2026-05-10,129
3934,2026-03-04,Growth,Latin America,Finance,Paid Search,0,60,12,49,1,0,,129
3935,2026-06-13,Starter,Asia Pacific,Retail,Partner,0,46,11,44,0,0,,49
3936,2026-08-27,Starter,Asia Pacific,Healthcare,Outbound Sales,1,52,20,86,1,0,,49
3937,2025-06-17,Starter,Europe,Healthcare,Partner,0,48,33,48,4,0,,49
3938,2025-04-14,Starter,Europe,Manufacturing,Partner,1,22,38,72,0,0,,49
3939,2026-02-04,Growth,Asia Pacific,Retail,Partner,1,33,29,92,0,0,,129
3940,2025-01-13,Starter,Latin America,Manufacturing,Partner,1,44,29,62,0,0,,49
3941,2024-12-03,Growth,Asia Pacific,Retail,Paid Search,0,30,39,62,0,0,,129
3942,2025-08-27,Starter,Europe,Healthcare,Referral,1,43,8,77,0,0,,49
3943,2024-11-19,Starter,Europe,Manufacturing,Partner,1,70,15,52,0,0,,49
3944,2025-09-21,Starter,North America,Education,Partner,0,55,29,58,1,0,,49
3945,2025-07-24,Growth,Europe,Manufacturing,Partner,1,57,5,54,0,0,,129
3946,2025-02-14,Starter,Asia Pacific,Education,Partner,1,58,30,74,0,0,,49
3947,2025-01-13,Starter,Latin America,Healthcare,Outbound Sales,0,21,28,80,3,0,,49
3948,2025-10-15,Starter,Asia Pacific,Education,Organic,0,38,13,37,1,1,2026-02-09,49
3949,2025-11-18,Enterprise,North America,Finance,Outbound Sales,1,40,19,59,2,0,,399
3950,2025-04-12,Starter,Asia Pacific,SaaS,Partner,0,21,9,45,1,0,,49
3951,2025-01-14,Enterprise,Latin America,Retail,Outbound Sales,1,60,22,75,3,0,,399
3952,2026-05-13,Starter,North America,Healthcare,Referral,1,21,17,51,1,0,,49
3953,2025-02-02,Growth,Europe,SaaS,Outbound Sales,1,67,26,38,0,0,,129
3954,2025-10-11,Growth,North America,Retail,Organic,0,66,16,80,1,1,2026-09-10,129
3955,2026-07-20,Growth,Europe,Healthcare,Referral,1,105,11,56,2,0,,129
3956,2026-03-08,Starter,North America,Finance,Paid Search,1,81,30,54,0,0,,49
3957,2024-11-30,Growth,Asia Pacific,SaaS,Paid Search,1,30,21,44,1,0,,129
3958,2026-01-14,Starter,Latin America,Healthcare,Organic,1,42,6,58,1,0,,49
3959,2026-08-30,Starter,Asia Pacific,SaaS,Organic,0,45,24,91,0,0,,49
3960,2025-04-16,Growth,Europe,SaaS,Organic,1,15,25,46,4,0,,129
3961,2026-07-13,Starter,North America,Healthcare,Paid Search,1,33,26,68,2,0,,49
3962,2026-01-17,Starter,Asia Pacific,Finance,Organic,1,30,18,50,0,0,,49
3963,2025-04-08,Starter,Europe,SaaS,Paid Search,1,56,18,100,3,0,,49
3964,2024-12-23,Growth,Asia Pacific,Education,Organic,1,22,21,50,2,0,,129
3965,2025-02-10,Starter,North America,Retail,Referral,1,49,26,59,2,1,2025-08-28,49
3966,2025-05-28,Starter,North America,SaaS,Organic,0,77,7,80,0,0,,49
3967,2025-05-12,Growth,Latin America,Education,Outbound Sales,1,57,2,78,0,0,,129
3968,2025-12-23,Starter,Europe,Retail,Outbound Sales,1,54,19,74,0,0,,49
3969,2026-05-20,Growth,Asia Pacific,Healthcare,Partner,0,32,24,84,0,0,,129
3970,2026-05-06,Growth,Europe,Retail,Outbound Sales,1,25,23,59,1,0,,129
3971,2025-07-28,Growth,Latin America,Finance,Paid Search,1,85,25,81,0,0,,129
3972,2026-09-06,Growth,Latin America,Healthcare,Paid Search,1,38,10,59,1,0,,129
3973,2025-08-14,Starter,Latin America,Education,Organic,1,29,28,77,2,0,,49
3974,2025-08-30,Starter,North America,Manufacturing,Referral,0,52,20,32,0,0,,49
3975,2025-06-30,Starter,Europe,Education,Referral,1,75,7,58,1,0,,49
3976,2025-02-05,Starter,North America,Healthcare,Outbound Sales,0,47,14,88,0,0,,49
3977,2024-12-19,Growth,Europe,Retail,Outbound Sales,1,41,12,45,0,0,,129
3978,2025-12-06,Growth,Europe,Retail,Partner,1,54,3,54,1,0,,129
3979,2026-06-07,Enterprise,North America,Education,Paid Search,1,47,23,41,1,0,,399
3980,2026-05-15,Starter,Asia Pacific,Education,Referral,1,36,9,64,0,0,,49
3981,2026-03-16,Growth,North America,Education,Referral,1,40,8,100,1,0,,129
3982,2025-04-05,Starter,Latin America,Retail,Outbound Sales,0,64,16,61,2,0,,49
3983,2024-12-24,Growth,Europe,Finance,Referral,1,52,19,45,2,0,,129
3984,2025-11-03,Starter,North America,Finance,Referral,1,38,29,24,1,0,,49
3985,2024-11-02,Starter,North America,Retail,Referral,1,17,12,39,2,0,,49
3986,2026-01-10,Starter,Asia Pacific,Retail,Paid Search,1,43,14,62,1,0,,49
3987,2025-01-27,Growth,Asia Pacific,Healthcare,Organic,1,37,15,65,0,0,,129
3988,2025-08-27,Starter,North America,Education,Partner,0,32,14,71,1,0,,49
3989,2026-09-07,Enterprise,Asia Pacific,Education,Outbound Sales,1,6,21,86,2,0,,399
3990,2026-08-01,Growth,Asia Pacific,SaaS,Referral,1,59,6,34,0,0,,129
3991,2026-07-06,Growth,Latin America,Education,Outbound Sales,1,55,15,61,1,0,,129
3992,2026-03-05,Growth,Latin America,Healthcare,Partner,1,68,9,100,0,0,,129
3993,2025-05-22,Growth,North America,Finance,Organic,0,45,17,79,1,0,,129
3994,2025-02-06,Growth,Europe,SaaS,Outbound Sales,1,53,19,37,1,0,,129
3995,2024-11-25,Enterprise,Latin America,Manufacturing,Paid Search,1,21,36,67,3,0,,399
3996,2025-05-29,Starter,Asia Pacific,Retail,Outbound Sales,0,85,9,69,0,0,,49
3997,2025-04-22,Growth,Latin America,Manufacturing,Referral,1,47,33,52,1,0,,129
3998,2026-08-14,Starter,Europe,Manufacturing,Partner,0,31,0,57,0,0,,49
3999,2025-08-24,Growth,Latin America,Healthcare,Partner,1,59,0,32,4,0,,129
4000,2025-01-21,Starter,North America,Finance,Organic,1,33,15,58,2,0,,49
4001,2026-02-26,Growth,Asia Pacific,Education,Referral,1,49,19,53,1,0,,129
4002,2025-02-25,Starter,Asia Pacific,Healthcare,Paid Search,1,16,9,67,1,1,2025-08-31,49
4003,2025-12-11,Starter,North America,Manufacturing,Paid Search,1,41,29,30,2,0,,49
4004,2026-02-24,Growth,North America,Manufacturing,Organic,1,33,22,68,0,1,2026-07-29,129
4005,2026-09-06,Starter,Latin America,Manufacturing,Partner,1,19,14,58,1,1,2026-09-30,49
4006,2025-07-28,Starter,North America,Manufacturing,Outbound Sales,1,47,33,46,1,0,,49
4007,2025-01-31,Enterprise,North America,Healthcare,Organic,1,20,22,68,2,0,,399
4008,2026-08-18,Starter,Europe,Retail,Outbound Sales,0,100,33,42,1,0,,49
4009,2026-05-10,Starter,Asia Pacific,Manufacturing,Outbound Sales,1,28,15,94,1,0,,49
4010,2025-11-30,Starter,Europe,Healthcare,Referral,1,42,18,42,3,0,,49
4011,2025-05-07,Starter,Latin America,Manufacturing,Partner,1,63,19,59,0,0,,49
4012,2025-11-13,Starter,Latin America,Finance,Organic,1,55,18,61,1,0,,49
4013,2025-11-24,Growth,Latin America,Finance,Organic,1,52,26,70,1,0,,129
4014,2025-11-12,Starter,Asia Pacific,Manufacturing,Organic,0,16,16,67,1,0,,49
4015,2025-05-09,Growth,North America,Finance,Organic,1,35,19,50,1,0,,129
4016,2026-01-29,Enterprise,North America,Finance,Paid Search,1,83,32,47,1,0,,399
4017,2024-12-14,Starter,Latin America,SaaS,Referral,0,48,11,29,1,0,,49
4018,2025-07-26,Growth,Latin America,Finance,Referral,1,23,16,37,0,1,2026-04-07,129
4019,2026-02-18,Starter,Latin America,Education,Organic,0,65,12,32,0,0,,49
4020,2025-07-26,Growth,Europe,Retail,Referral,1,72,22,71,3,0,,129
4021,2025-06-18,Starter,Asia Pacific,Retail,Outbound Sales,0,42,14,50,0,0,,49
4022,2025-08-01,Starter,Europe,Retail,Organic,1,14,34,46,2,0,,49
4023,2026-05-30,Growth,Latin America,SaaS,Paid Search,1,16,20,46,1,0,,129
4024,2025-01-01,Starter,Europe,Finance,Partner,1,56,10,40,1,0,,49
4025,2025-04-02,Growth,Asia Pacific,Retail,Partner,0,58,18,1,2,0,,129
4026,2026-09-13,Starter,Europe,Healthcare,Partner,1,38,20,53,1,0,,49
4027,2025-02-06,Starter,Europe,Education,Outbound Sales,1,0,15,56,0,0,,49
4028,2025-01-25,Starter,Latin America,Manufacturing,Partner,1,41,13,47,2,0,,49
4029,2026-09-14,Enterprise,Asia Pacific,SaaS,Organic,1,51,12,63,2,0,,399
4030,2025-10-17,Growth,Asia Pacific,Retail,Organic,1,73,23,80,3,0,,129
4031,2026-05-07,Starter,North America,Education,Partner,1,44,20,42,3,0,,49
4032,2025-12-27,Growth,Europe,Retail,Partner,1,41,27,86,2,0,,129
4033,2026-06-25,Starter,Europe,Manufacturing,Referral,1,20,23,58,1,0,,49
4034,2025-06-19,Starter,North America,Education,Partner,1,84,26,60,1,0,,49
4035,2026-05-19,Growth,Latin America,SaaS,Paid Search,0,55,31,75,0,0,,129
4036,2024-12-31,Starter,Asia Pacific,Healthcare,Paid Search,1,62,14,54,3,0,,49
4037,2025-11-30,Growth,Asia Pacific,Education,Referral,0,26,20,49,4,0,,129
4038,2026-04-18,Growth,Europe,SaaS,Partner,1,49,21,89,1,0,,129
4039,2026-01-01,Growth,Asia Pacific,Education,Referral,1,0,17,86,2,0,,129
4040,2026-05-01,Starter,North America,Education,Paid Search,1,29,32,51,1,0,,49
4041,2026-02-28,Growth,Europe,Retail,Referral,0,60,18,52,0,0,,129
4042,2026-06-08,Starter,Latin America,Retail,Outbound Sales,1,82,27,40,0,0,,49
4043,2025-06-28,Growth,North America,Manufacturing,Organic,1,52,14,43,2,0,,129
4044,2026-03-01,Starter,Latin America,Education,Outbound Sales,1,46,29,88,0,0,,49
4045,2025-09-01,Starter,Europe,SaaS,Outbound Sales,0,28,24,21,0,0,,49
4046,2025-01-18,Growth,Asia Pacific,Manufacturing,Outbound Sales,1,64,24,42,0,0,,129
4047,2025-12-08,Growth,Europe,SaaS,Paid Search,0,40,10,84,2,1,2026-01-24,129
4048,2026-03-28,Starter,North America,Healthcare,Outbound Sales,0,69,23,49,0,0,,49
4049,2026-06-06,Growth,Latin America,Finance,Paid Search,1,18,21,64,2,0,,129
4050,2026-04-12,Enterprise,Latin America,Finance,Paid Search,1,15,16,66,3,0,,399
4051,2026-06-07,Starter,North America,SaaS,Outbound Sales,1,63,13,84,2,0,,49
4052,2026-09-23,Starter,Latin America,SaaS,Outbound Sales,1,36,28,30,0,0,,49
4053,2026-07-27,Growth,Europe,Healthcare,Outbound Sales,0,25,7,22,1,0,,129
4054,2025-03-29,Enterprise,Asia Pacific,Manufacturing,Outbound Sales,1,10,2,81,1,0,,399
4055,2025-03-02,Starter,Europe,Education,Partner,0,67,22,69,1,0,,49
4056,2026-02-01,Enterprise,Latin America,Finance,Referral,0,56,23,37,2,0,,399
4057,2025-04-25,Starter,Europe,Finance,Referral,0,62,9,49,0,0,,49
4058,2025-04-19,Enterprise,Asia Pacific,SaaS,Organic,1,18,6,61,0,0,,399
4059,2025-06-03,Starter,North America,Retail,Outbound Sales,1,69,24,29,3,0,,49
4060,2025-05-15,Starter,Europe,Education,Referral,1,65,8,61,2,0,,49
4061,2025-03-08,Starter,Europe,Finance,Referral,1,26,34,44,2,0,,49
4062,2024-12-12,Enterprise,North America,Healthcare,Outbound Sales,1,49,22,54,0,0,,399
4063,2026-01-06,Starter,North America,Healthcare,Partner,1,16,9,85,7,0,,49
4064,2025-01-18,Growth,Europe,Healthcare,Outbound Sales,1,66,10,46,1,1,2026-02-01,129
4065,2026-01-18,Starter,Asia Pacific,SaaS,Partner,1,41,26,34,2,0,,49
4066,2025-05-24,Starter,Europe,Healthcare,Outbound Sales,1,71,19,51,2,0,,49
4067,2026-08-03,Growth,Asia Pacific,Education,Referral,0,66,7,70,0,0,,129
4068,2025-03-30,Starter,Asia Pacific,Manufacturing,Partner,1,43,29,48,1,0,,49
4069,2026-07-01,Starter,Latin America,Education,Outbound Sales,1,35,21,72,1,0,,49
4070,2025-07-21,Growth,Latin America,Education,Paid Search,0,55,18,40,1,0,,129
4071,2025-09-22,Starter,North America,Manufacturing,Organic,0,24,26,59,1,0,,49
4072,2025-01-06,Growth,Asia Pacific,SaaS,Paid Search,1,17,32,36,0,0,,129
4073,2025-01-27,Growth,Latin America,Retail,Organic,1,31,17,31,2,0,,129
4074,2025-12-01,Enterprise,Latin America,Education,Referral,1,52,14,82,2,1,2026-07-22,399
4075,2026-05-18,Growth,Latin America,SaaS,Partner,1,66,23,75,0,0,,129
4076,2025-09-28,Starter,Europe,Finance,Paid Search,1,49,7,53,2,1,2026-03-18,49
4077,2026-04-15,Starter,Europe,Manufacturing,Outbound Sales,0,30,18,73,0,0,,49
4078,2026-02-11,Growth,Asia Pacific,Finance,Organic,0,30,10,73,1,0,,129
4079,2024-11-11,Growth,North America,SaaS,Organic,1,59,23,53,1,0,,129
4080,2026-07-30,Starter,Latin America,Education,Paid Search,1,52,12,82,2,0,,49
4081,2026-06-23,Starter,Asia Pacific,Healthcare,Partner,1,63,36,39,0,0,,49
4082,2026-04-18,Starter,Europe,SaaS,Referral,1,59,4,59,1,0,,49
4083,2026-01-02,Starter,Europe,SaaS,Outbound Sales,1,28,26,50,1,0,,49
4084,2025-02-22,Growth,Europe,Education,Paid Search,0,53,15,49,2,0,,129
4085,2025-12-28,Growth,Latin America,Education,Outbound Sales,0,27,12,57,0,0,,129
4086,2025-04-01,Starter,Asia Pacific,Retail,Outbound Sales,0,96,19,80,1,0,,49
4087,2025-03-30,Starter,Latin America,SaaS,Partner,1,43,19,37,1,0,,49
4088,2026-06-02,Enterprise,Asia Pacific,SaaS,Partner,1,28,15,44,2,0,,399
4089,2026-06-24,Starter,Latin America,Retail,Organic,1,39,12,50,2,0,,49
4090,2026-06-18,Growth,Latin America,Education,Paid Search,1,52,2,37,0,0,,129
4091,2025-02-09,Growth,Europe,Education,Referral,1,22,7,51,0,0,,129
4092,2025-02-15,Enterprise,Europe,Retail,Organic,1,62,29,63,0,0,,399
4093,2026-05-29,Growth,Asia Pacific,Education,Outbound Sales,1,6,16,61,1,0,,129
4094,2025-02-10,Starter,Europe,Manufacturing,Paid Search,1,13,26,59,1,0,,49
4095,2025-08-18,Growth,Asia Pacific,Finance,Paid Search,0,63,33,69,2,0,,129
4096,2026-05-01,Growth,North America,Finance,Paid Search,1,47,23,77,1,0,,129
4097,2025-10-17,Growth,Europe,Manufacturing,Organic,1,35,16,62,1,0,,129
4098,2025-12-24,Starter,Asia Pacific,Education,Outbound Sales,0,21,19,55,2,0,,49
4099,2025-07-27,Growth,Latin America,Education,Partner,0,71,18,67,0,0,,129
4100,2025-11-26,Starter,Europe,Healthcare,Partner,1,29,29,54,3,0,,49
4101,2026-08-31,Growth,North America,SaaS,Outbound Sales,0,57,18,73,2,0,,129
4102,2026-03-11,Growth,Europe,SaaS,Referral,1,71,14,47,2,1,2026-09-03,129
4103,2026-07-15,Starter,Europe,Manufacturing,Outbound Sales,1,44,26,83,1,0,,49
4104,2026-02-26,Starter,Latin America,Education,Paid Search,0,15,28,71,1,0,,49
4105,2024-12-07,Growth,North America,Finance,Partner,0,2,22,43,2,0,,129
4106,2025-04-24,Enterprise,Europe,Retail,Partner,1,13,25,77,2,0,,399
4107,2025-08-08,Growth,Latin America,Education,Outbound Sales,1,34,2,100,0,0,,129
4108,2025-12-16,Starter,North America,Manufacturing,Outbound Sales,1,74,14,66,2,0,,49
4109,2025-03-26,Growth,North America,Finance,Partner,1,61,11,65,1,0,,129
4110,2026-07-25,Growth,Latin America,Healthcare,Organic,1,49,7,42,0,0,,129
4111,2026-07-15,Enterprise,Europe,Healthcare,Organic,1,49,16,66,0,0,,399
4112,2026-09-27,Starter,Asia Pacific,Retail,Outbound Sales,1,40,11,70,1,0,,49
4113,2025-12-15,Growth,Asia Pacific,Education,Outbound Sales,0,0,10,100,2,0,,129
4114,2024-12-08,Starter,Asia Pacific,SaaS,Paid Search,1,18,32,45,0,0,,49
4115,2025-12-09,Starter,Asia Pacific,Manufacturing,Outbound Sales,0,26,37,60,1,0,,49
4116,2025-10-04,Growth,Asia Pacific,Retail,Outbound Sales,0,29,19,73,1,0,,129
4117,2025-06-30,Starter,Europe,Manufacturing,Outbound Sales,1,54,19,97,1,0,,49
4118,2024-12-19,Growth,North America,SaaS,Referral,0,49,15,18,0,1,2026-02-03,129
4119,2026-02-28,Starter,Europe,Retail,Organic,1,7,14,62,1,0,,49
4120,2025-08-01,Starter,Asia Pacific,Finance,Outbound Sales,1,4,19,86,0,0,,49
4121,2025-11-15,Starter,Asia Pacific,Finance,Organic,0,54,22,58,4,0,,49
4122,2024-11-19,Growth,Latin America,Finance,Referral,0,26,0,72,0,0,,129
4123,2025-10-10,Starter,Europe,Healthcare,Referral,0,76,20,53,0,0,,49
4124,2025-09-05,Starter,Europe,Healthcare,Partner,1,25,5,51,2,0,,49
4125,2025-09-13,Starter,Europe,Healthcare,Referral,1,53,6,52,0,0,,49
4126,2025-08-13,Starter,Europe,Finance,Referral,1,70,28,86,1,0,,49
4127,2026-03-17,Growth,Asia Pacific,Finance,Paid Search,1,71,22,66,1,0,,129
4128,2025-02-07,Starter,North America,Education,Organic,0,36,16,37,0,0,,49
4129,2025-06-20,Growth,Europe,SaaS,Paid Search,0,60,26,42,2,0,,129
4130,2025-03-16,Starter,Europe,SaaS,Paid Search,1,41,9,41,1,0,,49
4131,2025-09-02,Growth,Latin America,Education,Paid Search,1,53,4,42,1,0,,129
4132,2026-01-26,Starter,Latin America,Finance,Partner,1,54,0,58,1,0,,49
4133,2025-09-23,Starter,Latin America,Retail,Paid Search,1,59,17,15,1,0,,49
4134,2025-08-01,Starter,North America,Retail,Outbound Sales,1,66,14,38,1,0,,49
4135,2025-12-30,Starter,Europe,Healthcare,Paid Search,1,19,26,81,0,0,,49
4136,2026-07-11,Starter,Asia Pacific,Healthcare,Paid Search,0,27,21,59,2,0,,49
4137,2026-08-22,Growth,Asia Pacific,Healthcare,Organic,0,20,33,52,0,0,,129
4138,2025-01-29,Growth,Asia Pacific,Finance,Paid Search,1,51,9,45,0,0,,129
4139,2025-05-10,Starter,North America,SaaS,Partner,1,33,22,50,4,0,,49
4140,2026-01-25,Starter,North America,Retail,Partner,0,27,12,44,2,1,2026-04-19,49
4141,2025-12-20,Growth,Latin America,Healthcare,Partner,1,53,12,32,1,0,,129
4142,2026-03-10,Growth,North America,SaaS,Paid Search,1,82,25,71,0,0,,129
4143,2026-04-11,Growth,Asia Pacific,Healthcare,Partner,1,50,14,100,1,0,,129
4144,2025-11-16,Starter,Europe,Manufacturing,Paid Search,1,37,24,43,1,0,,49
4145,2024-12-26,Starter,Asia Pacific,Healthcare,Outbound Sales,1,87,39,36,0,0,,49
4146,2026-04-10,Starter,Asia Pacific,Manufacturing,Organic,0,44,21,71,1,0,,49
4147,2025-04-10,Growth,Latin America,Retail,Organic,1,55,18,4,3,0,,129
4148,2025-01-05,Enterprise,Europe,SaaS,Referral,1,56,21,48,0,0,,399
4149,2025-09-13,Starter,Asia Pacific,Education,Partner,1,17,6,68,0,0,,49
4150,2026-04-01,Starter,North America,Retail,Partner,1,30,29,64,1,0,,49
4151,2025-12-17,Starter,Latin America,SaaS,Partner,0,41,26,45,1,0,,49
4152,2025-03-17,Growth,Asia Pacific,SaaS,Partner,1,61,16,65,0,0,,129
4153,2026-04-19,Growth,North America,Retail,Organic,1,97,17,71,2,0,,129
4154,2026-06-04,Growth,Asia Pacific,SaaS,Referral,1,75,24,81,2,0,,129
4155,2024-11-28,Starter,North America,Healthcare,Outbound Sales,1,67,33,38,1,0,,49
4156,2025-04-25,Starter,Latin America,Healthcare,Organic,1,10,8,66,1,0,,49
4157,2025-05-15,Growth,North America,SaaS,Paid Search,1,34,21,18,0,0,,129
4158,2025-05-23,Growth,North America,Manufacturing,Paid Search,1,73,18,36,0,0,,129
4159,2024-12-28,Starter,Europe,Education,Referral,1,46,0,63,2,0,,49
4160,2025-07-12,Starter,Latin America,SaaS,Paid Search,1,66,17,75,1,0,,49
4161,2024-12-02,Starter,North America,Finance,Organic,0,43,11,65,1,0,,49
4162,2026-02-09,Starter,Europe,Finance,Organic,0,1,35,56,1,0,,49
4163,2024-12-20,Starter,Europe,Education,Outbound Sales,0,57,10,59,2,0,,49
4164,2025-11-03,Starter,Latin America,Healthcare,Paid Search,1,34,20,88,1,0,,49
4165,2025-05-21,Growth,Latin America,Retail,Partner,1,35,3,58,0,0,,129
4166,2025-08-06,Starter,Latin America,Education,Organic,1,77,7,16,0,0,,49
4167,2025-11-11,Starter,Asia Pacific,Education,Outbound Sales,1,70,19,78,2,0,,49
4168,2026-02-17,Growth,North America,Retail,Organic,1,44,14,67,1,0,,129
4169,2026-03-31,Starter,Europe,Finance,Outbound Sales,0,52,11,51,1,1,2026-08-09,49
4170,2026-08-11,Starter,North America,Education,Outbound Sales,1,48,13,45,0,0,,49
4171,2025-03-05,Starter,Europe,SaaS,Referral,1,27,12,85,1,0,,49
4172,2026-09-27,Starter,Asia Pacific,Finance,Paid Search,0,58,17,43,1,0,,49
4173,2024-11-30,Starter,Asia Pacific,Manufacturing,Paid Search,0,41,16,52,2,0,,49
4174,2025-07-04,Growth,Europe,Education,Partner,1,38,21,7,2,0,,129
4175,2025-11-15,Growth,Asia Pacific,Healthcare,Partner,0,27,30,71,1,0,,129
4176,2026-03-14,Starter,Asia Pacific,Manufacturing,Outbound Sales,1,74,18,31,3,0,,49
4177,2026-06-30,Enterprise,Asia Pacific,Retail,Referral,1,58,24,52,0,0,,399
4178,2026-01-29,Growth,Asia Pacific,Healthcare,Organic,1,31,34,66,1,0,,129
4179,2025-04-29,Starter,North America,Finance,Partner,1,19,13,56,0,0,,49
4180,2026-02-27,Starter,North America,SaaS,Organic,1,75,22,81,0,0,,49
4181,2026-06-22,Growth,Europe,Education,Referral,0,86,24,41,1,0,,129
4182,2026-05-17,Growth,Latin America,SaaS,Referral,1,38,19,30,1,0,,129
4183,2025-10-23,Starter,Latin America,SaaS,Referral,1,62,18,63,2,0,,49
4184,2025-10-17,Starter,Latin America,Retail,Outbound Sales,1,56,21,76,1,0,,49
4185,2025-04-15,Starter,Latin America,Education,Organic,1,64,14,42,1,0,,49
4186,2025-07-21,Growth,North America,Finance,Paid Search,1,39,21,58,1,0,,129
4187,2025-01-30,Growth,North America,SaaS,Outbound Sales,1,51,20,28,0,0,,129
4188,2025-08-17,Starter,Asia Pacific,Retail,Partner,1,31,3,57,1,0,,49
4189,2024-11-27,Starter,North America,Retail,Organic,1,56,15,55,0,0,,49
4190,2025-11-29,Enterprise,Asia Pacific,Manufacturing,Referral,1,55,30,71,3,0,,399
4191,2024-12-19,Growth,Europe,Manufacturing,Paid Search,1,27,23,76,3,0,,129
4192,2025-04-14,Starter,North America,Retail,Paid Search,1,47,28,76,0,0,,49
4193,2026-06-07,Enterprise,Latin America,Healthcare,Organic,1,44,17,32,2,0,,399
4194,2025-06-06,Enterprise,Europe,Retail,Partner,1,0,19,65,0,0,,399
4195,2025-06-13,Starter,Asia Pacific,Retail,Outbound Sales,1,10,11,41,1,0,,49
4196,2026-08-23,Starter,Europe,Manufacturing,Paid Search,0,18,3,58,1,0,,49
4197,2025-06-17,Enterprise,North America,Healthcare,Organic,1,21,19,42,2,0,,399
4198,2026-09-23,Growth,Europe,Education,Organic,0,11,27,42,0,0,,129
4199,2025-05-29,Growth,North America,Education,Outbound Sales,1,34,19,45,0,0,,129
4200,2025-08-01,Enterprise,Asia Pacific,Retail,Referral,1,61,29,60,3,0,,399
4201,2026-08-28,Growth,Europe,SaaS,Partner,0,44,3,70,1,0,,129
4202,2025-12-23,Enterprise,Asia Pacific,Retail,Referral,1,8,23,69,3,0,,399
4203,2026-04-08,Starter,Asia Pacific,Healthcare,Referral,1,51,19,58,3,0,,49
4204,2024-11-19,Enterprise,North America,Retail,Referral,0,58,7,64,0,0,,399
4205,2026-09-28,Starter,Asia Pacific,Healthcare,Outbound Sales,1,33,11,52,1,0,,49
4206,2024-11-08,Growth,Asia Pacific,Manufacturing,Outbound Sales,0,44,22,61,2,0,,129
4207,2026-02-27,Growth,Europe,Healthcare,Paid Search,1,55,18,22,1,0,,129
4208,2025-03-14,Enterprise,Latin America,Healthcare,Paid Search,1,14,10,54,0,0,,399
4209,2026-08-23,Enterprise,Latin America,Finance,Referral,1,44,16,47,2,0,,399
4210,2025-04-25,Enterprise,Latin America,Manufacturing,Partner,1,22,27,51,1,0,,399
4211,2026-07-07,Growth,Latin America,Education,Outbound Sales,0,20,17,45,1,0,,129
4212,2024-11-07,Starter,Asia Pacific,SaaS,Partner,1,41,41,84,1,0,,49
4213,2025-06-16,Starter,Europe,Education,Partner,1,38,21,49,1,0,,49
4214,2025-07-15,Enterprise,Latin America,Healthcare,Paid Search,1,46,15,55,1,0,,399
4215,2026-07-14,Starter,North America,Retail,Paid Search,1,53,14,52,1,0,,49
4216,2025-09-07,Starter,Europe,Healthcare,Referral,1,38,24,57,1,0,,49
4217,2026-08-19,Starter,North America,Finance,Referral,1,80,12,68,0,0,,49
4218,2025-08-07,Starter,Europe,SaaS,Partner,0,48,20,85,0,0,,49
4219,2026-01-06,Growth,Asia Pacific,SaaS,Referral,1,38,19,87,0,0,,129
4220,2025-11-19,Growth,Asia Pacific,Manufacturing,Outbound Sales,1,35,20,69,1,0,,129
4221,2025-10-22,Starter,North America,SaaS,Outbound Sales,1,3,21,79,2,0,,49
4222,2026-02-12,Starter,Asia Pacific,Healthcare,Partner,1,31,23,56,1,0,,49
4223,2025-07-15,Starter,North America,Manufacturing,Paid Search,1,22,2,79,0,0,,49
4224,2025-06-10,Starter,Latin America,Education,Referral,1,39,28,38,0,0,,49
4225,2026-02-19,Growth,Europe,Retail,Organic,1,78,19,84,0,0,,129
4226,2025-09-04,Starter,Latin America,Retail,Paid Search,0,55,11,67,1,0,,49
4227,2026-09-23,Growth,Latin America,Healthcare,Outbound Sales,1,56,21,60,0,0,,129
4228,2026-04-16,Starter,North America,SaaS,Paid Search,1,35,25,74,0,0,,49
4229,2026-07-30,Starter,Latin America,Finance,Paid Search,0,31,14,55,1,0,,49
4230,2025-12-10,Starter,Latin America,SaaS,Paid Search,1,0,22,27,0,0,,49
4231,2026-06-20,Starter,Asia Pacific,Education,Paid Search,1,73,14,100,2,0,,49
4232,2025-02-11,Growth,Asia Pacific,Retail,Referral,1,64,17,60,0,0,,129
4233,2024-11-06,Starter,Asia Pacific,Education,Referral,1,21,23,82,0,0,,49
4234,2026-04-06,Starter,Asia Pacific,Manufacturing,Referral,0,33,23,43,1,0,,49
4235,2026-09-08,Growth,Europe,Retail,Paid Search,0,31,25,39,0,0,,129
4236,2025-11-17,Growth,Asia Pacific,Healthcare,Outbound Sales,1,56,3,44,1,0,,129
4237,2026-05-27,Growth,Europe,Finance,Partner,1,61,28,35,0,0,,129
4238,2026-08-23,Enterprise,Europe,Retail,Organic,0,79,6,67,0,0,,399
4239,2026-06-30,Growth,Europe,Finance,Paid Search,1,56,17,80,0,0,,129
4240,2026-07-15,Starter,Latin America,SaaS,Partner,1,58,28,48,2,0,,49
4241,2025-08-15,Starter,North America,Healthcare,Outbound Sales,1,58,25,100,1,0,,49
4242,2025-08-31,Growth,Latin America,Healthcare,Referral,1,27,23,79,1,0,,129
4243,2026-09-30,Growth,Europe,Healthcare,Outbound Sales,1,45,18,78,1,0,,129
4244,2025-02-17,Starter,Europe,Retail,Paid Search,0,44,26,53,1,1,2025-11-20,49
4245,2025-01-03,Growth,North America,Education,Paid Search,1,67,6,76,1,0,,129
4246,2025-10-09,Growth,Latin America,Manufacturing,Partner,1,55,30,49,2,1,2026-03-29,129
4247,2026-08-16,Starter,Asia Pacific,Education,Outbound Sales,1,65,33,68,0,0,,49
4248,2025-09-27,Growth,Europe,Healthcare,Organic,0,55,18,51,0,0,,129
4249,2025-08-09,Enterprise,North America,Healthcare,Organic,1,69,15,63,0,0,,399
4250,2025-07-24,Growth,North America,Healthcare,Referral,0,53,13,45,0,0,,129
4251,2026-09-01,Starter,Latin America,Healthcare,Referral,0,43,26,64,3,0,,49
4252,2026-08-28,Growth,Asia Pacific,SaaS,Partner,0,44,29,69,2,0,,129
4253,2025-08-31,Enterprise,North America,Finance,Partner,1,56,26,56,2,0,,399
4254,2025-05-10,Growth,Latin America,Manufacturing,Partner,1,65,16,53,2,0,,129
4255,2025-04-01,Growth,Latin America,SaaS,Referral,1,29,9,72,3,0,,129
4256,2026-04-12,Enterprise,Latin America,Finance,Organic,1,72,6,76,0,0,,399
4257,2025-07-03,Growth,Latin America,Education,Organic,1,53,11,69,0,0,,129
4258,2024-12-27,Starter,Europe,Finance,Paid Search,1,46,16,46,1,0,,49
4259,2026-07-06,Enterprise,Europe,Education,Paid Search,1,29,19,38,2,0,,399
4260,2025-12-17,Growth,Latin America,Finance,Paid Search,1,35,10,100,0,0,,129
4261,2026-09-06,Growth,North America,Education,Organic,1,1,19,76,3,0,,129
4262,2025-09-22,Growth,Europe,Retail,Paid Search,1,29,23,69,1,0,,129
4263,2026-09-27,Starter,Europe,Retail,Partner,1,15,17,80,2,0,,49
4264,2025-03-22,Growth,Latin America,Finance,Referral,1,74,22,100,1,0,,129
4265,2024-11-25,Starter,Asia Pacific,Manufacturing,Referral,1,50,32,44,2,0,,49
4266,2026-09-01,Starter,Asia Pacific,SaaS,Referral,1,36,25,77,2,0,,49
4267,2026-03-23,Enterprise,Europe,Manufacturing,Paid Search,1,57,26,68,2,1,2026-07-06,399
4268,2025-07-22,Growth,North America,Finance,Outbound Sales,1,50,23,64,2,0,,129
4269,2026-01-01,Enterprise,Asia Pacific,Healthcare,Paid Search,1,47,25,18,2,0,,399
4270,2025-12-18,Starter,Europe,SaaS,Organic,1,17,11,47,1,0,,49
4271,2025-12-01,Starter,Europe,Retail,Paid Search,1,82,27,45,0,0,,49
4272,2024-12-05,Growth,Asia Pacific,Manufacturing,Paid Search,0,41,11,52,0,0,,129
4273,2026-06-19,Starter,Latin America,SaaS,Referral,1,53,21,94,0,0,,49
4274,2026-06-07,Starter,Asia Pacific,SaaS,Referral,0,58,16,27,2,0,,49
4275,2025-05-12,Starter,Europe,Retail,Paid Search,1,36,18,61,1,0,,49
4276,2025-10-16,Enterprise,Asia Pacific,Retail,Partner,0,89,16,25,1,0,,399
4277,2025-06-14,Growth,Latin America,Manufacturing,Partner,0,54,23,50,0,0,,129
4278,2026-04-30,Starter,Latin America,Finance,Paid Search,0,79,15,32,4,0,,49
4279,2026-08-14,Growth,Latin America,Manufacturing,Outbound Sales,0,76,15,59,0,0,,129
4280,2026-03-01,Starter,Europe,Education,Outbound Sales,1,25,5,91,5,0,,49
4281,2026-09-17,Starter,Europe,SaaS,Outbound Sales,1,69,23,64,2,0,,49
4282,2025-11-01,Growth,North America,Manufacturing,Partner,1,42,19,62,0,0,,129
4283,2026-04-02,Starter,North America,Retail,Outbound Sales,1,60,8,46,2,0,,49
4284,2025-09-02,Starter,North America,Retail,Paid Search,0,46,39,53,3,0,,49
4285,2025-04-22,Starter,Latin America,Retail,Paid Search,1,31,19,80,0,0,,49
4286,2026-09-03,Enterprise,North America,Retail,Referral,0,54,10,77,1,0,,399
4287,2026-05-24,Growth,Latin America,Education,Referral,0,40,6,56,0,0,,129
4288,2025-05-03,Growth,North America,Manufacturing,Referral,1,75,14,63,1,0,,129
4289,2025-08-26,Growth,Europe,SaaS,Paid Search,1,32,24,50,0,0,,129
4290,2025-02-06,Growth,North America,Education,Partner,1,46,17,100,0,0,,129
4291,2026-02-24,Growth,Europe,Healthcare,Paid Search,1,70,21,51,2,0,,129
4292,2025-03-10,Enterprise,Europe,Education,Paid Search,1,48,20,94,1,0,,399
4293,2025-07-21,Growth,Latin America,SaaS,Organic,1,78,7,76,1,0,,129
4294,2026-05-25,Starter,Latin America,Retail,Paid Search,1,71,29,62,2,0,,49
4295,2025-05-05,Starter,Latin America,Manufacturing,Organic,1,42,19,66,1,0,,49
4296,2026-09-26,Starter,North America,Finance,Paid Search,1,69,32,37,1,0,,49
4297,2025-10-08,Growth,North America,SaaS,Organic,1,51,12,60,0,0,,129
4298,2026-08-31,Growth,Asia Pacific,Healthcare,Referral,1,67,12,52,0,1,2026-09-30,129
4299,2025-06-14,Enterprise,Europe,Manufacturing,Organic,1,2,21,91,1,0,,399
4300,2025-10-28,Starter,Asia Pacific,Education,Outbound Sales,1,48,19,26,0,0,,49
4301,2025-06-15,Enterprise,Europe,Manufacturing,Paid Search,0,28,28,84,0,0,,399
4302,2025-09-09,Growth,Europe,Finance,Paid Search,0,62,17,58,2,0,,129
4303,2026-01-03,Growth,Europe,Finance,Paid Search,1,79,17,56,3,0,,129
4304,2025-10-04,Growth,North America,Finance,Partner,1,50,25,62,1,0,,129
4305,2025-11-14,Starter,Asia Pacific,Healthcare,Paid Search,0,50,17,42,0,0,,49
4306,2025-07-23,Enterprise,Europe,Manufacturing,Paid Search,0,42,17,74,2,0,,399
4307,2026-06-21,Enterprise,Europe,Manufacturing,Organic,0,49,27,65,0,0,,399
4308,2025-08-27,Growth,Europe,Manufacturing,Partner,1,32,14,80,1,0,,129
4309,2026-02-16,Starter,Europe,SaaS,Paid Search,0,73,11,52,1,0,,49
4310,2025-02-27,Starter,Asia Pacific,Healthcare,Referral,1,45,21,54,0,0,,49
4311,2026-02-23,Growth,Latin America,Retail,Referral,1,40,16,81,3,0,,129
4312,2024-12-23,Growth,Latin America,Finance,Paid Search,1,64,8,42,1,0,,129
4313,2026-08-10,Starter,Europe,Retail,Paid Search,1,59,27,73,0,0,,49
4314,2026-06-19,Growth,North America,Education,Paid Search,1,33,4,46,2,0,,129
4315,2026-06-16,Starter,Latin America,Finance,Referral,1,38,17,23,2,0,,49
4316,2026-07-27,Growth,North America,Manufacturing,Organic,1,87,32,70,1,0,,129
4317,2025-01-10,Enterprise,Europe,Education,Paid Search,1,71,2,50,4,0,,399
4318,2026-02-25,Growth,Latin America,Finance,Partner,0,53,15,70,0,0,,129
4319,2025-05-17,Starter,Latin America,SaaS,Outbound Sales,1,38,18,34,0,0,,49
4320,2026-03-26,Enterprise,Latin America,Manufacturing,Outbound Sales,1,43,10,32,0,0,,399
4321,2025-03-01,Starter,Asia Pacific,Finance,Partner,1,33,16,75,2,0,,49
4322,2026-09-27,Starter,North America,Healthcare,Referral,1,58,12,50,2,1,2026-09-30,49
4323,2025-11-24,Growth,Europe,Retail,Referral,1,39,13,64,0,0,,129
4324,2026-04-25,Starter,Asia Pacific,Retail,Organic,1,50,24,100,0,0,,49
4325,2025-08-31,Starter,Europe,Healthcare,Outbound Sales,1,71,17,54,0,1,2026-04-29,49
4326,2024-12-24,Growth,Asia Pacific,Education,Paid Search,1,49,30,77,3,0,,129
4327,2025-04-02,Growth,Asia Pacific,Education,Paid Search,1,39,14,61,1,0,,129
4328,2025-03-19,Starter,North America,Healthcare,Paid Search,1,35,19,57,2,0,,49
4329,2025-05-23,Starter,Europe,SaaS,Paid Search,1,63,11,87,3,0,,49
4330,2025-10-15,Growth,Asia Pacific,Finance,Paid Search,0,64,14,81,0,0,,129
4331,2025-12-23,Starter,Latin America,Education,Partner,1,39,6,69,2,0,,49
4332,2026-06-05,Starter,Europe,SaaS,Outbound Sales,1,30,19,77,0,0,,49
4333,2026-02-10,Growth,Latin America,Education,Partner,1,86,27,68,2,0,,129
4334,2025-03-25,Starter,Europe,Finance,Referral,1,32,4,65,2,0,,49
4335,2025-09-18,Starter,North America,SaaS,Paid Search,0,86,29,93,1,0,,49
4336,2025-05-02,Starter,Asia Pacific,Healthcare,Partner,0,21,20,72,2,0,,49
4337,2025-01-20,Starter,Europe,Finance,Paid Search,0,33,12,45,1,0,,49
4338,2026-03-13,Growth,Europe,SaaS,Paid Search,1,44,13,71,1,0,,129
4339,2025-10-05,Starter,North America,Healthcare,Organic,1,24,9,24,3,0,,49
4340,2026-08-07,Starter,North America,Healthcare,Paid Search,1,53,20,67,1,0,,49
4341,2025-04-29,Starter,North America,Healthcare,Paid Search,1,18,17,54,2,0,,49
4342,2025-09-15,Growth,Asia Pacific,Education,Organic,1,31,24,66,1,0,,129
4343,2026-08-10,Starter,Asia Pacific,Healthcare,Organic,1,43,19,42,3,0,,49
4344,2024-12-28,Starter,Asia Pacific,Retail,Referral,1,41,12,57,2,0,,49
4345,2024-11-03,Growth,Asia Pacific,Education,Partner,1,49,3,29,4,0,,129
4346,2026-02-04,Starter,Latin America,Education,Organic,1,50,19,38,1,0,,49
4347,2025-08-06,Starter,Latin America,Education,Referral,0,65,18,34,1,0,,49
4348,2025-06-01,Starter,Latin America,Healthcare,Referral,1,11,13,25,2,0,,49
4349,2025-04-20,Growth,Latin America,Retail,Paid Search,1,49,20,67,2,0,,129
4350,2026-06-12,Enterprise,Latin America,Healthcare,Outbound Sales,1,52,22,80,0,1,2026-08-01,399
4351,2026-03-15,Growth,Asia Pacific,Manufacturing,Outbound Sales,1,19,7,100,0,0,,129
4352,2025-01-28,Enterprise,Latin America,Education,Partner,1,46,15,58,0,0,,399
4353,2025-03-11,Starter,Latin America,Healthcare,Referral,0,37,11,62,1,0,,49
4354,2026-07-21,Enterprise,Europe,Healthcare,Partner,0,50,10,71,3,1,2026-09-16,399
4355,2026-08-09,Starter,Asia Pacific,Finance,Outbound Sales,1,44,14,74,5,0,,49
4356,2026-01-12,Starter,North America,Manufacturing,Paid Search,0,27,0,57,1,0,,49
4357,2025-12-17,Starter,Asia Pacific,Finance,Outbound Sales,0,82,11,67,2,0,,49
4358,2026-01-12,Growth,North America,Manufacturing,Outbound Sales,1,36,18,94,1,0,,129
4359,2026-03-02,Enterprise,Asia Pacific,Retail,Referral,0,62,22,72,1,0,,399
4360,2025-11-26,Starter,Europe,Finance,Paid Search,1,59,13,90,0,0,,49
4361,2024-11-03,Growth,North America,Retail,Organic,1,30,22,27,0,0,,129
4362,2024-12-07,Enterprise,Latin America,Manufacturing,Outbound Sales,1,55,18,60,1,0,,399
4363,2026-04-29,Starter,Latin America,Finance,Partner,1,61,14,36,5,0,,49
4364,2025-05-22,Growth,North America,Education,Paid Search,1,40,19,39,1,1,2026-06-30,129
4365,2025-11-16,Growth,Asia Pacific,Manufacturing,Partner,1,0,14,100,2,0,,129
4366,2024-11-13,Growth,Latin America,Education,Paid Search,1,39,19,30,5,0,,129
4367,2025-09-24,Starter,Europe,Manufacturing,Organic,1,47,16,32,0,0,,49
4368,2026-04-26,Starter,Europe,Finance,Partner,1,68,28,37,1,0,,49
4369,2025-05-13,Growth,Asia Pacific,Healthcare,Outbound Sales,1,58,20,57,1,0,,129
4370,2024-11-17,Starter,Europe,Manufacturing,Partner,1,45,28,63,0,0,,49
4371,2026-09-22,Enterprise,North America,Manufacturing,Referral,0,40,16,53,1,0,,399
4372,2024-11-03,Starter,Europe,Finance,Organic,0,53,24,71,0,0,,49
4373,2026-08-02,Growth,Latin America,Healthcare,Organic,1,49,11,42,1,0,,129
4374,2025-07-11,Starter,Europe,Finance,Paid Search,1,58,12,54,1,1,2025-12-03,49
4375,2025-10-17,Growth,Asia Pacific,SaaS,Paid Search,1,65,23,43,1,0,,129
4376,2025-09-14,Starter,North America,SaaS,Outbound Sales,1,46,9,72,0,0,,49
4377,2025-03-11,Enterprise,Latin America,SaaS,Paid Search,0,12,8,46,0,0,,399
4378,2025-02-12,Growth,Asia Pacific,Manufacturing,Organic,0,22,21,67,1,0,,129
4379,2025-11-26,Starter,North America,Retail,Outbound Sales,0,35,8,51,3,0,,49
4380,2026-03-29,Enterprise,Latin America,Finance,Referral,1,22,13,51,0,0,,399
4381,2026-06-24,Enterprise,Europe,Manufacturing,Referral,1,42,8,46,0,0,,399
4382,2025-09-08,Growth,Europe,Finance,Paid Search,0,18,26,92,3,0,,129
4383,2025-04-19,Enterprise,Europe,Education,Organic,1,38,14,56,1,0,,399
4384,2025-01-04,Starter,North America,Manufacturing,Partner,0,59,22,42,1,0,,49
4385,2024-12-15,Starter,North America,Manufacturing,Organic,1,49,26,52,1,0,,49
4386,2025-08-31,Growth,North America,SaaS,Referral,1,45,28,58,1,0,,129
4387,2025-08-23,Growth,Asia Pacific,Education,Outbound Sales,1,29,28,79,1,0,,129
4388,2026-02-08,Growth,North America,Retail,Partner,1,18,22,26,0,0,,129
4389,2026-04-15,Starter,North America,Finance,Referral,1,47,4,100,0,0,,49
4390,2026-07-02,Starter,Asia Pacific,SaaS,Partner,0,36,29,37,1,1,2026-09-03,49
4391,2025-10-10,Starter,North America,Education,Paid Search,1,74,30,94,0,0,,49
4392,2026-01-17,Enterprise,North America,SaaS,Partner,0,33,27,39,1,0,,399
4393,2025-03-16,Growth,Latin America,SaaS,Paid Search,1,66,24,85,2,0,,129
4394,2025-10-15,Enterprise,Latin America,Healthcare,Referral,1,43,7,56,0,0,,399
4395,2026-03-15,Starter,North America,Healthcare,Organic,1,42,9,58,2,0,,49
4396,2025-11-01,Starter,Asia Pacific,SaaS,Paid Search,1,13,13,41,1,0,,49
4397,2025-05-10,Growth,Asia Pacific,SaaS,Organic,1,47,16,44,1,0,,129
4398,2025-04-16,Growth,Latin America,SaaS,Partner,1,60,27,28,1,0,,129
4399,2025-12-17,Starter,Asia Pacific,Education,Partner,1,9,19,81,2,0,,49
4400,2024-11-18,Starter,Asia Pacific,Retail,Referral,1,31,17,88,1,0,,49
4401,2025-06-20,Starter,Asia Pacific,Retail,Paid Search,1,32,14,66,1,0,,49
4402,2025-06-16,Enterprise,North America,Retail,Outbound Sales,1,48,9,44,1,0,,399
4403,2025-03-13,Enterprise,Latin America,Healthcare,Paid Search,0,26,10,99,1,0,,399
4404,2025-06-03,Growth,Asia Pacific,Retail,Organic,1,5,20,82,2,0,,129
4405,2024-11-21,Growth,Asia Pacific,Healthcare,Referral,0,69,16,22,4,1,2025-10-18,129
4406,2026-03-30,Growth,Europe,SaaS,Paid Search,1,45,13,55,0,0,,129
4407,2025-04-21,Enterprise,North America,Finance,Partner,0,35,15,68,3,0,,399
4408,2025-03-05,Starter,Asia Pacific,SaaS,Outbound Sales,1,51,5,57,0,0,,49
4409,2025-11-09,Growth,North America,Education,Partner,0,57,14,44,0,0,,129
4410,2026-08-27,Starter,Europe,Finance,Organic,0,43,23,36,2,0,,49
4411,2024-12-07,Starter,Latin America,Education,Referral,1,53,21,34,0,0,,49
4412,2025-11-18,Starter,Latin America,Education,Outbound Sales,1,0,3,7,0,1,2026-04-27,49
4413,2026-04-30,Starter,Latin America,Retail,Organic,1,39,12,30,3,0,,49
4414,2026-07-30,Enterprise,North America,SaaS,Partner,0,44,31,58,3,0,,399
4415,2024-12-18,Growth,Latin America,Finance,Organic,1,30,21,50,1,0,,129
4416,2026-06-30,Starter,Europe,Healthcare,Referral,1,53,20,37,3,0,,49
4417,2024-12-18,Starter,Europe,SaaS,Partner,0,27,28,63,1,0,,49
4418,2026-09-07,Starter,Europe,Manufacturing,Referral,1,58,20,58,2,0,,49
4419,2025-02-17,Starter,Asia Pacific,Education,Outbound Sales,1,25,29,90,2,0,,49
4420,2026-08-30,Starter,Europe,Education,Organic,0,58,8,49,3,0,,49
4421,2024-11-19,Starter,North America,Education,Organic,0,86,12,76,0,0,,49
4422,2024-12-18,Starter,North America,Education,Paid Search,1,28,20,58,2,0,,49
4423,2025-02-25,Starter,Latin America,Education,Paid Search,1,46,18,71,2,0,,49
4424,2025-12-30,Enterprise,Latin America,Retail,Partner,0,59,13,100,0,0,,399
4425,2026-01-27,Growth,North America,Healthcare,Outbound Sales,1,58,21,83,0,1,2026-06-03,129
4426,2025-03-05,Growth,Asia Pacific,Education,Partner,1,53,27,48,2,0,,129
4427,2026-05-13,Starter,North America,Manufacturing,Referral,1,60,18,63,2,0,,49
4428,2025-07-15,Starter,North America,Retail,Outbound Sales,1,81,19,67,3,0,,49
4429,2026-02-27,Starter,Europe,Finance,Partner,0,49,27,53,1,0,,49
4430,2025-04-04,Starter,Latin America,Finance,Outbound Sales,1,32,22,65,2,0,,49
4431,2025-05-28,Growth,Latin America,Education,Referral,1,17,16,51,1,0,,129
4432,2026-08-06,Starter,Asia Pacific,Education,Outbound Sales,1,31,18,59,0,0,,49
4433,2024-11-08,Starter,North America,Education,Referral,0,23,27,66,3,0,,49
4434,2025-09-03,Starter,Asia Pacific,Retail,Organic,1,51,29,34,1,0,,49
4435,2026-01-03,Enterprise,Asia Pacific,SaaS,Outbound Sales,1,48,17,59,2,0,,399
4436,2026-09-07,Starter,Asia Pacific,Education,Referral,0,89,17,31,0,0,,49
4437,2025-02-10,Enterprise,Europe,Healthcare,Paid Search,1,68,23,39,1,0,,399
4438,2026-09-08,Growth,Latin America,SaaS,Organic,1,35,15,42,0,0,,129
4439,2026-04-15,Starter,Asia Pacific,Finance,Outbound Sales,1,27,5,53,3,1,2026-07-23,49
4440,2026-07-29,Starter,Asia Pacific,Education,Organic,1,52,27,42,0,0,,49
4441,2026-07-12,Starter,Latin America,Education,Paid Search,1,31,11,58,1,0,,49
4442,2025-03-19,Starter,Europe,Manufacturing,Outbound Sales,1,67,22,52,0,0,,49
4443,2026-01-01,Starter,Europe,Manufacturing,Referral,1,41,18,61,1,0,,49
4444,2025-02-14,Enterprise,Latin America,SaaS,Partner,1,26,9,82,1,0,,399
4445,2026-04-06,Starter,Europe,Healthcare,Organic,1,59,32,44,3,0,,49
4446,2026-07-24,Enterprise,Europe,Education,Partner,1,94,13,72,2,1,2026-08-30,399
4447,2025-08-15,Starter,Latin America,Manufacturing,Outbound Sales,0,76,9,63,3,0,,49
4448,2025-02-23,Enterprise,Europe,Finance,Paid Search,1,38,10,34,1,0,,399
4449,2025-02-15,Starter,Latin America,Finance,Paid Search,1,26,9,62,2,0,,49
4450,2026-03-23,Growth,Asia Pacific,SaaS,Organic,0,77,12,38,1,0,,129
4451,2025-05-21,Enterprise,Latin America,Manufacturing,Paid Search,1,49,13,83,3,0,,399
4452,2026-07-15,Enterprise,Latin America,Education,Outbound Sales,1,61,14,82,2,0,,399
4453,2025-05-22,Starter,Europe,Retail,Referral,1,77,26,74,2,0,,49
4454,2025-07-26,Growth,Europe,Retail,Organic,1,50,8,59,1,0,,129
4455,2026-04-18,Starter,Asia Pacific,Healthcare,Outbound Sales,1,76,9,61,1,0,,49
4456,2025-05-24,Starter,Asia Pacific,SaaS,Outbound Sales,1,43,17,73,0,0,,49
4457,2025-10-31,Starter,Asia Pacific,SaaS,Paid Search,0,67,16,47,1,0,,49
4458,2025-12-23,Starter,Latin America,Retail,Outbound Sales,1,37,21,49,3,1,2026-04-07,49
4459,2025-04-12,Growth,Europe,Finance,Organic,1,51,20,38,0,0,,129
4460,2024-12-09,Enterprise,North America,Finance,Outbound Sales,1,53,13,48,4,0,,399
4461,2026-05-14,Growth,Latin America,Education,Organic,1,73,10,67,1,0,,129
4462,2026-03-22,Growth,North America,Retail,Partner,1,50,12,63,2,0,,129
4463,2025-05-30,Enterprise,North America,Healthcare,Outbound Sales,1,30,27,66,1,0,,399
4464,2026-03-06,Starter,North America,Manufacturing,Outbound Sales,1,75,20,85,1,0,,49
4465,2025-10-03,Starter,North America,Healthcare,Organic,1,34,31,38,0,0,,49
4466,2025-06-27,Starter,Europe,Manufacturing,Outbound Sales,1,38,20,53,2,0,,49
4467,2024-11-01,Growth,Asia Pacific,Finance,Outbound Sales,1,34,22,97,2,1,2024-12-07,129
4468,2026-09-17,Starter,Europe,Education,Organic,0,39,2,17,1,0,,49
4469,2025-01-29,Growth,North America,Finance,Partner,1,55,23,47,3,0,,129
4470,2025-02-20,Growth,Europe,Education,Outbound Sales,1,50,6,65,2,0,,129
4471,2026-06-09,Starter,Latin America,Retail,Partner,1,52,18,54,0,0,,49
4472,2026-09-15,Starter,Latin America,Retail,Referral,0,64,22,85,3,0,,49
4473,2026-03-19,Starter,Latin America,Retail,Outbound Sales,0,37,21,50,2,0,,49
4474,2025-03-31,Growth,Asia Pacific,Retail,Referral,1,32,21,62,1,0,,129
4475,2025-01-30,Starter,Asia Pacific,Education,Organic,0,31,18,59,0,0,,49
4476,2026-04-06,Starter,Asia Pacific,SaaS,Referral,1,68,7,79,1,0,,49
4477,2025-01-14,Starter,Europe,Education,Organic,1,3,9,56,2,0,,49
4478,2025-02-10,Enterprise,Europe,SaaS,Partner,0,21,12,100,1,0,,399
4479,2025-07-19,Starter,Latin America,Education,Outbound Sales,1,59,16,79,0,0,,49
4480,2026-08-20,Starter,Europe,Retail,Partner,1,37,23,51,1,0,,49
4481,2025-06-23,Starter,Latin America,Retail,Referral,0,69,19,28,1,0,,49
4482,2026-02-09,Starter,Europe,Finance,Paid Search,1,38,25,64,0,0,,49
4483,2025-08-29,Starter,Europe,Retail,Referral,1,79,15,38,2,0,,49
4484,2025-07-27,Growth,Latin America,Healthcare,Partner,1,18,19,57,1,0,,129
4485,2026-02-17,Starter,Latin America,SaaS,Organic,1,36,1,65,1,0,,49
4486,2024-12-20,Starter,Europe,Manufacturing,Organic,0,34,14,85,0,0,,49
4487,2025-02-09,Starter,Latin America,Healthcare,Referral,0,2,21,52,1,0,,49
4488,2025-04-26,Starter,North America,Manufacturing,Partner,0,70,21,47,2,0,,49
4489,2024-12-09,Enterprise,Asia Pacific,Healthcare,Outbound Sales,1,49,13,35,1,0,,399
4490,2025-08-23,Starter,Latin America,Healthcare,Paid Search,1,40,23,30,0,0,,49
4491,2025-11-02,Starter,Latin America,Manufacturing,Referral,1,35,19,72,0,1,2026-05-11,49
4492,2026-01-09,Starter,Latin America,Education,Paid Search,1,11,30,91,2,0,,49
4493,2025-02-25,Starter,North America,Healthcare,Outbound Sales,0,63,17,39,2,0,,49
4494,2025-02-04,Growth,Europe,Manufacturing,Partner,1,27,11,52,0,0,,129
4495,2024-12-15,Starter,Europe,SaaS,Outbound Sales,1,68,26,69,1,0,,49
4496,2024-11-08,Growth,Europe,Manufacturing,Referral,1,80,19,62,1,0,,129
4497,2025-03-20,Starter,Latin America,Finance,Paid Search,0,47,14,100,1,0,,49
4498,2026-09-09,Starter,North America,Manufacturing,Partner,1,42,12,27,3,0,,49
4499,2026-08-23,Starter,Asia Pacific,Retail,Paid Search,1,71,20,68,0,0,,49
4500,2025-04-22,Growth,Asia Pacific,SaaS,Outbound Sales,1,67,21,37,0,0,,129
4501,2025-10-01,Growth,North America,Healthcare,Partner,1,22,27,49,0,0,,129
4502,2025-10-31,Growth,Latin America,SaaS,Partner,1,26,29,76,1,0,,129
4503,2026-01-21,Growth,Asia Pacific,Education,Outbound Sales,1,40,19,42,1,0,,129
4504,2026-07-28,Growth,Europe,Retail,Organic,1,63,15,59,4,0,,129
4505,2025-07-31,Starter,North America,SaaS,Paid Search,1,24,25,94,1,0,,49
4506,2025-02-02,Starter,Latin America,Healthcare,Paid Search,1,67,24,56,2,0,,49
4507,2025-11-15,Enterprise,Latin America,Healthcare,Partner,1,52,19,91,0,0,,399
4508,2025-10-15,Enterprise,Europe,SaaS,Referral,1,15,14,67,1,0,,399
4509,2025-05-05,Starter,North America,Education,Paid Search,1,29,18,55,0,0,,49
4510,2025-02-23,Enterprise,Latin America,SaaS,Outbound Sales,1,42,27,58,1,0,,399
4511,2025-12-14,Starter,North America,Education,Paid Search,0,51,22,16,1,0,,49
4512,2025-12-13,Starter,Europe,Manufacturing,Outbound Sales,0,37,17,66,1,0,,49
4513,2026-02-09,Starter,Asia Pacific,Retail,Partner,0,59,26,52,1,0,,49
4514,2025-08-04,Growth,Asia Pacific,SaaS,Paid Search,0,62,14,77,1,0,,129
4515,2025-11-28,Growth,Asia Pacific,Education,Partner,1,49,10,69,0,0,,129
4516,2026-03-03,Growth,Europe,Retail,Referral,0,51,20,76,1,0,,129
4517,2026-01-04,Growth,Asia Pacific,Retail,Paid Search,1,88,24,88,0,0,,129
4518,2026-08-25,Starter,Europe,Manufacturing,Outbound Sales,0,58,17,62,1,0,,49
4519,2025-04-18,Enterprise,Asia Pacific,SaaS,Referral,1,37,33,57,1,0,,399
4520,2025-02-22,Growth,North America,Retail,Paid Search,0,7,13,75,2,0,,129
4521,2025-03-14,Enterprise,North America,Healthcare,Outbound Sales,0,42,23,81,1,0,,399
4522,2024-12-29,Starter,Asia Pacific,Manufacturing,Outbound Sales,1,32,11,45,0,0,,49
4523,2025-04-11,Starter,North America,Finance,Paid Search,0,34,15,69,2,0,,49
4524,2025-02-13,Starter,Europe,Finance,Partner,1,75,23,36,2,1,2025-10-14,49
4525,2026-06-26,Starter,Europe,Healthcare,Outbound Sales,1,48,17,57,3,0,,49
4526,2026-03-08,Starter,Europe,Manufacturing,Organic,1,31,23,63,0,0,,49
4527,2026-06-04,Enterprise,Latin America,Healthcare,Outbound Sales,1,43,16,50,0,0,,399
4528,2026-09-24,Enterprise,Asia Pacific,Education,Outbound Sales,1,55,30,43,0,0,,399
4529,2026-01-21,Starter,Latin America,Manufacturing,Partner,1,0,22,59,1,0,,49
4530,2025-05-03,Growth,Europe,Retail,Partner,1,88,22,61,0,0,,129
4531,2026-07-17,Starter,Asia Pacific,Education,Paid Search,1,44,39,68,1,0,,49
4532,2025-11-22,Growth,Europe,Finance,Referral,1,61,20,28,2,1,2026-06-23,129
4533,2026-07-18,Enterprise,Asia Pacific,Healthcare,Paid Search,1,53,7,62,1,0,,399
4534,2024-11-28,Starter,Europe,Education,Partner,1,0,8,53,0,0,,49
4535,2026-09-30,Starter,Europe,Finance,Organic,1,59,22,18,2,0,,49
4536,2025-03-12,Growth,Asia Pacific,Retail,Organic,0,56,18,9,3,0,,129
4537,2026-03-08,Growth,Asia Pacific,Finance,Referral,1,75,15,55,3,0,,129
4538,2026-03-13,Starter,Europe,Finance,Referral,1,14,14,82,4,0,,49
4539,2025-02-22,Growth,Europe,Manufacturing,Paid Search,1,16,24,30,1,1,2026-06-21,129
4540,2025-12-25,Growth,Latin America,Retail,Paid Search,1,83,4,66,2,0,,129
4541,2026-01-24,Enterprise,North America,Manufacturing,Outbound Sales,1,4,10,60,1,0,,399
4542,2024-12-16,Starter,Europe,Retail,Outbound Sales,1,62,26,89,2,0,,49
4543,2025-01-02,Starter,Latin America,Finance,Paid Search,1,48,2,71,1,0,,49
4544,2025-07-24,Growth,Europe,Education,Referral,1,45,15,22,3,0,,129
4545,2026-08-31,Starter,Latin America,Education,Paid Search,0,44,13,24,1,0,,49
4546,2025-09-16,Growth,Europe,Manufacturing,Organic,1,72,21,55,2,0,,129
4547,2024-11-11,Starter,Europe,Education,Referral,1,24,24,30,1,0,,49
4548,2026-09-24,Growth,North America,Retail,Referral,1,52,0,65,0,0,,129
4549,2026-04-20,Starter,North America,Retail,Outbound Sales,1,32,17,100,0,0,,49
4550,2026-06-12,Growth,Europe,Finance,Partner,1,76,0,89,0,0,,129
4551,2026-05-31,Growth,Europe,Manufacturing,Outbound Sales,1,32,14,44,0,0,,129
4552,2025-06-16,Growth,Asia Pacific,Healthcare,Outbound Sales,0,61,12,61,0,0,,129
4553,2026-09-15,Starter,Europe,Retail,Partner,1,15,8,43,2,0,,49
4554,2025-10-11,Starter,North America,Finance,Paid Search,1,50,28,32,0,0,,49
4555,2026-04-14,Starter,Latin America,Education,Organic,0,47,22,59,2,0,,49
4556,2026-04-18,Growth,Asia Pacific,Retail,Outbound Sales,1,53,0,83,1,0,,129
4557,2026-07-25,Starter,Latin America,Finance,Organic,1,34,28,67,1,0,,49
4558,2025-02-04,Starter,Latin America,Manufacturing,Referral,1,67,9,47,1,0,,49
4559,2026-01-16,Starter,Asia Pacific,Education,Paid Search,1,0,5,47,0,0,,49
4560,2026-09-07,Starter,Europe,Healthcare,Referral,0,26,25,60,0,0,,49
4561,2025-07-11,Starter,North America,Finance,Organic,1,67,4,46,0,0,,49
4562,2026-03-07,Starter,Asia Pacific,SaaS,Organic,0,39,8,52,1,0,,49
4563,2025-10-19,Growth,North America,Education,Partner,1,58,15,35,2,0,,129
4564,2026-09-09,Growth,Europe,Healthcare,Referral,1,32,19,51,1,0,,129
4565,2026-09-22,Starter,North America,SaaS,Partner,1,49,12,57,0,0,,49
4566,2026-08-17,Starter,Latin America,Retail,Organic,0,87,16,91,1,0,,49
4567,2025-11-28,Starter,North America,Education,Organic,1,0,19,55,0,0,,49
4568,2025-03-31,Starter,Asia Pacific,Finance,Referral,1,41,30,50,1,0,,49
4569,2026-05-24,Starter,Latin America,SaaS,Outbound Sales,1,40,15,36,1,0,,49
4570,2026-07-19,Growth,North America,Healthcare,Organic,1,75,14,76,1,0,,129
4571,2024-12-24,Growth,North America,SaaS,Referral,1,41,22,51,1,0,,129
4572,2024-11-10,Enterprise,Asia Pacific,Finance,Outbound Sales,1,13,17,57,1,0,,399
4573,2026-08-19,Starter,Latin America,Manufacturing,Referral,1,38,7,71,1,0,,49
4574,2025-04-08,Starter,Latin America,Retail,Referral,1,14,15,72,0,0,,49
4575,2026-03-31,Starter,Asia Pacific,Healthcare,Referral,0,62,14,80,0,1,2026-08-28,49
4576,2026-03-21,Starter,North America,Healthcare,Organic,1,43,31,41,3,0,,49
4577,2025-04-17,Starter,Europe,Education,Partner,1,23,19,68,2,0,,49
4578,2025-01-14,Growth,Europe,Retail,Organic,1,47,7,80,2,0,,129
4579,2026-03-17,Starter,Asia Pacific,Education,Referral,1,70,11,100,0,0,,49
4580,2025-09-23,Starter,Latin America,Education,Paid Search,1,70,20,79,3,0,,49
4581,2025-07-03,Growth,Latin America,Education,Referral,1,64,25,52,2,0,,129
4582,2025-10-03,Starter,Latin America,Healthcare,Partner,1,52,14,40,0,0,,49
4583,2025-08-10,Growth,Europe,Healthcare,Partner,0,40,22,79,1,0,,129
4584,2024-12-20,Enterprise,Latin America,Healthcare,Organic,1,49,27,41,0,0,,399
4585,2026-04-02,Enterprise,Latin America,Manufacturing,Referral,1,38,16,92,1,0,,399
4586,2025-06-15,Growth,Europe,Healthcare,Paid Search,1,47,28,51,2,0,,129
4587,2026-05-16,Starter,North America,Retail,Paid Search,0,41,20,84,1,0,,49
4588,2026-08-19,Starter,Asia Pacific,Retail,Paid Search,0,53,14,76,2,0,,49
4589,2025-11-21,Growth,Latin America,Education,Referral,1,22,11,77,1,0,,129
4590,2025-12-16,Growth,Europe,SaaS,Partner,1,71,19,47,1,0,,129
4591,2025-06-27,Starter,Latin America,SaaS,Referral,1,48,33,23,1,1,2025-09-05,49
4592,2026-02-12,Starter,North America,Education,Outbound Sales,1,0,17,71,2,0,,49
4593,2026-01-27,Starter,Europe,Healthcare,Referral,0,41,14,44,1,0,,49
4594,2026-06-08,Starter,Europe,SaaS,Partner,1,56,6,84,0,0,,49
4595,2026-01-31,Starter,Europe,Retail,Organic,0,65,16,73,3,0,,49
4596,2025-01-28,Enterprise,Asia Pacific,Manufacturing,Partner,1,49,16,61,0,0,,399
4597,2026-03-24,Starter,Latin America,Education,Referral,1,20,16,51,0,0,,49
4598,2026-01-30,Growth,North America,Retail,Partner,0,23,6,74,0,0,,129
4599,2025-09-18,Starter,Europe,Retail,Partner,1,70,30,75,0,0,,49
4600,2025-02-28,Starter,North America,Finance,Organic,1,18,26,74,1,0,,49
4601,2026-03-23,Growth,North America,Finance,Paid Search,0,64,0,83,0,0,,129
4602,2026-08-30,Growth,Europe,Healthcare,Organic,1,40,15,64,1,0,,129
4603,2024-11-17,Starter,North America,Manufacturing,Paid Search,0,49,18,69,1,0,,49
4604,2025-02-12,Growth,Europe,Manufacturing,Paid Search,1,39,22,68,6,0,,129
4605,2025-12-17,Growth,Asia Pacific,Finance,Organic,1,59,16,66,2,0,,129
4606,2025-12-26,Starter,Latin America,Manufacturing,Referral,1,13,25,49,3,0,,49
4607,2024-12-05,Starter,Latin America,Healthcare,Partner,1,23,23,64,2,1,2025-10-16,49
4608,2026-05-15,Starter,Europe,Retail,Partner,1,48,22,73,0,0,,49
4609,2024-10-30,Starter,North America,SaaS,Partner,1,51,18,55,2,0,,49
4610,2025-01-31,Starter,Europe,Healthcare,Paid Search,1,43,29,72,3,0,,49
4611,2026-07-10,Starter,Latin America,Manufacturing,Organic,1,74,7,83,5,0,,49
4612,2026-07-25,Growth,Latin America,SaaS,Partner,0,69,24,25,2,0,,129
4613,2026-08-13,Starter,Europe,Finance,Paid Search,0,68,17,72,1,0,,49
4614,2025-09-06,Growth,North America,Manufacturing,Organic,1,6,14,83,0,0,,129
4615,2026-04-03,Starter,Asia Pacific,Finance,Paid Search,0,84,9,58,1,0,,49
4616,2026-05-28,Growth,Asia Pacific,SaaS,Outbound Sales,1,38,18,47,3,0,,129
4617,2025-05-29,Starter,Asia Pacific,Manufacturing,Paid Search,0,27,20,71,1,0,,49
4618,2026-08-31,Growth,Asia Pacific,Education,Paid Search,1,10,12,49,1,0,,129
4619,2026-09-17,Enterprise,North America,Manufacturing,Outbound Sales,0,32,21,44,2,0,,399
4620,2026-02-09,Starter,Europe,Retail,Paid Search,0,16,20,94,3,0,,49
4621,2025-10-14,Starter,Europe,Retail,Referral,1,39,22,83,1,0,,49
4622,2025-11-06,Growth,Asia Pacific,Healthcare,Partner,1,38,12,79,1,0,,129
4623,2024-12-24,Growth,North America,Manufacturing,Outbound Sales,1,0,12,100,2,0,,129
4624,2025-06-15,Starter,Asia Pacific,Manufacturing,Paid Search,1,31,13,45,0,0,,49
4625,2026-02-07,Enterprise,Latin America,Manufacturing,Partner,1,63,29,50,2,0,,399
4626,2025-10-04,Starter,Asia Pacific,Retail,Partner,0,39,21,63,0,0,,49
4627,2026-05-26,Starter,Europe,SaaS,Paid Search,1,64,18,52,2,0,,49
4628,2026-07-26,Growth,Europe,Manufacturing,Paid Search,1,44,5,71,1,0,,129
4629,2026-07-06,Starter,Latin America,SaaS,Outbound Sales,1,59,20,89,1,0,,49
4630,2026-02-26,Starter,North America,Retail,Paid Search,1,75,25,91,0,0,,49
4631,2026-09-02,Growth,Latin America,SaaS,Partner,1,33,15,57,2,0,,129
4632,2025-11-06,Growth,Latin America,SaaS,Organic,1,40,31,54,1,0,,129
4633,2026-02-05,Growth,Europe,Retail,Organic,1,30,10,68,0,0,,129
4634,2025-02-23,Starter,Latin America,Healthcare,Outbound Sales,1,64,27,78,1,0,,49
4635,2025-02-06,Starter,Europe,Retail,Paid Search,1,24,34,76,4,0,,49
4636,2026-09-04,Enterprise,Latin America,SaaS,Partner,1,38,33,62,2,0,,399
4637,2025-06-14,Starter,Asia Pacific,Manufacturing,Outbound Sales,1,35,32,61,2,0,,49
4638,2024-11-01,Starter,North America,Manufacturing,Organic,1,15,9,51,3,0,,49
4639,2025-10-14,Growth,North America,Retail,Organic,1,51,11,48,0,0,,129
4640,2025-10-28,Growth,Asia Pacific,Retail,Outbound Sales,0,88,6,65,2,0,,129
4641,2026-08-09,Starter,Europe,Education,Referral,1,54,7,69,0,0,,49
4642,2025-08-24,Starter,Europe,Education,Paid Search,1,54,18,89,0,0,,49
4643,2026-05-13,Growth,Asia Pacific,Manufacturing,Organic,0,54,37,64,0,0,,129
4644,2026-04-17,Starter,Asia Pacific,Manufacturing,Partner,1,20,20,97,1,0,,49
4645,2025-11-16,Growth,North America,Manufacturing,Referral,1,50,26,47,0,0,,129
4646,2025-02-15,Starter,Europe,Manufacturing,Partner,1,39,7,87,0,0,,49
4647,2024-12-15,Growth,Europe,Healthcare,Referral,1,47,14,37,0,1,2026-04-18,129
4648,2025-04-16,Growth,North America,SaaS,Outbound Sales,1,64,20,49,1,0,,129
4649,2026-03-18,Enterprise,North America,Healthcare,Partner,0,51,17,74,2,0,,399
4650,2025-03-22,Starter,Europe,SaaS,Outbound Sales,1,20,12,0,0,0,,49
4651,2025-12-23,Starter,Asia Pacific,Education,Paid Search,0,30,19,70,3,0,,49
4652,2025-02-16,Starter,Latin America,Manufacturing,Organic,0,67,11,70,2,0,,49
4653,2025-07-17,Growth,North America,Healthcare,Outbound Sales,1,41,0,22,0,0,,129
4654,2026-07-17,Starter,Latin America,Education,Paid Search,0,34,30,64,1,0,,49
4655,2025-05-18,Enterprise,Latin America,SaaS,Partner,1,29,7,100,2,0,,399
4656,2025-05-10,Enterprise,North America,Healthcare,Partner,0,69,18,66,0,0,,399
4657,2025-03-02,Enterprise,Latin America,SaaS,Referral,1,70,25,43,2,0,,399
4658,2025-12-06,Growth,North America,Manufacturing,Referral,0,51,34,60,3,0,,129
4659,2025-06-07,Enterprise,North America,SaaS,Outbound Sales,0,43,17,50,4,0,,399
4660,2026-02-10,Starter,Asia Pacific,SaaS,Outbound Sales,0,45,13,68,0,0,,49
4661,2025-05-13,Growth,Asia Pacific,SaaS,Paid Search,1,61,8,52,1,0,,129
4662,2025-10-11,Starter,Europe,Retail,Outbound Sales,1,26,29,52,2,0,,49
4663,2025-02-17,Starter,Europe,Retail,Referral,1,57,8,59,2,0,,49
4664,2025-12-28,Starter,Asia Pacific,Finance,Partner,1,41,19,92,1,0,,49
4665,2024-12-16,Growth,North America,Finance,Organic,1,30,23,75,0,0,,129
4666,2026-08-09,Growth,Latin America,Finance,Partner,0,32,34,86,2,0,,129
4667,2026-09-18,Enterprise,North America,Retail,Referral,1,33,14,28,2,0,,399
4668,2026-06-24,Growth,North America,Finance,Organic,0,49,20,90,2,0,,129
4669,2025-03-05,Starter,Latin America,Manufacturing,Referral,1,19,22,92,0,0,,49
4670,2026-02-03,Growth,Europe,Healthcare,Organic,1,44,17,30,2,0,,129
4671,2026-02-10,Enterprise,Asia Pacific,Retail,Organic,1,63,5,77,1,0,,399
4672,2026-09-04,Starter,Europe,Education,Paid Search,1,54,0,69,4,0,,49
4673,2026-06-25,Starter,Latin America,Finance,Organic,0,48,25,75,1,0,,49
4674,2026-03-30,Starter,North America,SaaS,Organic,1,18,24,51,1,0,,49
4675,2025-03-16,Growth,Asia Pacific,Retail,Organic,1,60,16,53,0,0,,129
4676,2026-03-24,Starter,North America,Manufacturing,Organic,0,41,15,52,2,0,,49
4677,2024-11-03,Starter,Europe,Healthcare,Partner,0,46,13,56,0,0,,49
4678,2026-04-26,Starter,Latin America,Healthcare,Outbound Sales,0,62,19,91,0,0,,49
4679,2024-12-18,Starter,Europe,Healthcare,Organic,1,66,12,77,3,0,,49
4680,2026-05-19,Enterprise,North America,SaaS,Paid Search,1,57,14,100,2,0,,399
4681,2026-01-16,Growth,North America,Healthcare,Partner,0,43,24,73,1,0,,129
4682,2026-06-21,Growth,Latin America,Healthcare,Outbound Sales,0,61,21,75,0,0,,129
4683,2026-03-08,Growth,North America,SaaS,Organic,1,61,13,54,4,0,,129
4684,2026-04-03,Enterprise,Europe,Retail,Paid Search,0,63,18,45,2,0,,399
4685,2025-04-29,Starter,North America,Retail,Partner,0,39,5,81,3,0,,49
4686,2026-06-14,Enterprise,Asia Pacific,Healthcare,Outbound Sales,0,55,26,69,0,0,,399
4687,2025-04-25,Starter,North America,SaaS,Referral,1,41,26,56,2,0,,49
4688,2025-03-10,Enterprise,Europe,SaaS,Referral,0,76,29,60,1,0,,399
4689,2025-02-13,Enterprise,Latin America,SaaS,Referral,1,59,21,69,0,0,,399
4690,2025-11-30,Growth,Europe,Manufacturing,Referral,1,5,19,61,1,1,2026-06-12,129
4691,2026-03-30,Enterprise,Asia Pacific,Education,Partner,0,41,24,38,0,0,,399
4692,2025-11-27,Enterprise,Asia Pacific,Manufacturing,Partner,0,32,12,64,1,0,,399
4693,2026-01-01,Enterprise,Europe,Manufacturing,Referral,0,71,3,100,0,0,,399
4694,2026-07-15,Starter,Europe,SaaS,Referral,1,27,9,76,0,0,,49
4695,2025-07-11,Starter,Asia Pacific,Manufacturing,Outbound Sales,1,27,18,74,2,0,,49
4696,2025-08-06,Starter,North America,Retail,Referral,0,32,20,55,2,0,,49
4697,2025-12-11,Starter,Latin America,Retail,Partner,1,47,13,78,2,0,,49
4698,2025-10-16,Starter,Latin America,SaaS,Partner,1,27,15,61,1,0,,49
4699,2025-08-27,Starter,Europe,Finance,Paid Search,1,44,21,43,3,0,,49
4700,2026-02-05,Growth,North America,Manufacturing,Outbound Sales,1,33,22,23,1,0,,129
4701,2025-03-15,Starter,North America,Retail,Organic,1,51,20,61,2,0,,49
4702,2025-03-20,Growth,Asia Pacific,Finance,Paid Search,1,54,10,97,2,0,,129
4703,2025-12-26,Growth,Asia Pacific,Finance,Partner,1,52,21,84,2,0,,129
4704,2026-07-08,Growth,Asia Pacific,Manufacturing,Referral,1,46,20,75,4,0,,129
4705,2026-04-07,Starter,Europe,Education,Partner,1,28,28,57,1,0,,49
4706,2025-09-01,Starter,Europe,Education,Referral,0,53,12,100,0,0,,49
4707,2026-05-13,Enterprise,North America,Retail,Paid Search,1,54,14,23,0,0,,399
4708,2025-09-16,Starter,Asia Pacific,Retail,Paid Search,1,27,27,57,3,0,,49
4709,2026-05-19,Starter,North America,Healthcare,Organic,1,26,29,69,3,0,,49
4710,2026-08-08,Growth,Europe,Finance,Organic,1,70,12,59,2,1,2026-09-13,129
4711,2025-05-23,Starter,North America,Finance,Outbound Sales,1,26,27,28,0,0,,49
4712,2025-06-01,Growth,Latin America,Education,Organic,0,30,10,45,1,0,,129
4713,2026-07-31,Growth,Latin America,Finance,Partner,1,36,11,52,1,0,,129
4714,2025-08-23,Growth,Latin America,Retail,Paid Search,1,30,11,52,1,1,2026-09-08,129
4715,2025-10-18,Growth,Asia Pacific,Healthcare,Referral,1,78,8,27,1,0,,129
4716,2026-09-18,Enterprise,Europe,Finance,Partner,1,69,27,78,4,0,,399
4717,2025-03-14,Enterprise,Latin America,Retail,Outbound Sales,0,15,27,50,0,0,,399
4718,2026-08-26,Enterprise,Asia Pacific,SaaS,Paid Search,1,51,22,44,1,0,,399
4719,2025-04-30,Starter,Latin America,SaaS,Paid Search,1,13,22,35,1,0,,49
4720,2026-03-29,Starter,Latin America,Finance,Outbound Sales,1,14,3,45,0,0,,49
4721,2026-05-08,Growth,North America,Finance,Paid Search,1,3,8,87,1,0,,129
4722,2026-08-13,Growth,Asia Pacific,Manufacturing,Paid Search,0,44,22,39,2,0,,129
4723,2025-09-25,Starter,North America,Healthcare,Outbound Sales,1,39,11,34,0,0,,49
4724,2025-02-25,Growth,Latin America,Manufacturing,Outbound Sales,1,35,17,83,0,0,,129
4725,2025-10-25,Starter,Europe,Finance,Partner,0,41,25,50,1,0,,49
4726,2026-05-28,Enterprise,Asia Pacific,SaaS,Partner,1,65,25,59,4,0,,399
4727,2026-03-05,Starter,Latin America,Finance,Referral,0,82,0,54,1,0,,49
4728,2026-06-18,Growth,Latin America,Manufacturing,Partner,1,41,5,49,3,0,,129
4729,2026-06-06,Starter,North America,SaaS,Outbound Sales,0,75,6,31,1,0,,49
4730,2026-09-13,Starter,Asia Pacific,SaaS,Referral,1,49,11,78,0,0,,49
4731,2025-12-31,Starter,Europe,SaaS,Organic,1,11,22,15,0,0,,49
4732,2026-09-20,Starter,Latin America,SaaS,Organic,1,42,21,55,2,0,,49
4733,2026-04-29,Growth,Latin America,SaaS,Partner,1,40,16,54,0,0,,129
4734,2025-08-18,Enterprise,Asia Pacific,Retail,Outbound Sales,1,39,32,72,1,0,,399
4735,2026-01-05,Enterprise,North America,Healthcare,Organic,1,0,12,31,0,0,,399
4736,2024-11-12,Enterprise,Europe,Finance,Paid Search,1,39,15,74,3,0,,399
4737,2026-04-18,Starter,Latin America,Retail,Organic,1,73,5,44,0,0,,49
4738,2025-02-16,Enterprise,Europe,Manufacturing,Referral,1,70,0,79,1,0,,399
4739,2024-11-24,Starter,Europe,Finance,Referral,0,54,26,78,0,1,2025-07-07,49
4740,2025-03-27,Growth,Latin America,Education,Paid Search,1,40,23,67,0,0,,129
4741,2024-12-23,Growth,Europe,SaaS,Organic,1,64,14,60,3,0,,129
4742,2026-09-16,Growth,Asia Pacific,Education,Partner,1,53,18,47,1,1,2026-09-30,129
4743,2024-12-26,Growth,North America,Healthcare,Referral,0,58,10,15,2,0,,129
4744,2025-05-22,Growth,Europe,Healthcare,Outbound Sales,0,44,20,80,0,0,,129
4745,2025-07-30,Starter,Latin America,SaaS,Outbound Sales,1,56,0,63,0,0,,49
4746,2025-04-12,Starter,Latin America,Healthcare,Paid Search,1,66,18,41,0,0,,49
4747,2025-08-19,Enterprise,Latin America,Finance,Organic,1,51,27,25,1,0,,399
4748,2026-09-29,Growth,North America,SaaS,Outbound Sales,1,40,14,42,1,0,,129
4749,2025-07-13,Starter,Asia Pacific,SaaS,Outbound Sales,1,30,25,74,1,0,,49
4750,2025-03-28,Growth,Asia Pacific,Retail,Paid Search,1,65,9,58,0,0,,129
4751,2025-01-01,Growth,Latin America,Manufacturing,Outbound Sales,0,31,4,32,0,0,,129
4752,2025-08-28,Growth,North America,Finance,Paid Search,1,36,23,37,0,0,,129
4753,2025-05-26,Starter,Europe,SaaS,Referral,0,47,21,46,1,0,,49
4754,2026-05-07,Growth,Latin America,SaaS,Organic,0,0,8,64,1,0,,129
4755,2024-12-02,Growth,Latin America,Retail,Outbound Sales,1,53,7,26,1,0,,129
4756,2025-11-01,Growth,Latin America,Retail,Organic,1,29,27,64,0,0,,129
4757,2026-02-05,Enterprise,North America,SaaS,Partner,1,70,23,81,0,0,,399
4758,2025-02-11,Enterprise,North America,SaaS,Referral,1,112,29,36,0,0,,399
4759,2026-07-22,Growth,Europe,Finance,Organic,1,34,16,43,0,0,,129
4760,2026-09-21,Starter,Latin America,Finance,Outbound Sales,1,63,12,37,3,0,,49
4761,2026-05-28,Starter,Europe,Retail,Paid Search,0,58,29,42,0,0,,49
4762,2025-06-16,Growth,North America,Education,Referral,1,36,22,66,2,0,,129
4763,2026-08-23,Starter,Latin America,Education,Organic,0,45,10,44,0,0,,49
4764,2026-05-27,Growth,Asia Pacific,Healthcare,Outbound Sales,1,41,17,77,0,0,,129
4765,2025-12-02,Starter,North America,Finance,Organic,1,28,12,76,1,0,,49
4766,2025-06-30,Enterprise,North America,Manufacturing,Partner,0,34,23,49,0,0,,399
4767,2026-04-06,Growth,Latin America,Finance,Outbound Sales,1,79,23,80,2,0,,129
4768,2025-08-20,Enterprise,Europe,SaaS,Organic,0,43,15,30,0,0,,399
4769,2026-09-10,Starter,Europe,Manufacturing,Paid Search,0,34,11,52,1,0,,49
4770,2024-12-17,Enterprise,Asia Pacific,SaaS,Paid Search,1,23,26,40,0,0,,399
4771,2025-11-24,Starter,North America,Finance,Referral,1,53,16,29,3,0,,49
4772,2025-11-30,Growth,Europe,SaaS,Organic,1,0,9,84,0,0,,129
4773,2025-12-30,Starter,Asia Pacific,Finance,Paid Search,1,60,39,10,3,0,,49
4774,2025-09-15,Enterprise,North America,Retail,Partner,1,38,9,47,3,0,,399
4775,2026-05-18,Growth,North America,Finance,Referral,1,39,19,100,3,0,,129
4776,2024-12-24,Growth,Asia Pacific,Education,Organic,1,70,22,74,0,0,,129
4777,2024-11-12,Starter,Latin America,Education,Paid Search,1,7,26,50,1,0,,49
4778,2025-07-14,Enterprise,Europe,Finance,Referral,1,60,33,100,0,0,,399
4779,2025-05-25,Starter,North America,Education,Referral,1,50,20,36,0,0,,49
4780,2026-07-27,Growth,Europe,Manufacturing,Outbound Sales,1,33,16,90,1,0,,129
4781,2026-01-26,Starter,Europe,Retail,Outbound Sales,1,63,23,84,2,0,,49
4782,2025-06-17,Starter,Europe,Manufacturing,Partner,1,22,24,69,1,0,,49
4783,2026-08-09,Starter,Latin America,Finance,Partner,1,65,31,61,0,0,,49
4784,2026-08-24,Starter,North America,Education,Partner,1,55,31,59,0,0,,49
4785,2025-11-10,Starter,Latin America,Healthcare,Outbound Sales,1,26,15,58,1,0,,49
4786,2026-06-24,Starter,Europe,Manufacturing,Outbound Sales,1,30,12,75,0,0,,49
4787,2026-05-12,Growth,North America,Retail,Referral,1,56,17,61,0,0,,129
4788,2026-07-09,Starter,Asia Pacific,Manufacturing,Paid Search,0,27,14,63,0,0,,49
4789,2025-05-19,Growth,Latin America,Education,Organic,1,61,16,31,0,0,,129
4790,2025-05-16,Growth,North America,Education,Partner,1,70,15,53,1,0,,129
4791,2025-08-27,Growth,Asia Pacific,Retail,Organic,0,23,26,24,1,0,,129
4792,2026-02-01,Starter,Latin America,SaaS,Outbound Sales,1,69,32,66,2,0,,49
4793,2025-04-29,Enterprise,Latin America,Finance,Partner,1,36,18,32,0,0,,399
4794,2026-09-29,Enterprise,Asia Pacific,Retail,Partner,1,29,12,100,1,0,,399
4795,2025-01-14,Starter,North America,Education,Organic,0,70,21,47,0,0,,49
4796,2025-05-09,Enterprise,Latin America,Finance,Partner,1,40,2,27,2,0,,399
4797,2025-04-25,Starter,Europe,Retail,Paid Search,0,72,18,37,4,0,,49
4798,2026-04-09,Starter,Latin America,Retail,Outbound Sales,0,14,21,88,0,0,,49
4799,2025-03-01,Starter,Europe,SaaS,Paid Search,1,45,24,60,2,0,,49
4800,2025-11-20,Enterprise,North America,SaaS,Outbound Sales,1,37,28,32,1,0,,399
4801,2024-12-10,Growth,Latin America,Education,Referral,0,34,15,74,1,0,,129
4802,2026-01-11,Growth,Europe,Retail,Outbound Sales,1,48,26,76,1,0,,129
4803,2025-08-11,Starter,North America,Healthcare,Organic,1,63,27,70,0,0,,49
4804,2026-05-22,Starter,Asia Pacific,Healthcare,Paid Search,0,71,16,45,3,0,,49
4805,2025-07-27,Starter,North America,SaaS,Organic,0,8,9,65,2,1,2025-10-31,49
4806,2025-04-12,Starter,Europe,Manufacturing,Partner,1,20,12,72,2,0,,49
4807,2026-06-20,Starter,Latin America,Education,Organic,1,77,12,100,1,0,,49
4808,2025-07-18,Starter,Europe,Healthcare,Paid Search,0,19,5,77,1,0,,49
4809,2024-11-04,Growth,North America,Healthcare,Organic,1,55,14,64,0,0,,129
4810,2025-10-03,Growth,Europe,Retail,Paid Search,1,75,17,68,1,0,,129
4811,2026-02-19,Starter,Europe,SaaS,Organic,1,53,4,67,1,0,,49
4812,2025-04-06,Starter,Latin America,Healthcare,Partner,1,14,25,45,0,0,,49
4813,2024-12-09,Starter,Asia Pacific,Manufacturing,Outbound Sales,1,87,22,39,1,0,,49
4814,2025-04-05,Growth,Europe,Education,Paid Search,1,29,20,42,1,0,,129
4815,2025-09-25,Starter,Europe,Finance,Paid Search,1,8,7,53,1,0,,49
4816,2026-07-03,Growth,Europe,Education,Partner,1,46,1,70,1,0,,129
4817,2024-12-21,Growth,Latin America,Finance,Paid Search,1,46,18,38,4,0,,129
4818,2026-08-01,Growth,Europe,Finance,Referral,1,42,14,63,1,0,,129
4819,2026-07-22,Starter,Latin America,Manufacturing,Referral,1,74,25,66,1,0,,49
4820,2026-09-07,Growth,Asia Pacific,Manufacturing,Organic,0,58,22,39,0,0,,129
4821,2025-09-03,Growth,Latin America,Healthcare,Organic,1,73,6,55,1,0,,129
4822,2026-03-16,Starter,Latin America,Retail,Partner,0,24,0,56,2,0,,49
4823,2026-06-08,Enterprise,Latin America,Manufacturing,Paid Search,1,55,12,56,1,0,,399
4824,2026-05-16,Growth,North America,Manufacturing,Partner,1,18,16,60,0,0,,129
4825,2025-10-31,Growth,North America,Education,Paid Search,1,36,4,45,0,0,,129
4826,2025-01-12,Growth,Europe,Healthcare,Organic,1,48,16,72,1,0,,129
4827,2025-09-20,Growth,Asia Pacific,SaaS,Paid Search,1,63,16,63,2,0,,129
4828,2026-04-21,Starter,Latin America,Education,Referral,1,58,18,62,0,0,,49
4829,2025-06-12,Enterprise,Asia Pacific,Manufacturing,Referral,1,12,30,60,2,0,,399
4830,2025-05-06,Starter,Asia Pacific,Education,Referral,1,60,15,41,2,0,,49
4831,2026-04-16,Starter,North America,Healthcare,Organic,1,59,14,100,1,0,,49
4832,2025-01-07,Enterprise,Europe,Manufacturing,Organic,1,41,21,69,0,0,,399
4833,2026-03-31,Growth,Latin America,Finance,Referral,1,7,18,73,0,0,,129
4834,2025-04-11,Growth,Latin America,SaaS,Partner,1,28,22,80,0,0,,129
4835,2025-12-29,Growth,North America,Retail,Paid Search,1,49,17,34,0,0,,129
4836,2026-05-09,Starter,Latin America,Education,Outbound Sales,1,47,12,56,1,0,,49
4837,2026-05-02,Starter,Latin America,Manufacturing,Partner,0,58,22,41,2,0,,49
4838,2025-12-17,Starter,Europe,Healthcare,Outbound Sales,1,22,13,64,2,0,,49
4839,2025-02-01,Growth,Asia Pacific,Retail,Paid Search,1,36,12,54,3,0,,129
4840,2025-10-22,Growth,Latin America,Healthcare,Referral,1,48,19,71,1,0,,129
4841,2025-06-13,Starter,Asia Pacific,Education,Outbound Sales,1,45,15,69,2,0,,49
4842,2025-06-05,Starter,Latin America,Finance,Organic,1,0,15,52,1,0,,49
4843,2026-09-09,Starter,Asia Pacific,Retail,Outbound Sales,1,61,22,76,0,0,,49
4844,2025-10-04,Starter,North America,Finance,Referral,1,59,28,69,0,0,,49
4845,2025-10-04,Enterprise,North America,SaaS,Partner,1,61,6,69,1,0,,399
4846,2025-11-03,Starter,Latin America,Education,Referral,1,76,22,74,0,0,,49
4847,2025-08-26,Starter,North America,Healthcare,Referral,1,7,6,100,1,0,,49
4848,2025-06-10,Growth,North America,Manufacturing,Partner,1,73,17,27,0,0,,129
4849,2026-07-25,Starter,North America,Finance,Organic,0,6,22,82,2,0,,49
4850,2026-04-26,Starter,Europe,Retail,Partner,1,51,18,47,0,0,,49
4851,2026-02-28,Starter,Europe,Manufacturing,Outbound Sales,1,69,12,61,1,0,,49
4852,2026-05-27,Starter,Europe,SaaS,Referral,1,32,29,29,1,0,,49
4853,2026-08-25,Growth,Asia Pacific,Education,Partner,0,38,23,98,1,0,,129
4854,2024-11-08,Growth,Europe,Retail,Outbound Sales,1,20,28,41,0,0,,129
4855,2025-02-24,Starter,Latin America,Finance,Referral,1,44,33,79,0,0,,49
4856,2026-09-14,Starter,Europe,SaaS,Referral,1,39,15,59,1,0,,49
4857,2025-10-19,Starter,Asia Pacific,Manufacturing,Referral,1,92,3,25,1,0,,49
4858,2026-01-29,Enterprise,Asia Pacific,SaaS,Referral,1,40,23,62,2,0,,399
4859,2025-07-03,Starter,Latin America,Education,Organic,1,61,38,51,2,0,,49
4860,2026-08-18,Starter,Latin America,Finance,Partner,1,30,21,43,2,0,,49
4861,2026-07-20,Growth,Latin America,Finance,Referral,1,55,5,80,0,0,,129
4862,2026-07-28,Starter,North America,Education,Partner,1,24,12,49,0,0,,49
4863,2025-07-06,Enterprise,Asia Pacific,Manufacturing,Outbound Sales,1,44,29,41,0,0,,399
4864,2024-12-09,Starter,Europe,Manufacturing,Outbound Sales,1,17,24,47,0,0,,49
4865,2026-09-28,Enterprise,Europe,SaaS,Paid Search,1,65,13,39,1,0,,399
4866,2025-09-23,Starter,Latin America,SaaS,Organic,1,22,23,42,3,0,,49
4867,2025-11-24,Starter,Asia Pacific,Education,Outbound Sales,1,24,30,72,2,0,,49
4868,2025-02-23,Starter,Latin America,Manufacturing,Partner,1,76,21,43,1,0,,49
4869,2025-11-29,Growth,Latin America,SaaS,Paid Search,1,68,19,46,1,0,,129
4870,2025-07-19,Starter,Latin America,SaaS,Organic,1,70,12,38,2,0,,49
4871,2026-05-06,Growth,North America,SaaS,Referral,1,88,9,72,0,0,,129
4872,2025-08-15,Starter,North America,SaaS,Referral,0,73,39,81,1,0,,49
4873,2024-11-24,Starter,North America,Healthcare,Paid Search,1,37,15,82,1,0,,49
4874,2026-04-12,Growth,Asia Pacific,Finance,Referral,1,47,23,83,2,0,,129
4875,2025-11-17,Starter,Asia Pacific,Education,Organic,1,50,26,58,2,0,,49
4876,2026-04-09,Growth,Latin America,Retail,Referral,1,39,10,21,3,0,,129
4877,2026-04-03,Starter,Latin America,Education,Outbound Sales,0,49,31,44,1,0,,49
4878,2026-01-29,Enterprise,Asia Pacific,Education,Organic,0,54,7,48,0,0,,399
4879,2026-03-12,Starter,Asia Pacific,Finance,Paid Search,1,70,21,67,0,0,,49
4880,2024-12-13,Starter,Latin America,Retail,Partner,0,43,12,93,2,0,,49
4881,2025-08-29,Enterprise,Asia Pacific,Healthcare,Paid Search,0,43,26,65,1,0,,399
4882,2026-08-28,Growth,North America,Retail,Organic,1,72,14,33,1,0,,129
4883,2025-05-15,Enterprise,Latin America,Manufacturing,Paid Search,1,54,4,81,1,0,,399
4884,2025-09-23,Starter,Europe,Manufacturing,Referral,1,57,8,48,3,0,,49
4885,2026-04-09,Growth,Asia Pacific,SaaS,Outbound Sales,1,39,22,57,3,0,,129
4886,2025-01-22,Starter,North America,Finance,Partner,1,43,15,86,0,0,,49
4887,2025-02-05,Starter,Asia Pacific,SaaS,Referral,0,21,8,58,1,0,,49
4888,2025-04-19,Growth,Europe,Finance,Partner,1,47,30,32,0,0,,129
4889,2026-05-03,Starter,North America,SaaS,Partner,1,42,14,46,2,0,,49
4890,2026-04-29,Starter,North America,Finance,Partner,1,43,19,70,3,0,,49
4891,2024-11-06,Growth,Asia Pacific,Finance,Referral,1,26,20,61,3,0,,129
4892,2026-08-02,Starter,Latin America,Retail,Outbound Sales,1,47,22,65,0,0,,49
4893,2025-01-05,Starter,Asia Pacific,Finance,Organic,0,19,15,68,1,0,,49
4894,2025-06-02,Growth,Asia Pacific,Education,Paid Search,1,55,24,53,1,0,,129
4895,2026-09-16,Starter,North America,Finance,Referral,1,23,13,43,4,0,,49
4896,2026-08-05,Starter,Europe,Retail,Paid Search,1,98,15,43,0,0,,49
4897,2025-06-05,Enterprise,Latin America,Retail,Partner,1,14,2,63,1,0,,399
4898,2026-01-07,Starter,Europe,SaaS,Partner,1,54,23,70,2,0,,49
4899,2025-02-13,Starter,Europe,Education,Referral,1,16,20,60,0,0,,49
4900,2025-05-28,Starter,Asia Pacific,Healthcare,Partner,1,58,10,57,0,0,,49
4901,2026-05-03,Starter,North America,Retail,Outbound Sales,1,46,14,59,1,0,,49
4902,2026-01-18,Growth,Asia Pacific,Healthcare,Outbound Sales,1,43,17,86,1,0,,129
4903,2026-08-23,Growth,Latin America,SaaS,Paid Search,1,82,18,53,1,0,,129
4904,2025-01-11,Growth,Latin America,Manufacturing,Paid Search,1,87,15,58,1,0,,129
4905,2025-04-05,Enterprise,Asia Pacific,Finance,Partner,1,13,9,62,2,0,,399
4906,2024-11-23,Growth,Latin America,Manufacturing,Organic,1,41,22,59,1,0,,129
4907,2026-02-12,Starter,North America,Manufacturing,Paid Search,1,14,22,53,2,0,,49
4908,2025-10-04,Starter,Europe,Healthcare,Outbound Sales,1,17,21,31,0,0,,49
4909,2024-12-07,Starter,Asia Pacific,Education,Outbound Sales,0,36,18,78,1,0,,49
4910,2025-01-27,Starter,North America,Manufacturing,Outbound Sales,1,30,28,56,2,0,,49
4911,2025-01-13,Enterprise,Europe,Finance,Organic,1,69,25,29,3,0,,399
4912,2024-12-24,Starter,Latin America,Education,Outbound Sales,1,4,11,62,0,1,2025-04-24,49
4913,2025-07-14,Starter,North America,Retail,Organic,0,29,8,58,1,0,,49
4914,2026-05-24,Starter,Latin America,Retail,Paid Search,1,72,11,66,1,0,,49
4915,2025-01-10,Enterprise,North America,Retail,Organic,0,43,28,45,1,0,,399
4916,2026-06-10,Starter,Europe,Retail,Referral,1,74,10,100,0,0,,49
4917,2025-06-20,Starter,Asia Pacific,Finance,Outbound Sales,1,62,7,70,3,0,,49
4918,2025-07-21,Enterprise,North America,Healthcare,Organic,1,43,17,77,1,0,,399
4919,2025-12-21,Starter,Asia Pacific,Healthcare,Partner,1,36,19,43,0,0,,49
4920,2025-12-01,Starter,Latin America,Retail,Partner,1,52,19,75,0,0,,49
4921,2026-02-03,Enterprise,Europe,SaaS,Outbound Sales,1,39,16,12,1,0,,399
4922,2026-08-06,Growth,Europe,Education,Outbound Sales,1,58,8,54,3,0,,129
4923,2025-12-18,Starter,Europe,SaaS,Organic,1,49,29,57,1,0,,49
4924,2026-01-16,Starter,Europe,Healthcare,Partner,1,49,26,71,0,0,,49
4925,2025-09-18,Growth,Europe,Education,Referral,1,76,13,48,0,1,2025-10-26,129
4926,2025-12-02,Growth,Europe,Education,Referral,0,61,14,41,1,1,2026-03-02,129
4927,2026-04-30,Starter,North America,Finance,Paid Search,1,55,17,34,1,0,,49
4928,2024-11-05,Starter,Latin America,Healthcare,Outbound Sales,1,26,0,13,0,0,,49
4929,2026-08-17,Starter,Latin America,SaaS,Referral,0,52,19,80,0,0,,49
4930,2026-07-25,Starter,Europe,Finance,Partner,1,72,17,81,4,0,,49
4931,2025-01-02,Growth,North America,Retail,Outbound Sales,0,35,27,62,0,0,,129
4932,2026-06-21,Starter,Latin America,Education,Partner,0,47,15,63,0,0,,49
4933,2024-12-15,Enterprise,North America,Education,Paid Search,1,47,25,100,2,0,,399
4934,2025-01-12,Starter,Asia Pacific,Healthcare,Outbound Sales,0,74,11,99,0,0,,49
4935,2025-10-31,Growth,North America,Healthcare,Organic,1,35,20,31,0,0,,129
4936,2026-03-28,Growth,Asia Pacific,Manufacturing,Referral,1,25,20,67,2,1,2026-05-24,129
4937,2025-08-22,Enterprise,North America,Finance,Outbound Sales,1,0,16,47,0,0,,399
4938,2025-09-03,Growth,Europe,Manufacturing,Organic,1,64,7,17,1,0,,129
4939,2026-07-13,Starter,Asia Pacific,Retail,Paid Search,1,40,25,75,1,0,,49
4940,2025-01-26,Starter,Asia Pacific,Education,Paid Search,1,35,16,100,1,0,,49
4941,2025-08-14,Starter,North America,Retail,Organic,1,48,23,89,1,0,,49
4942,2026-01-21,Starter,Asia Pacific,Healthcare,Outbound Sales,1,45,20,44,1,0,,49
4943,2025-11-24,Enterprise,North America,Finance,Partner,1,54,26,52,1,0,,399
4944,2025-12-08,Starter,Asia Pacific,Healthcare,Paid Search,1,41,33,99,0,0,,49
4945,2026-09-06,Starter,North America,Manufacturing,Organic,0,40,6,52,2,1,2026-09-30,49
4946,2024-11-30,Starter,Europe,Retail,Referral,1,16,13,74,2,0,,49
4947,2026-02-27,Starter,Latin America,Retail,Partner,1,37,15,83,0,0,,49
4948,2025-04-08,Starter,Asia Pacific,Education,Partner,0,29,21,65,0,0,,49
4949,2026-04-29,Starter,Europe,Retail,Paid Search,1,17,17,34,1,0,,49
4950,2025-06-12,Starter,North America,Retail,Referral,1,0,17,57,0,0,,49
4951,2025-03-18,Enterprise,North America,Healthcare,Paid Search,0,68,18,81,2,0,,399
4952,2025-12-04,Starter,Asia Pacific,Manufacturing,Outbound Sales,1,95,13,94,0,0,,49
4953,2026-05-11,Starter,Europe,Finance,Outbound Sales,0,43,12,17,1,0,,49
4954,2025-08-28,Starter,North America,Finance,Paid Search,1,84,19,99,1,0,,49
4955,2026-08-10,Starter,Asia Pacific,SaaS,Outbound Sales,1,44,26,84,4,0,,49
4956,2025-03-26,Starter,Europe,Education,Partner,1,52,19,47,2,0,,49
4957,2025-08-31,Enterprise,Latin America,Manufacturing,Paid Search,0,54,30,84,1,0,,399
4958,2026-09-23,Enterprise,North America,Education,Partner,1,36,7,18,2,0,,399
4959,2026-08-24,Starter,Latin America,SaaS,Organic,1,16,17,76,2,0,,49
4960,2025-11-16,Enterprise,Europe,Education,Outbound Sales,1,27,19,56,1,0,,399
4961,2024-11-10,Growth,North America,Finance,Organic,1,53,18,72,1,0,,129
4962,2026-05-19,Starter,North America,SaaS,Referral,1,57,21,85,4,0,,49
4963,2026-05-21,Starter,North America,Finance,Referral,1,33,27,41,1,0,,49
4964,2025-03-23,Enterprise,Latin America,Healthcare,Paid Search,1,21,21,52,2,0,,399
4965,2025-03-05,Growth,Asia Pacific,Retail,Outbound Sales,1,54,23,63,0,0,,129
4966,2024-12-11,Enterprise,North America,Finance,Outbound Sales,1,92,15,65,1,0,,399
4967,2024-11-04,Starter,North America,Healthcare,Partner,1,33,11,77,3,0,,49
4968,2026-06-08,Enterprise,Asia Pacific,Healthcare,Outbound Sales,1,59,20,72,3,0,,399
4969,2026-07-02,Starter,Europe,SaaS,Paid Search,1,45,21,50,1,0,,49
4970,2025-12-07,Growth,Europe,SaaS,Paid Search,1,32,19,100,0,0,,129
4971,2026-05-03,Starter,Latin America,Healthcare,Outbound Sales,1,32,19,53,0,0,,49
4972,2026-05-13,Starter,Latin America,SaaS,Organic,1,47,12,67,0,0,,49
4973,2025-01-25,Starter,North America,Manufacturing,Paid Search,1,0,19,52,1,0,,49
4974,2025-09-07,Enterprise,North America,Retail,Organic,0,23,32,66,1,0,,399
4975,2025-06-02,Starter,North America,Healthcare,Organic,0,60,16,80,0,0,,49
4976,2025-10-17,Enterprise,North America,SaaS,Partner,1,71,28,28,2,0,,399
4977,2025-06-03,Starter,Asia Pacific,Manufacturing,Organic,1,43,21,65,2,0,,49
4978,2025-12-26,Growth,Europe,Retail,Organic,1,49,20,50,1,0,,129
4979,2026-08-22,Growth,Europe,Finance,Outbound Sales,1,40,20,53,2,0,,129
4980,2026-04-07,Starter,Latin America,Healthcare,Partner,0,63,34,78,0,0,,49
4981,2025-03-24,Growth,Asia Pacific,Education,Outbound Sales,1,50,18,65,0,0,,129
4982,2025-04-12,Growth,Europe,Retail,Partner,0,66,23,41,0,0,,129
4983,2025-05-06,Starter,North America,SaaS,Partner,0,24,20,93,1,0,,49
4984,2025-06-13,Starter,North America,Retail,Referral,1,40,40,94,0,0,,49
4985,2026-07-23,Starter,Asia Pacific,SaaS,Organic,0,76,22,91,1,0,,49
4986,2025-07-15,Enterprise,Latin America,Education,Paid Search,1,43,15,88,1,0,,399
4987,2025-05-16,Starter,Asia Pacific,Finance,Paid Search,1,61,9,83,2,0,,49
4988,2025-02-24,Growth,Europe,Manufacturing,Partner,0,61,7,68,1,0,,129
4989,2025-05-03,Starter,North America,Manufacturing,Paid Search,0,23,12,59,1,0,,49
4990,2026-09-17,Starter,Latin America,Manufacturing,Paid Search,1,51,20,42,0,0,,49
4991,2026-06-02,Growth,Europe,Healthcare,Outbound Sales,1,74,21,52,0,1,2026-07-08,129
4992,2026-05-15,Growth,North America,Retail,Outbound Sales,1,60,26,31,1,0,,129
4993,2026-02-14,Starter,Europe,Healthcare,Referral,1,50,6,64,1,0,,49
4994,2026-08-21,Starter,Latin America,SaaS,Paid Search,1,55,22,70,2,0,,49
4995,2026-05-15,Starter,Latin America,Manufacturing,Outbound Sales,0,32,13,83,0,0,,49
4996,2025-01-12,Starter,Asia Pacific,Finance,Referral,1,13,7,59,0,0,,49
4997,2025-08-23,Enterprise,North America,Education,Organic,1,37,18,81,2,0,,399
4998,2026-09-17,Growth,Latin America,Healthcare,Referral,1,0,18,58,2,0,,129
4999,2025-01-06,Growth,Latin America,Retail,Outbound Sales,1,26,18,79,1,0,,129
5000,2025-07-13,Enterprise,North America,SaaS,Paid Search,1,27,21,72,2,0,,399
