customer_id,signup_date,plan_type,region,industry,acquisition_channel,onboarding_completed,logins,sessions,feature_usage_score,support_tickets,churned_flag,churn_date,monthly_revenue,avg_logins,avg_sessions,avg_feature_usage,total_support_tickets,days_since_signup,logins_per_month,sessions_per_month,days_to_churn
1,2026-08-15,Starter,North America,Healthcare,Partner,1,26,17,63.5,5,0,0,49,31.0,13.0,63.5,5,46,31.0,13.0,46.0
2,2025-02-21,Growth,Europe,Manufacturing,Paid Search,1,26,13,41.95,3,0,0,129,26.1,12.9,41.95,3,586,26.1,12.9,586.0
3,2024-11-24,Growth,Europe,Finance,Outbound Sales,1,74,16,91.52173913043478,0,1,2026-01-07 00:00:00,129,76.56521739130434,16.130434782608695,91.52173913043478,0,675,76.56521739130434,16.130434782608695,409.0
4,2025-08-07,Growth,North America,SaaS,Paid Search,0,52,13,53.07142857142857,1,0,0,129,51.142857142857146,11.785714285714286,53.07142857142857,1,419,51.142857142857146,11.785714285714286,419.0
5,2025-07-07,Starter,Asia Pacific,Healthcare,Organic,1,19,26,62.25,0,0,0,49,18.1875,23.875,62.25,0,450,18.1875,23.875,450.0
6,2025-06-15,Starter,Asia Pacific,Finance,Organic,0,62,21,68.875,3,0,0,49,64.0625,20.0,68.875,3,472,64.0625,20.0,472.0
7,2025-03-21,Starter,North America,SaaS,Organic,0,31,22,70.36842105263158,0,0,0,49,30.842105263157894,20.736842105263158,70.36842105263158,0,558,30.842105263157894,20.736842105263158,558.0
8,2025-02-11,Growth,North America,Retail,Paid Search,1,62,20,83.0,0,0,0,129,61.8,18.55,83.0,0,596,61.8,18.55,596.0
9,2026-09-22,Starter,Asia Pacific,Finance,Referral,1,51,17,32.0,1,0,0,49,56.0,20.0,32.0,1,8,56.0,20.0,8.0
10,2026-05-11,Starter,Latin America,SaaS,Outbound Sales,1,51,11,69.4,2,0,0,49,51.8,10.0,69.4,2,142,51.8,10.0,142.0
11,2025-01-27,Growth,Asia Pacific,Manufacturing,Outbound Sales,0,55,27,60.80952380952381,1,0,0,129,53.857142857142854,23.904761904761905,60.80952380952381,1,611,53.857142857142854,23.904761904761905,611.0
12,2026-06-26,Enterprise,Asia Pacific,Manufacturing,Organic,1,64,7,38.5,0,0,0,399,49.75,5.75,38.5,0,96,49.75,5.75,96.0
13,2026-01-05,Starter,North America,Healthcare,Paid Search,1,41,21,53.666666666666664,2,0,0,49,39.55555555555556,20.88888888888889,53.666666666666664,2,268,39.55555555555556,20.88888888888889,268.0
14,2024-12-01,Starter,North America,Healthcare,Organic,0,11,14,58.869565217391305,0,0,0,49,11.478260869565217,13.91304347826087,58.869565217391305,0,668,11.478260869565217,13.91304347826087,668.0
15,2024-11-29,Growth,Europe,Manufacturing,Outbound Sales,1,18,12,77.26086956521739,3,0,0,129,18.043478260869566,11.695652173913043,77.26086956521739,3,670,18.043478260869566,11.695652173913043,670.0
16,2025-02-02,Growth,Latin America,Education,Referral,1,55,5,56.476190476190474,0,0,0,129,54.714285714285715,4.190476190476191,56.476190476190474,0,605,54.714285714285715,4.190476190476191,605.0
17,2025-06-10,Starter,Europe,SaaS,Referral,1,37,22,27.125,2,0,0,49,39.5,20.375,27.125,2,477,39.5,20.375,477.0
18,2025-06-25,Enterprise,North America,Healthcare,Organic,1,48,24,64.3125,7,0,0,399,47.6875,21.75,64.3125,7,462,47.6875,21.75,462.0
19,2026-03-31,Growth,Latin America,Finance,Referral,1,25,9,55.857142857142854,2,0,0,129,25.714285714285715,9.428571428571429,55.857142857142854,2,183,25.714285714285715,9.428571428571429,183.0
20,2026-07-08,Starter,Latin America,Healthcare,Organic,1,37,23,90.66666666666667,0,0,0,49,29.666666666666668,25.333333333333332,90.66666666666667,0,84,29.666666666666668,25.333333333333332,84.0
21,2024-11-26,Enterprise,Asia Pacific,Manufacturing,Referral,1,71,7,91.3913043478261,3,0,0,399,67.82608695652173,6.304347826086956,91.3913043478261,3,673,67.82608695652173,6.304347826086956,673.0
22,2026-05-27,Starter,Latin America,Finance,Partner,1,44,20,66.0,1,0,0,49,47.8,16.8,66.0,1,126,47.8,16.8,126.0
23,2025-05-21,Enterprise,Latin America,Education,Partner,1,42,4,39.0,2,0,0,399,40.470588235294116,3.411764705882353,39.0,2,497,40.470588235294116,3.411764705882353,497.0
24,2026-08-26,Starter,Europe,SaaS,Organic,1,72,21,82.0,0,0,0,49,73.5,20.5,82.0,0,35,73.5,20.5,35.0
25,2026-05-11,Starter,Latin America,Education,Outbound Sales,1,73,18,49.2,3,0,0,49,71.8,17.8,49.2,3,142,71.8,17.8,142.0
26,2026-01-02,Starter,North America,Retail,Partner,0,40,14,67.8,0,0,0,49,39.1,11.1,67.8,0,271,39.1,11.1,271.0
27,2025-06-12,Growth,North America,SaaS,Partner,1,44,22,86.875,2,0,0,129,41.0,21.25,86.875,2,475,41.0,21.25,475.0
28,2026-02-01,Starter,Europe,Finance,Paid Search,1,30,12,69.22222222222223,1,1,2026-07-31 00:00:00,49,29.77777777777778,10.666666666666666,69.22222222222223,1,241,29.77777777777778,10.666666666666666,180.0
29,2025-08-10,Enterprise,Asia Pacific,SaaS,Outbound Sales,1,38,15,89.28571428571429,0,0,0,399,36.357142857142854,13.142857142857142,89.28571428571429,0,416,36.357142857142854,13.142857142857142,416.0
30,2024-11-05,Starter,Latin America,Education,Partner,1,53,5,51.25,2,1,2025-12-28 00:00:00,49,51.833333333333336,3.9583333333333335,51.25,2,694,51.833333333333336,3.9583333333333335,418.0
31,2025-04-11,Starter,North America,SaaS,Outbound Sales,1,34,26,58.44444444444444,2,0,0,49,33.44444444444444,25.61111111111111,58.44444444444444,2,537,33.44444444444444,25.61111111111111,537.0
32,2026-01-05,Growth,Latin America,Retail,Organic,0,60,27,76.88888888888889,0,0,0,129,61.111111111111114,24.666666666666668,76.88888888888889,0,268,61.111111111111114,24.666666666666668,268.0
33,2025-10-13,Growth,Latin America,Healthcare,Organic,0,35,19,46.583333333333336,1,0,0,129,35.666666666666664,18.25,46.583333333333336,1,352,35.666666666666664,18.25,352.0
34,2025-08-10,Growth,North America,Finance,Organic,0,37,11,50.714285714285715,2,0,0,129,41.142857142857146,11.357142857142858,50.714285714285715,2,416,41.142857142857146,11.357142857142858,416.0
35,2025-04-07,Growth,Latin America,Manufacturing,Partner,1,67,24,75.10526315789474,0,0,0,129,66.3157894736842,23.789473684210527,75.10526315789474,0,541,66.3157894736842,23.789473684210527,541.0
36,2025-06-07,Starter,North America,Healthcare,Referral,1,0,15,46.529411764705884,3,0,0,49,0.0,14.588235294117647,46.529411764705884,3,480,0.0,14.588235294117647,480.0
37,2025-10-09,Starter,Asia Pacific,Education,Outbound Sales,0,38,19,55.0,5,0,0,49,38.583333333333336,18.0,55.0,5,356,38.583333333333336,18.0,356.0
38,2025-02-11,Enterprise,North America,Retail,Paid Search,1,78,14,64.95,3,0,0,399,72.95,13.8,64.95,3,596,72.95,13.8,596.0
39,2025-02-01,Enterprise,Latin America,Education,Organic,0,50,16,57.38095238095238,2,0,0,399,52.142857142857146,14.761904761904763,57.38095238095238,2,606,52.142857142857146,14.761904761904763,606.0
40,2025-11-23,Growth,Europe,Retail,Referral,1,82,15,60.36363636363637,1,0,0,129,85.27272727272727,14.090909090909092,60.36363636363637,1,311,85.27272727272727,14.090909090909092,311.0
41,2025-02-06,Starter,North America,SaaS,Referral,1,42,21,55.142857142857146,0,0,0,49,42.19047619047619,21.0,55.142857142857146,0,601,42.19047619047619,21.0,601.0
42,2025-11-01,Starter,Latin America,Education,Partner,1,54,16,54.583333333333336,0,0,0,49,57.25,13.75,54.583333333333336,0,333,57.25,13.75,333.0
43,2025-10-17,Starter,Asia Pacific,SaaS,Partner,1,73,12,37.666666666666664,1,0,0,49,72.91666666666667,12.333333333333334,37.666666666666664,1,348,72.91666666666667,12.333333333333334,348.0
44,2026-07-10,Starter,Latin America,Retail,Paid Search,1,40,11,32.666666666666664,0,0,0,49,41.333333333333336,13.333333333333334,32.666666666666664,0,82,41.333333333333336,13.333333333333334,82.0
45,2025-07-27,Starter,North America,SaaS,Partner,0,27,21,84.46666666666667,6,0,0,49,26.266666666666666,19.733333333333334,84.46666666666667,6,430,26.266666666666666,19.733333333333334,430.0
46,2024-12-13,Starter,North America,Retail,Organic,0,35,20,66.5909090909091,1,0,0,49,34.54545454545455,19.0,66.5909090909091,1,656,34.54545454545455,19.0,656.0
47,2026-02-12,Starter,Europe,Finance,Organic,1,51,19,46.5,8,0,0,49,52.25,16.75,46.5,8,230,52.25,16.75,230.0
48,2026-05-02,Starter,Latin America,Manufacturing,Organic,1,32,5,78.33333333333333,0,0,0,49,30.5,4.333333333333333,78.33333333333333,0,151,30.5,4.333333333333333,151.0
49,2025-03-06,Growth,Europe,Healthcare,Referral,1,33,38,67.0,2,0,0,129,33.2,36.7,67.0,2,573,33.2,36.7,573.0
50,2025-11-21,Growth,Asia Pacific,Healthcare,Referral,0,45,19,17.272727272727273,1,0,0,129,46.54545454545455,20.272727272727273,17.272727272727273,1,313,46.54545454545455,20.272727272727273,313.0
51,2025-01-18,Enterprise,Latin America,Retail,Organic,1,39,4,30.476190476190474,2,0,0,399,40.333333333333336,3.619047619047619,30.476190476190474,2,620,40.333333333333336,3.619047619047619,620.0
52,2026-05-18,Starter,Asia Pacific,Healthcare,Outbound Sales,1,58,23,49.2,0,0,0,49,62.2,26.6,49.2,0,135,62.2,26.6,135.0
53,2025-08-26,Starter,North America,Retail,Outbound Sales,1,46,14,40.5,4,0,0,49,44.214285714285715,13.857142857142858,40.5,4,400,44.214285714285715,13.857142857142858,400.0
54,2026-08-04,Starter,Europe,Manufacturing,Referral,0,21,17,60.0,2,0,0,49,21.5,14.0,60.0,2,57,21.5,14.0,57.0
55,2026-07-25,Starter,Europe,Manufacturing,Paid Search,0,80,20,89.0,0,0,0,49,86.0,17.333333333333332,89.0,0,67,86.0,17.333333333333332,67.0
56,2025-11-04,Starter,Europe,Retail,Referral,1,54,20,40.583333333333336,0,0,0,49,51.25,21.0,40.583333333333336,0,330,51.25,21.0,330.0
57,2026-06-13,Growth,Europe,Retail,Outbound Sales,1,38,1,86.25,0,0,0,129,34.75,0.75,86.25,0,109,34.75,0.75,109.0
58,2025-05-14,Growth,Latin America,SaaS,Outbound Sales,1,32,10,31.470588235294116,0,0,0,129,32.23529411764706,9.882352941176471,31.470588235294116,0,504,32.23529411764706,9.882352941176471,504.0
59,2025-01-09,Growth,North America,Education,Partner,1,31,14,41.904761904761905,0,0,0,129,31.857142857142858,13.952380952380953,41.904761904761905,0,629,31.857142857142858,13.952380952380953,629.0
60,2024-12-15,Starter,Asia Pacific,Education,Outbound Sales,0,34,19,77.45454545454545,0,0,0,49,33.59090909090909,17.681818181818183,77.45454545454545,0,654,33.59090909090909,17.681818181818183,654.0
61,2026-09-07,Starter,Europe,Healthcare,Organic,1,10,38,67.0,0,0,0,49,11.0,24.0,67.0,0,23,11.0,24.0,23.0
62,2025-06-20,Growth,Europe,Manufacturing,Partner,1,28,16,58.9375,1,0,0,129,26.8125,14.5,58.9375,1,467,26.8125,14.5,467.0
63,2025-08-22,Growth,Europe,Finance,Paid Search,1,32,24,22.571428571428573,4,0,0,129,32.857142857142854,23.642857142857142,22.571428571428573,4,404,32.857142857142854,23.642857142857142,404.0
64,2025-01-19,Growth,Latin America,Retail,Partner,1,24,18,58.857142857142854,4,0,0,129,24.857142857142858,17.333333333333332,58.857142857142854,4,619,24.857142857142858,17.333333333333332,619.0
65,2025-06-25,Starter,Europe,Healthcare,Partner,1,58,7,93.875,0,0,0,49,59.125,7.0625,93.875,0,462,59.125,7.0625,462.0
66,2025-02-10,Growth,Latin America,Healthcare,Partner,1,61,18,77.15,0,0,0,129,61.7,18.1,77.15,0,597,61.7,18.1,597.0
67,2025-11-23,Starter,Europe,Education,Referral,1,7,11,55.90909090909091,2,0,0,49,6.181818181818182,10.363636363636363,55.90909090909091,2,311,6.181818181818182,10.363636363636363,311.0
68,2025-08-10,Growth,North America,Manufacturing,Organic,1,66,24,40.714285714285715,0,0,0,129,61.142857142857146,20.857142857142858,40.714285714285715,0,416,61.142857142857146,20.857142857142858,416.0
69,2026-02-06,Growth,Asia Pacific,Retail,Organic,1,0,23,87.5,1,0,0,129,0.0,21.875,87.5,1,236,0.0,21.875,236.0
70,2026-08-11,Starter,North America,Retail,Referral,1,48,21,84.5,0,0,0,49,45.0,20.5,84.5,0,50,45.0,20.5,50.0
71,2025-11-07,Starter,Europe,Manufacturing,Paid Search,0,50,8,84.63636363636364,1,0,0,49,46.36363636363637,8.0,84.63636363636364,1,327,46.36363636363637,8.0,327.0
72,2025-04-14,Growth,Europe,SaaS,Outbound Sales,1,56,12,52.111111111111114,0,0,0,129,57.166666666666664,11.555555555555555,52.111111111111114,0,534,57.166666666666664,11.555555555555555,534.0
73,2025-11-13,Starter,Europe,Healthcare,Partner,1,29,23,84.27272727272727,2,0,0,49,29.181818181818183,23.272727272727273,84.27272727272727,2,321,29.181818181818183,23.272727272727273,321.0
74,2025-10-28,Starter,Asia Pacific,Retail,Referral,1,40,15,29.25,0,0,0,49,36.083333333333336,15.5,29.25,0,337,36.083333333333336,15.5,337.0
75,2025-06-01,Starter,Europe,Education,Organic,1,81,27,36.76470588235294,0,0,0,49,83.23529411764706,24.294117647058822,36.76470588235294,0,486,83.23529411764706,24.294117647058822,486.0
76,2026-09-16,Starter,Europe,Manufacturing,Outbound Sales,1,55,13,42.0,0,0,0,49,65.0,16.0,42.0,0,14,65.0,16.0,14.0
77,2025-07-30,Growth,Europe,Manufacturing,Partner,1,66,14,62.8,1,0,0,129,64.13333333333334,13.133333333333333,62.8,1,427,64.13333333333334,13.133333333333333,427.0
78,2026-09-29,Starter,Europe,Manufacturing,Referral,1,81,20,71.0,1,0,0,49,88.0,21.0,71.0,1,1,88.0,21.0,1.0
79,2026-08-24,Starter,Asia Pacific,Finance,Paid Search,0,69,0,48.0,0,0,0,49,69.0,0.0,48.0,0,37,69.0,0.0,37.0
80,2025-01-11,Starter,North America,Healthcare,Referral,1,16,15,51.476190476190474,0,0,0,49,15.666666666666666,13.857142857142858,51.476190476190474,0,627,15.666666666666666,13.857142857142858,627.0
81,2026-07-15,Enterprise,Asia Pacific,Finance,Outbound Sales,1,31,10,27.666666666666668,1,0,0,399,28.0,9.666666666666666,27.666666666666668,1,77,28.0,9.666666666666666,77.0
82,2026-08-11,Growth,Latin America,Healthcare,Paid Search,0,80,15,38.0,3,0,0,129,71.5,12.0,38.0,3,50,71.5,12.0,50.0
83,2025-04-23,Starter,North America,Finance,Referral,0,34,21,86.61111111111111,6,0,0,49,32.94444444444444,19.166666666666668,86.61111111111111,6,525,32.94444444444444,19.166666666666668,525.0
84,2026-04-29,Starter,Asia Pacific,Manufacturing,Outbound Sales,1,58,20,71.33333333333333,4,0,0,49,62.0,20.166666666666668,71.33333333333333,4,154,62.0,20.166666666666668,154.0
85,2025-07-07,Starter,Europe,SaaS,Partner,1,35,22,59.8125,0,0,0,49,33.5,23.0,59.8125,0,450,33.5,23.0,450.0
86,2025-04-15,Growth,Asia Pacific,Retail,Partner,0,64,29,48.888888888888886,3,0,0,129,61.44444444444444,29.0,48.888888888888886,3,533,61.44444444444444,29.0,533.0
87,2026-02-15,Starter,North America,Finance,Referral,1,14,11,71.875,4,0,0,49,13.125,11.25,71.875,4,227,13.125,11.25,227.0
88,2025-11-22,Growth,Europe,Manufacturing,Partner,1,9,20,25.363636363636363,0,0,0,129,8.818181818181818,18.272727272727273,25.363636363636363,0,312,8.818181818181818,18.272727272727273,312.0
89,2025-08-02,Growth,Asia Pacific,Education,Referral,1,37,19,55.666666666666664,0,0,0,129,38.4,17.933333333333334,55.666666666666664,0,424,38.4,17.933333333333334,424.0
90,2026-08-16,Starter,Asia Pacific,Healthcare,Referral,1,80,25,45.0,4,0,0,49,85.5,26.5,45.0,4,45,85.5,26.5,45.0
91,2026-05-23,Enterprise,Asia Pacific,Education,Organic,1,61,21,30.6,0,0,0,399,51.0,18.8,30.6,0,130,51.0,18.8,130.0
92,2025-06-11,Enterprise,Asia Pacific,Retail,Organic,1,43,24,63.5,0,0,0,399,40.3125,24.0625,63.5,0,476,40.3125,24.0625,476.0
93,2025-09-27,Starter,Latin America,Retail,Referral,0,67,17,32.0,1,0,0,49,65.53846153846153,16.384615384615383,32.0,1,368,65.53846153846153,16.384615384615383,368.0
94,2024-12-26,Starter,North America,Healthcare,Paid Search,1,55,16,46.68181818181818,2,0,0,49,53.86363636363637,16.318181818181817,46.68181818181818,2,643,53.86363636363637,16.318181818181817,643.0
95,2025-06-21,Enterprise,Europe,Finance,Paid Search,1,46,26,48.0625,2,0,0,399,45.3125,25.3125,48.0625,2,466,45.3125,25.3125,466.0
96,2024-12-01,Growth,Latin America,Finance,Organic,0,73,4,21.91304347826087,0,0,0,129,72.82608695652173,3.5652173913043477,21.91304347826087,0,668,72.82608695652173,3.5652173913043477,668.0
97,2025-09-18,Starter,Europe,Retail,Outbound Sales,1,13,23,51.92307692307692,1,0,0,49,13.461538461538462,21.615384615384617,51.92307692307692,1,377,13.461538461538462,21.615384615384617,377.0
98,2025-12-14,Enterprise,North America,Education,Partner,1,27,25,54.8,7,0,0,399,26.4,25.2,54.8,7,290,26.4,25.2,290.0
99,2025-07-31,Enterprise,Asia Pacific,Finance,Partner,1,50,37,48.0,0,0,0,399,45.733333333333334,36.4,48.0,0,426,45.733333333333334,36.4,426.0
100,2025-01-05,Growth,Europe,Education,Partner,1,33,18,30.59090909090909,4,0,0,129,32.22727272727273,17.454545454545453,30.59090909090909,4,633,32.22727272727273,17.454545454545453,633.0
101,2025-06-03,Starter,North America,Healthcare,Referral,1,49,5,52.35294117647059,3,0,0,49,42.705882352941174,4.588235294117647,52.35294117647059,3,484,42.705882352941174,4.588235294117647,484.0
102,2026-06-02,Enterprise,North America,Retail,Outbound Sales,1,56,22,56.6,1,0,0,399,49.8,26.6,56.6,1,120,49.8,26.6,120.0
103,2025-09-17,Starter,Asia Pacific,Education,Paid Search,1,63,18,79.23076923076923,3,0,0,49,63.92307692307692,19.23076923076923,79.23076923076923,3,378,63.92307692307692,19.23076923076923,378.0
104,2025-06-04,Enterprise,Latin America,SaaS,Referral,0,57,24,67.0,2,0,0,399,52.35294117647059,25.41176470588235,67.0,2,483,52.35294117647059,25.41176470588235,483.0
105,2026-09-01,Starter,Asia Pacific,Education,Paid Search,1,34,23,69.0,2,0,0,49,33.0,30.0,69.0,2,29,33.0,30.0,29.0
106,2026-03-25,Starter,North America,Manufacturing,Referral,0,51,7,67.0,1,0,0,49,54.285714285714285,6.428571428571429,67.0,1,189,54.285714285714285,6.428571428571429,189.0
107,2025-12-09,Growth,Europe,SaaS,Paid Search,1,57,19,60.2,0,0,0,129,55.2,19.0,60.2,0,295,55.2,19.0,295.0
108,2026-08-19,Starter,North America,Finance,Organic,1,53,27,32.5,0,0,0,49,53.5,25.0,32.5,0,42,53.5,25.0,42.0
109,2026-02-11,Enterprise,North America,Finance,Outbound Sales,1,10,29,50.625,0,0,0,399,9.5,28.375,50.625,0,231,9.5,28.375,231.0
110,2025-03-25,Starter,Asia Pacific,Retail,Paid Search,1,67,8,54.94736842105263,3,0,0,49,62.73684210526316,6.842105263157895,54.94736842105263,3,554,62.73684210526316,6.842105263157895,554.0
111,2025-07-28,Growth,Europe,Healthcare,Referral,0,53,19,32.93333333333333,3,0,0,129,54.733333333333334,18.266666666666666,32.93333333333333,3,429,54.733333333333334,18.266666666666666,429.0
112,2025-03-21,Growth,Asia Pacific,SaaS,Organic,1,21,8,85.42105263157895,1,0,0,129,20.736842105263158,6.894736842105263,85.42105263157895,1,558,20.736842105263158,6.894736842105263,558.0
113,2025-07-09,Starter,Latin America,Healthcare,Paid Search,0,26,20,61.2,0,0,0,49,26.8,19.4,61.2,0,448,26.8,19.4,448.0
114,2026-05-27,Starter,Europe,SaaS,Outbound Sales,1,59,6,63.2,0,0,0,49,59.0,6.0,63.2,0,126,59.0,6.0,126.0
115,2026-05-04,Starter,Europe,Healthcare,Partner,1,84,14,83.8,2,0,0,49,77.0,15.0,83.8,2,149,77.0,15.0,149.0
116,2025-07-26,Enterprise,Asia Pacific,Manufacturing,Referral,1,59,17,37.53333333333333,3,1,2026-09-11 00:00:00,399,57.06666666666667,16.266666666666666,37.53333333333333,3,431,57.06666666666667,16.266666666666666,412.0
117,2026-06-20,Starter,Europe,SaaS,Organic,0,17,9,80.25,0,1,2026-09-12 00:00:00,49,15.5,8.5,80.25,0,102,15.5,8.5,84.0
118,2026-06-19,Growth,Latin America,Healthcare,Partner,1,56,18,43.25,3,0,0,129,59.0,22.0,43.25,3,103,59.0,22.0,103.0
119,2025-12-12,Starter,Latin America,Finance,Paid Search,0,33,17,87.0,0,0,0,49,31.8,15.3,87.0,0,292,31.8,15.3,292.0
120,2025-11-04,Growth,North America,Education,Referral,1,35,22,49.25,3,0,0,129,34.666666666666664,22.833333333333332,49.25,3,330,34.666666666666664,22.833333333333332,330.0
121,2025-06-11,Starter,Latin America,SaaS,Referral,1,57,9,77.875,0,0,0,49,61.5625,8.8125,77.875,0,476,61.5625,8.8125,476.0
122,2025-03-20,Growth,Latin America,Education,Outbound Sales,1,42,18,86.73684210526316,0,0,0,129,39.89473684210526,17.105263157894736,86.73684210526316,0,559,39.89473684210526,17.105263157894736,559.0
123,2026-04-04,Starter,Europe,Finance,Paid Search,1,56,27,35.333333333333336,0,0,0,49,55.666666666666664,26.166666666666668,35.333333333333336,0,179,55.666666666666664,26.166666666666668,179.0
124,2026-03-19,Growth,North America,Healthcare,Paid Search,1,14,20,62.0,2,0,0,129,12.714285714285714,19.571428571428573,62.0,2,195,12.714285714285714,19.571428571428573,195.0
125,2025-01-31,Starter,Latin America,SaaS,Outbound Sales,1,37,9,30.666666666666668,1,0,0,49,38.095238095238095,8.238095238095237,30.666666666666668,1,607,38.095238095238095,8.238095238095237,607.0
126,2024-12-17,Starter,North America,Healthcare,Paid Search,1,68,18,32.81818181818182,0,0,0,49,70.81818181818181,17.863636363636363,32.81818181818182,0,652,70.81818181818181,17.863636363636363,652.0
127,2025-02-19,Starter,Asia Pacific,Finance,Organic,1,19,5,81.6,4,0,0,49,18.6,4.65,81.6,4,588,18.6,4.65,588.0
128,2025-04-04,Starter,Asia Pacific,Manufacturing,Outbound Sales,1,48,15,53.68421052631579,0,0,0,49,48.89473684210526,15.263157894736842,53.68421052631579,0,544,48.89473684210526,15.263157894736842,544.0
129,2026-08-03,Starter,North America,Education,Referral,1,33,18,94.5,0,0,0,49,27.0,13.0,94.5,0,58,27.0,13.0,58.0
130,2025-04-11,Growth,Europe,Finance,Outbound Sales,1,51,18,67.0,0,0,0,129,49.22222222222222,16.944444444444443,67.0,0,537,49.22222222222222,16.944444444444443,537.0
131,2026-09-26,Growth,North America,Manufacturing,Partner,0,61,8,68.0,1,0,0,129,52.0,5.0,68.0,1,4,52.0,5.0,4.0
132,2026-01-05,Growth,Asia Pacific,SaaS,Outbound Sales,1,34,23,37.44444444444444,1,0,0,129,31.333333333333332,24.666666666666668,37.44444444444444,1,268,31.333333333333332,24.666666666666668,268.0
133,2026-07-02,Growth,Europe,Manufacturing,Organic,0,39,13,90.0,0,0,0,129,44.25,14.5,90.0,0,90,44.25,14.5,90.0
134,2025-01-03,Starter,Europe,Retail,Partner,0,58,28,54.13636363636363,0,0,0,49,59.36363636363637,26.727272727272727,54.13636363636363,0,635,59.36363636363637,26.727272727272727,635.0
135,2025-11-28,Starter,Asia Pacific,SaaS,Outbound Sales,1,4,26,56.18181818181818,2,0,0,49,3.4545454545454546,23.818181818181817,56.18181818181818,2,306,3.4545454545454546,23.818181818181817,306.0
136,2025-11-24,Starter,Europe,Retail,Paid Search,1,44,25,49.36363636363637,0,1,2026-08-20 00:00:00,49,42.72727272727273,25.636363636363637,49.36363636363637,0,310,42.72727272727273,25.636363636363637,269.0
137,2026-04-24,Starter,Latin America,Education,Paid Search,1,42,4,60.0,1,0,0,49,41.0,3.6666666666666665,60.0,1,159,41.0,3.6666666666666665,159.0
138,2025-07-14,Growth,Asia Pacific,Education,Outbound Sales,0,64,8,78.53333333333333,0,0,0,129,59.46666666666667,7.0,78.53333333333333,0,443,59.46666666666667,7.0,443.0
139,2026-05-19,Starter,Europe,Education,Outbound Sales,1,25,9,73.4,1,0,0,49,22.6,8.6,73.4,1,134,22.6,8.6,134.0
140,2024-11-10,Starter,North America,Manufacturing,Referral,1,60,20,62.95652173913044,0,0,0,49,62.0,18.47826086956522,62.95652173913044,0,689,62.0,18.47826086956522,689.0
141,2026-09-26,Growth,North America,Retail,Outbound Sales,1,54,0,94.0,0,0,0,129,69.0,0.0,94.0,0,4,69.0,0.0,4.0
142,2025-02-24,Growth,Latin America,Retail,Organic,0,53,15,70.45,0,0,0,129,54.35,13.9,70.45,0,583,54.35,13.9,583.0
143,2026-09-28,Starter,Asia Pacific,Finance,Outbound Sales,1,56,23,50.0,0,0,0,49,49.0,21.0,50.0,0,2,49.0,21.0,2.0
144,2026-05-02,Enterprise,North America,Education,Organic,1,39,9,48.333333333333336,0,0,0,399,39.5,9.166666666666666,48.333333333333336,0,151,39.5,9.166666666666666,151.0
145,2025-07-30,Starter,North America,Education,Organic,1,28,31,66.0,2,0,0,49,27.333333333333332,31.666666666666668,66.0,2,427,27.333333333333332,31.666666666666668,427.0
146,2026-08-17,Starter,Europe,Finance,Partner,0,34,13,26.5,0,0,0,49,32.0,13.5,26.5,0,44,32.0,13.5,44.0
147,2025-10-13,Starter,North America,Finance,Paid Search,1,48,13,95.0,0,0,0,49,50.5,12.75,95.0,0,352,50.5,12.75,352.0
148,2025-02-21,Starter,Europe,Manufacturing,Paid Search,0,62,23,87.7,2,0,0,49,60.6,24.05,87.7,2,586,60.6,24.05,586.0
149,2025-08-26,Enterprise,North America,Education,Organic,1,13,3,13.142857142857142,0,0,0,399,13.071428571428571,2.642857142857143,13.142857142857142,0,400,13.071428571428571,2.642857142857143,400.0
150,2026-01-18,Enterprise,Europe,Education,Outbound Sales,0,35,27,63.888888888888886,2,0,0,399,36.44444444444444,24.666666666666668,63.888888888888886,2,255,36.44444444444444,24.666666666666668,255.0
151,2025-04-09,Starter,Latin America,Finance,Outbound Sales,1,29,7,59.833333333333336,0,0,0,49,28.22222222222222,6.555555555555555,59.833333333333336,0,539,28.22222222222222,6.555555555555555,539.0
152,2026-02-06,Starter,Asia Pacific,Retail,Outbound Sales,0,59,21,45.75,1,0,0,49,63.125,20.875,45.75,1,236,63.125,20.875,236.0
153,2024-11-02,Starter,Europe,Retail,Partner,1,56,22,34.833333333333336,0,0,0,49,55.416666666666664,22.416666666666668,34.833333333333336,0,697,55.416666666666664,22.416666666666668,697.0
154,2025-07-26,Starter,Latin America,Retail,Paid Search,0,37,17,71.4,0,0,0,49,36.86666666666667,17.133333333333333,71.4,0,431,36.86666666666667,17.133333333333333,431.0
155,2026-03-26,Starter,North America,Education,Partner,1,64,0,53.142857142857146,0,0,0,49,67.14285714285714,0.0,53.142857142857146,0,188,67.14285714285714,0.0,188.0
156,2025-04-30,Enterprise,North America,Finance,Partner,1,25,4,79.66666666666667,2,0,0,399,25.5,3.611111111111111,79.66666666666667,2,518,25.5,3.611111111111111,518.0
157,2026-04-02,Starter,Europe,Healthcare,Paid Search,1,33,14,46.142857142857146,0,0,0,49,32.57142857142857,11.142857142857142,46.142857142857146,0,181,32.57142857142857,11.142857142857142,181.0
158,2025-02-15,Starter,Latin America,Finance,Organic,1,38,13,45.85,4,0,0,49,37.7,13.45,45.85,4,592,37.7,13.45,592.0
159,2026-08-01,Starter,Asia Pacific,Finance,Partner,1,40,9,32.333333333333336,2,0,0,49,41.0,10.666666666666666,32.333333333333336,2,60,41.0,10.666666666666666,60.0
160,2025-08-31,Growth,North America,Retail,Partner,0,65,10,63.57142857142857,1,0,0,129,64.92857142857143,9.714285714285714,63.57142857142857,1,395,64.92857142857143,9.714285714285714,395.0
161,2026-08-15,Starter,Europe,Manufacturing,Outbound Sales,0,59,8,70.5,5,0,0,49,59.5,9.0,70.5,5,46,59.5,9.0,46.0
162,2026-04-02,Growth,Latin America,Education,Organic,0,30,35,47.0,2,0,0,129,28.428571428571427,38.142857142857146,47.0,2,181,28.428571428571427,38.142857142857146,181.0
163,2026-07-15,Growth,Asia Pacific,Education,Outbound Sales,1,40,18,50.0,0,0,0,129,38.666666666666664,16.333333333333332,50.0,0,77,38.666666666666664,16.333333333333332,77.0
164,2025-05-21,Starter,North America,Finance,Partner,1,48,19,57.88235294117647,7,0,0,49,47.76470588235294,18.764705882352942,57.88235294117647,7,497,47.76470588235294,18.764705882352942,497.0
165,2025-04-04,Growth,Europe,Retail,Outbound Sales,0,31,23,42.8421052631579,2,0,0,129,30.210526315789473,23.526315789473685,42.8421052631579,2,544,30.210526315789473,23.526315789473685,544.0
166,2025-11-16,Enterprise,Asia Pacific,Manufacturing,Paid Search,1,27,17,38.18181818181818,0,0,0,399,25.727272727272727,17.0,38.18181818181818,0,318,25.727272727272727,17.0,318.0
167,2025-04-13,Enterprise,Latin America,Finance,Paid Search,1,56,16,40.833333333333336,0,0,0,399,55.27777777777778,15.61111111111111,40.833333333333336,0,535,55.27777777777778,15.61111111111111,535.0
168,2026-05-05,Growth,Europe,Finance,Outbound Sales,1,5,19,62.4,1,0,0,129,4.8,16.4,62.4,1,148,4.8,16.4,148.0
169,2026-04-26,Enterprise,North America,Finance,Organic,1,20,22,53.5,3,0,0,399,18.333333333333332,18.5,53.5,3,157,18.333333333333332,18.5,157.0
170,2024-10-30,Starter,Latin America,Education,Partner,1,37,21,41.916666666666664,1,0,0,49,36.083333333333336,21.208333333333332,41.916666666666664,1,700,36.083333333333336,21.208333333333332,700.0
171,2026-07-05,Growth,North America,Manufacturing,Referral,0,58,29,78.33333333333333,0,0,0,129,64.66666666666667,21.666666666666668,78.33333333333333,0,87,64.66666666666667,21.666666666666668,87.0
172,2025-09-26,Starter,Europe,SaaS,Outbound Sales,1,49,28,56.69230769230769,0,0,0,49,45.15384615384615,25.0,56.69230769230769,0,369,45.15384615384615,25.0,369.0
173,2026-03-14,Growth,Asia Pacific,Healthcare,Referral,1,58,0,79.85714285714286,5,0,0,129,58.285714285714285,0.0,79.85714285714286,5,200,58.285714285714285,0.0,200.0
174,2024-11-18,Growth,Asia Pacific,Manufacturing,Referral,0,60,11,17.782608695652176,1,0,0,129,59.91304347826087,10.391304347826088,17.782608695652176,1,681,59.91304347826087,10.391304347826088,681.0
175,2025-02-21,Growth,North America,Retail,Outbound Sales,1,16,4,76.0,3,0,0,129,16.4,3.85,76.0,3,586,16.4,3.85,586.0
176,2025-11-05,Starter,Europe,Retail,Referral,1,25,17,83.81818181818181,0,0,0,49,23.818181818181817,18.181818181818183,83.81818181818181,0,329,23.818181818181817,18.181818181818183,329.0
177,2025-09-09,Starter,Europe,Retail,Partner,0,0,24,40.76923076923077,0,0,0,49,0.0,24.153846153846153,40.76923076923077,0,386,0.0,24.153846153846153,386.0
178,2025-07-02,Starter,Asia Pacific,Finance,Referral,0,7,10,77.25,0,0,0,49,6.4375,9.25,77.25,0,455,6.4375,9.25,455.0
179,2024-12-28,Starter,Asia Pacific,Healthcare,Outbound Sales,1,82,30,30.59090909090909,0,1,2025-05-30 00:00:00,49,79.0909090909091,29.045454545454547,30.59090909090909,0,641,79.0909090909091,29.045454545454547,153.0
180,2026-06-02,Starter,Europe,Manufacturing,Partner,1,21,13,26.8,1,0,0,49,23.2,10.8,26.8,1,120,23.2,10.8,120.0
181,2025-01-18,Enterprise,Latin America,Manufacturing,Paid Search,1,44,32,66.80952380952381,3,0,0,399,44.857142857142854,32.38095238095238,66.80952380952381,3,620,44.857142857142854,32.38095238095238,620.0
182,2025-01-25,Growth,Latin America,SaaS,Outbound Sales,1,23,25,47.04761904761905,3,0,0,129,21.571428571428573,25.761904761904763,47.04761904761905,3,613,21.571428571428573,25.761904761904763,613.0
183,2026-03-11,Starter,North America,Education,Outbound Sales,1,47,8,55.142857142857146,1,0,0,49,52.142857142857146,8.285714285714286,55.142857142857146,1,203,52.142857142857146,8.285714285714286,203.0
184,2025-01-08,Enterprise,Europe,Retail,Outbound Sales,0,46,17,85.81818181818181,1,0,0,399,47.54545454545455,18.181818181818183,85.81818181818181,1,630,47.54545454545455,18.181818181818183,630.0
185,2026-04-28,Starter,North America,Healthcare,Referral,0,12,27,58.666666666666664,0,0,0,49,11.166666666666666,30.0,58.666666666666664,0,155,11.166666666666666,30.0,155.0
186,2025-03-07,Enterprise,Asia Pacific,SaaS,Organic,0,34,14,29.65,3,0,0,399,32.85,13.15,29.65,3,572,32.85,13.15,572.0
187,2025-03-10,Starter,Europe,SaaS,Paid Search,1,36,34,44.0,0,0,0,49,35.1578947368421,31.57894736842105,44.0,0,569,35.1578947368421,31.57894736842105,569.0
188,2026-09-05,Growth,Europe,Healthcare,Referral,0,46,12,46.0,0,0,0,129,50.0,8.0,46.0,0,25,50.0,8.0,25.0
189,2026-02-28,Growth,Europe,Education,Outbound Sales,0,39,5,60.875,1,0,0,129,38.0,3.75,60.875,1,214,38.0,3.75,214.0
190,2026-05-15,Growth,Latin America,Healthcare,Outbound Sales,1,30,11,58.0,2,0,0,129,27.8,11.4,58.0,2,138,27.8,11.4,138.0
191,2025-04-17,Starter,Latin America,Finance,Organic,1,68,22,69.11111111111111,2,0,0,49,67.33333333333333,20.72222222222222,69.11111111111111,2,531,67.33333333333333,20.72222222222222,531.0
192,2025-07-28,Starter,Asia Pacific,Education,Referral,0,28,18,33.06666666666667,1,0,0,49,29.0,16.066666666666666,33.06666666666667,1,429,29.0,16.066666666666666,429.0
193,2026-04-23,Growth,Latin America,Healthcare,Partner,1,30,19,50.0,4,0,0,129,33.166666666666664,18.833333333333332,50.0,4,160,33.166666666666664,18.833333333333332,160.0
194,2026-07-13,Starter,Asia Pacific,Healthcare,Partner,1,53,32,80.33333333333333,1,0,0,49,50.0,29.0,80.33333333333333,1,79,50.0,29.0,79.0
195,2026-01-06,Starter,North America,SaaS,Outbound Sales,0,50,14,76.44444444444444,6,0,0,49,50.44444444444444,11.777777777777779,76.44444444444444,6,267,50.44444444444444,11.777777777777779,267.0
196,2025-06-03,Growth,Latin America,Education,Outbound Sales,0,33,16,50.05882352941177,0,0,0,129,30.294117647058822,16.647058823529413,50.05882352941177,0,484,30.294117647058822,16.647058823529413,484.0
197,2026-05-05,Starter,Europe,Healthcare,Organic,1,76,22,50.8,3,1,2026-09-08 00:00:00,49,80.2,19.6,50.8,3,148,80.2,19.6,126.0
198,2025-05-23,Growth,Europe,SaaS,Outbound Sales,1,31,13,77.17647058823529,3,0,0,129,31.470588235294116,12.176470588235293,77.17647058823529,3,495,31.470588235294116,12.176470588235293,495.0
199,2025-09-14,Starter,Asia Pacific,SaaS,Partner,1,51,19,71.76923076923077,0,0,0,49,43.53846153846154,20.692307692307693,71.76923076923077,0,381,43.53846153846154,20.692307692307693,381.0
200,2025-12-12,Starter,Asia Pacific,Healthcare,Paid Search,1,59,26,58.6,1,0,0,49,55.0,23.6,58.6,1,292,55.0,23.6,292.0
201,2026-09-17,Starter,Latin America,SaaS,Organic,1,52,12,96.0,5,0,0,49,36.0,7.0,96.0,5,13,36.0,7.0,13.0
202,2026-08-26,Growth,Latin America,Manufacturing,Partner,1,63,16,56.5,0,0,0,129,66.5,15.5,56.5,0,35,66.5,15.5,35.0
203,2025-11-16,Starter,Asia Pacific,Education,Referral,1,58,30,40.54545454545455,0,0,0,49,57.72727272727273,30.363636363636363,40.54545454545455,0,318,57.72727272727273,30.363636363636363,318.0
204,2026-01-21,Growth,Latin America,Education,Organic,1,19,4,51.55555555555556,7,0,0,129,20.11111111111111,3.888888888888889,51.55555555555556,7,252,20.11111111111111,3.888888888888889,252.0
205,2026-04-12,Starter,Latin America,SaaS,Partner,1,50,23,20.166666666666668,4,0,0,49,55.666666666666664,20.666666666666668,20.166666666666668,4,171,55.666666666666664,20.666666666666668,171.0
206,2026-02-04,Growth,North America,Healthcare,Paid Search,1,31,29,52.25,6,0,0,129,28.5,24.875,52.25,6,238,28.5,24.875,238.0
207,2025-03-02,Growth,Asia Pacific,Manufacturing,Outbound Sales,0,74,22,40.3,3,0,0,129,72.45,21.55,40.3,3,577,72.45,21.55,577.0
208,2025-07-10,Starter,Latin America,Healthcare,Outbound Sales,1,18,6,7.133333333333334,0,0,0,49,17.133333333333333,5.933333333333334,7.133333333333334,0,447,17.133333333333333,5.933333333333334,447.0
209,2025-06-17,Starter,North America,Education,Partner,1,66,13,78.0,2,0,0,49,66.3125,12.0625,78.0,2,470,66.3125,12.0625,470.0
210,2025-01-03,Starter,North America,SaaS,Partner,1,41,26,59.31818181818182,7,0,0,49,38.45454545454545,24.363636363636363,59.31818181818182,7,635,38.45454545454545,24.363636363636363,635.0
211,2025-10-11,Starter,Latin America,Healthcare,Outbound Sales,0,21,24,74.41666666666667,1,1,2025-11-20 00:00:00,49,20.333333333333332,23.333333333333332,74.41666666666667,1,354,20.333333333333332,23.333333333333332,40.0
212,2026-06-24,Growth,Asia Pacific,SaaS,Outbound Sales,1,53,15,39.75,1,0,0,129,61.5,11.75,39.75,1,98,61.5,11.75,98.0
213,2026-05-20,Starter,Latin America,SaaS,Organic,1,67,11,75.4,0,0,0,49,67.6,11.0,75.4,0,133,67.6,11.0,133.0
214,2025-06-22,Growth,Asia Pacific,Manufacturing,Organic,1,51,21,72.4375,0,0,0,129,49.125,21.625,72.4375,0,465,49.125,21.625,465.0
215,2026-06-24,Starter,Latin America,Manufacturing,Paid Search,1,11,12,17.0,0,0,0,49,10.5,10.5,17.0,0,98,10.5,10.5,98.0
216,2025-06-12,Growth,Latin America,Education,Referral,1,59,8,82.375,3,0,0,129,57.1875,7.6875,82.375,3,475,57.1875,7.6875,475.0
217,2024-11-06,Growth,Asia Pacific,Healthcare,Outbound Sales,1,37,19,50.916666666666664,0,0,0,129,35.458333333333336,20.541666666666668,50.916666666666664,0,693,35.458333333333336,20.541666666666668,693.0
218,2025-01-10,Growth,Europe,Finance,Partner,1,43,16,70.61904761904762,1,1,2026-02-06 00:00:00,129,42.333333333333336,17.0,70.61904761904762,1,628,42.333333333333336,17.0,392.0
219,2026-08-07,Starter,Asia Pacific,Manufacturing,Referral,1,64,30,63.0,2,0,0,49,67.0,30.5,63.0,2,54,67.0,30.5,54.0
220,2024-12-29,Starter,North America,Manufacturing,Referral,1,50,3,28.40909090909091,1,0,0,49,48.68181818181818,2.5,28.40909090909091,1,640,48.68181818181818,2.5,640.0
221,2025-06-21,Starter,Europe,Education,Partner,0,58,15,56.125,2,0,0,49,57.125,14.375,56.125,2,466,57.125,14.375,466.0
222,2025-01-07,Starter,Latin America,Education,Partner,1,53,7,62.31818181818182,0,0,0,49,52.0,6.863636363636363,62.31818181818182,0,631,52.0,6.863636363636363,631.0
223,2024-12-01,Starter,Europe,Education,Referral,1,85,18,60.130434782608695,0,0,0,49,81.0,18.043478260869566,60.130434782608695,0,668,81.0,18.043478260869566,668.0
224,2025-10-03,Growth,North America,Healthcare,Partner,1,70,0,52.38461538461539,3,0,0,129,78.15384615384616,0.0,52.38461538461539,3,362,78.15384615384616,0.0,362.0
225,2025-01-10,Starter,Latin America,Education,Organic,1,78,30,43.666666666666664,1,0,0,49,79.52380952380952,27.523809523809526,43.666666666666664,1,628,79.52380952380952,27.523809523809526,628.0
226,2026-04-09,Starter,Europe,Finance,Organic,0,46,10,59.333333333333336,1,0,0,49,44.166666666666664,10.0,59.333333333333336,1,174,44.166666666666664,10.0,174.0
227,2025-06-30,Growth,Europe,Healthcare,Referral,0,72,11,85.3125,0,0,0,129,75.625,10.75,85.3125,0,457,75.625,10.75,457.0
228,2025-08-11,Starter,Asia Pacific,SaaS,Outbound Sales,1,78,6,84.57142857142857,0,0,0,49,79.21428571428571,5.642857142857143,84.57142857142857,0,415,79.21428571428571,5.642857142857143,415.0
229,2026-09-15,Starter,North America,Education,Partner,0,44,14,24.0,2,0,0,49,51.0,13.0,24.0,2,15,51.0,13.0,15.0
230,2026-03-11,Starter,Latin America,Manufacturing,Organic,0,17,27,29.571428571428573,0,1,2026-06-03 00:00:00,49,14.0,25.142857142857142,29.571428571428573,0,203,14.0,25.142857142857142,84.0
231,2026-05-05,Enterprise,Latin America,SaaS,Organic,0,29,19,27.2,1,0,0,399,24.2,18.4,27.2,1,148,24.2,18.4,148.0
232,2025-03-14,Starter,Asia Pacific,Manufacturing,Outbound Sales,1,12,12,68.36842105263158,0,0,0,49,11.157894736842104,10.736842105263158,68.36842105263158,0,565,11.157894736842104,10.736842105263158,565.0
233,2026-06-06,Starter,Europe,Education,Outbound Sales,0,13,11,74.75,0,0,0,49,11.5,10.0,74.75,0,116,11.5,10.0,116.0
234,2026-06-12,Starter,North America,Education,Referral,1,50,11,72.75,5,0,0,49,53.0,10.25,72.75,5,110,53.0,10.25,110.0
235,2026-02-26,Growth,Latin America,Finance,Paid Search,1,61,22,72.875,3,0,0,129,54.875,22.625,72.875,3,216,54.875,22.625,216.0
236,2025-07-05,Starter,Europe,Retail,Paid Search,0,34,10,74.5625,0,0,0,49,33.875,9.4375,74.5625,0,452,33.875,9.4375,452.0
237,2026-02-26,Growth,Europe,Manufacturing,Organic,1,61,11,32.25,0,0,0,129,61.875,11.0,32.25,0,216,61.875,11.0,216.0
238,2025-12-20,Starter,Latin America,Retail,Referral,1,28,16,73.3,2,0,0,49,27.2,16.2,73.3,2,284,27.2,16.2,284.0
239,2025-05-12,Starter,North America,Finance,Referral,0,28,21,55.0,0,0,0,49,27.58823529411765,20.235294117647058,55.0,0,506,27.58823529411765,20.235294117647058,506.0
240,2025-02-03,Starter,Latin America,SaaS,Organic,1,48,22,86.85714285714286,0,0,0,49,47.714285714285715,20.38095238095238,86.85714285714286,0,604,47.714285714285715,20.38095238095238,604.0
241,2025-02-06,Enterprise,Latin America,SaaS,Referral,1,33,8,49.95238095238095,1,0,0,399,33.476190476190474,7.666666666666667,49.95238095238095,1,601,33.476190476190474,7.666666666666667,601.0
242,2026-09-04,Enterprise,Latin America,SaaS,Organic,0,74,24,72.0,3,0,0,399,83.0,27.0,72.0,3,26,83.0,27.0,26.0
243,2026-01-14,Enterprise,Latin America,Retail,Referral,1,21,31,53.333333333333336,1,0,0,399,20.77777777777778,32.44444444444444,53.333333333333336,1,259,20.77777777777778,32.44444444444444,259.0
244,2025-10-27,Starter,Europe,Manufacturing,Paid Search,1,57,20,49.75,0,0,0,49,53.416666666666664,19.833333333333332,49.75,0,338,53.416666666666664,19.833333333333332,338.0
245,2026-01-06,Growth,North America,Finance,Paid Search,1,27,27,61.111111111111114,1,1,2026-05-21 00:00:00,129,21.666666666666668,24.22222222222222,61.111111111111114,1,267,21.666666666666668,24.22222222222222,135.0
246,2026-02-20,Starter,North America,Finance,Outbound Sales,1,52,14,48.0,4,0,0,49,51.875,12.625,48.0,4,222,51.875,12.625,222.0
247,2024-12-24,Starter,North America,Manufacturing,Partner,1,28,23,71.36363636363636,1,0,0,49,29.59090909090909,22.0,71.36363636363636,1,645,29.59090909090909,22.0,645.0
248,2026-09-19,Growth,Latin America,Healthcare,Organic,1,84,10,39.0,0,0,0,129,100.0,10.0,39.0,0,11,100.0,10.0,11.0
249,2026-08-30,Growth,North America,Retail,Paid Search,1,41,31,78.0,0,0,0,129,47.5,26.5,78.0,0,31,47.5,26.5,31.0
250,2026-08-22,Starter,Asia Pacific,Retail,Outbound Sales,1,46,8,27.5,5,0,0,49,39.5,6.0,27.5,5,39,39.5,6.0,39.0
251,2025-02-07,Growth,Asia Pacific,Finance,Outbound Sales,1,48,14,52.0,6,0,0,129,47.476190476190474,13.142857142857142,52.0,6,600,47.476190476190474,13.142857142857142,600.0
252,2024-12-31,Growth,Latin America,Education,Paid Search,1,34,16,52.86363636363637,1,0,0,129,34.54545454545455,14.818181818181818,52.86363636363637,1,638,34.54545454545455,14.818181818181818,638.0
253,2025-12-16,Starter,Europe,Manufacturing,Partner,1,51,23,59.6,0,0,0,49,51.6,22.0,59.6,0,288,51.6,22.0,288.0
254,2025-10-12,Growth,North America,Finance,Referral,1,48,22,60.0,2,0,0,129,46.333333333333336,20.666666666666668,60.0,2,353,46.333333333333336,20.666666666666668,353.0
255,2025-02-18,Enterprise,Asia Pacific,Manufacturing,Paid Search,0,55,13,90.65,3,0,0,399,55.6,13.2,90.65,3,589,55.6,13.2,589.0
256,2025-07-11,Growth,Asia Pacific,SaaS,Referral,0,41,22,60.266666666666666,1,0,0,129,41.666666666666664,21.733333333333334,60.266666666666666,1,446,41.666666666666664,21.733333333333334,446.0
257,2025-05-14,Growth,North America,Retail,Outbound Sales,1,72,18,45.11764705882353,0,0,0,129,71.05882352941177,17.0,45.11764705882353,0,504,71.05882352941177,17.0,504.0
258,2025-05-12,Starter,Latin America,SaaS,Referral,0,15,45,30.0,1,1,2026-03-12 00:00:00,49,14.058823529411764,47.1764705882353,30.0,1,506,14.058823529411764,47.1764705882353,304.0
259,2026-02-01,Starter,Asia Pacific,Healthcare,Paid Search,1,31,24,38.0,0,0,0,49,28.666666666666668,22.333333333333332,38.0,0,241,28.666666666666668,22.333333333333332,241.0
260,2025-03-22,Enterprise,Latin America,Retail,Referral,1,59,19,56.578947368421055,0,0,0,399,61.526315789473685,19.526315789473685,56.578947368421055,0,557,61.526315789473685,19.526315789473685,557.0
261,2026-01-05,Growth,Asia Pacific,Healthcare,Partner,1,28,25,44.44444444444444,1,0,0,129,27.77777777777778,19.555555555555557,44.44444444444444,1,268,27.77777777777778,19.555555555555557,268.0
262,2025-05-05,Starter,Asia Pacific,Retail,Outbound Sales,1,63,11,38.72222222222222,0,0,0,49,61.94444444444444,10.444444444444445,38.72222222222222,0,513,61.94444444444444,10.444444444444445,513.0
263,2025-08-11,Starter,Europe,Healthcare,Partner,1,31,27,56.0,4,0,0,49,31.071428571428573,25.357142857142858,56.0,4,415,31.071428571428573,25.357142857142858,415.0
264,2026-02-15,Growth,North America,SaaS,Outbound Sales,1,58,12,40.25,1,1,2026-05-19 00:00:00,129,59.25,11.125,40.25,1,227,59.25,11.125,93.0
265,2025-01-15,Growth,Latin America,Finance,Referral,1,58,21,74.28571428571429,0,0,0,129,59.38095238095238,21.095238095238095,74.28571428571429,0,623,59.38095238095238,21.095238095238095,623.0
266,2026-01-26,Starter,Europe,Healthcare,Outbound Sales,0,25,13,80.66666666666667,1,0,0,49,23.333333333333332,13.555555555555555,80.66666666666667,1,247,23.333333333333332,13.555555555555555,247.0
267,2026-05-16,Growth,Asia Pacific,Retail,Organic,1,38,36,62.8,2,0,0,129,37.8,36.0,62.8,2,137,37.8,36.0,137.0
268,2025-02-07,Growth,Asia Pacific,Finance,Organic,0,23,22,72.28571428571429,5,0,0,129,21.523809523809526,20.952380952380953,72.28571428571429,5,600,21.523809523809526,20.952380952380953,600.0
269,2024-12-20,Enterprise,North America,Retail,Referral,1,37,14,62.90909090909091,0,0,0,399,38.13636363636363,13.5,62.90909090909091,0,649,38.13636363636363,13.5,649.0
270,2026-08-28,Starter,Latin America,SaaS,Organic,1,36,21,46.5,1,1,2026-09-27 00:00:00,49,34.5,21.5,46.5,1,33,34.5,21.5,30.0
271,2025-02-02,Growth,Latin America,Manufacturing,Paid Search,1,46,41,22.571428571428573,0,0,0,129,46.714285714285715,38.857142857142854,22.571428571428573,0,605,46.714285714285715,38.857142857142854,605.0
272,2025-06-29,Starter,Latin America,Manufacturing,Referral,0,31,21,56.75,4,0,0,49,32.625,19.75,56.75,4,458,32.625,19.75,458.0
273,2025-04-18,Growth,Latin America,Manufacturing,Referral,0,45,18,49.611111111111114,0,1,2025-12-12 00:00:00,129,44.666666666666664,16.61111111111111,49.611111111111114,0,530,44.666666666666664,16.61111111111111,238.0
274,2026-03-11,Starter,North America,Healthcare,Outbound Sales,1,36,27,38.0,1,0,0,49,34.142857142857146,21.857142857142858,38.0,1,203,34.142857142857146,21.857142857142858,203.0
275,2026-03-06,Starter,Latin America,SaaS,Referral,1,48,17,71.42857142857143,4,0,0,49,51.285714285714285,15.428571428571429,71.42857142857143,4,208,51.285714285714285,15.428571428571429,208.0
276,2025-06-05,Enterprise,Latin America,Retail,Paid Search,0,58,17,54.11764705882353,2,0,0,399,57.470588235294116,15.058823529411764,54.11764705882353,2,482,57.470588235294116,15.058823529411764,482.0
277,2025-12-14,Enterprise,North America,Education,Paid Search,1,8,10,56.5,2,0,0,399,8.0,9.5,56.5,2,290,8.0,9.5,290.0
278,2024-12-29,Starter,Europe,Manufacturing,Paid Search,1,16,17,61.0,0,0,0,49,15.409090909090908,14.590909090909092,61.0,0,640,15.409090909090908,14.590909090909092,640.0
279,2025-04-16,Growth,Asia Pacific,Retail,Partner,1,68,26,75.44444444444444,2,0,0,129,64.16666666666667,28.27777777777778,75.44444444444444,2,532,64.16666666666667,28.27777777777778,532.0
280,2025-11-22,Enterprise,Europe,SaaS,Paid Search,1,14,6,83.72727272727273,0,0,0,399,12.0,5.363636363636363,83.72727272727273,0,312,12.0,5.363636363636363,312.0
281,2024-11-01,Starter,Asia Pacific,SaaS,Organic,1,42,21,41.791666666666664,0,0,0,49,41.333333333333336,19.291666666666668,41.791666666666664,0,698,41.333333333333336,19.291666666666668,698.0
282,2025-12-03,Enterprise,Latin America,Finance,Partner,1,42,20,29.09090909090909,3,0,0,399,38.45454545454545,18.454545454545453,29.09090909090909,3,301,38.45454545454545,18.454545454545453,301.0
283,2025-07-28,Growth,Asia Pacific,Finance,Organic,1,26,11,89.4,0,0,0,129,27.066666666666666,10.6,89.4,0,429,27.066666666666666,10.6,429.0
284,2026-02-07,Growth,Europe,Manufacturing,Paid Search,0,38,16,11.5,0,0,0,129,36.25,15.625,11.5,0,235,36.25,15.625,235.0
285,2025-08-18,Starter,Europe,SaaS,Referral,1,41,13,42.5,3,0,0,49,41.5,13.142857142857142,42.5,3,408,41.5,13.142857142857142,408.0
286,2026-01-06,Growth,Latin America,Healthcare,Partner,1,17,20,78.44444444444444,2,0,0,129,16.444444444444443,21.88888888888889,78.44444444444444,2,267,16.444444444444443,21.88888888888889,267.0
287,2026-05-22,Growth,Europe,Retail,Referral,1,52,7,70.2,0,1,2026-09-13 00:00:00,129,52.6,5.8,70.2,0,131,52.6,5.8,114.0
288,2026-03-12,Starter,Europe,Manufacturing,Partner,1,24,24,69.28571428571429,3,0,0,49,21.571428571428573,22.285714285714285,69.28571428571429,3,202,21.571428571428573,22.285714285714285,202.0
289,2025-04-06,Starter,Latin America,Healthcare,Paid Search,1,17,7,37.578947368421055,1,0,0,49,16.105263157894736,6.684210526315789,37.578947368421055,1,542,16.105263157894736,6.684210526315789,542.0
290,2025-05-12,Enterprise,North America,SaaS,Partner,0,17,20,16.11764705882353,5,0,0,399,16.823529411764707,19.647058823529413,16.11764705882353,5,506,16.823529411764707,19.647058823529413,506.0
291,2025-08-29,Starter,Asia Pacific,Manufacturing,Organic,1,25,22,58.785714285714285,0,0,0,49,25.071428571428573,23.5,58.785714285714285,0,397,25.071428571428573,23.5,397.0
292,2025-06-09,Starter,North America,Manufacturing,Referral,1,79,26,88.75,0,0,0,49,77.8125,26.9375,88.75,0,478,77.8125,26.9375,478.0
293,2024-12-28,Starter,Asia Pacific,Manufacturing,Referral,1,53,30,41.95454545454545,2,0,0,49,50.36363636363637,29.136363636363637,41.95454545454545,2,641,50.36363636363637,29.136363636363637,641.0
294,2026-06-15,Starter,Europe,Healthcare,Partner,0,79,22,84.0,0,0,0,49,84.25,20.0,84.0,0,107,84.25,20.0,107.0
295,2026-05-08,Starter,North America,Retail,Organic,1,62,16,5.2,0,1,2026-06-14 00:00:00,49,68.0,14.0,5.2,0,145,68.0,14.0,37.0
296,2025-09-16,Growth,North America,Healthcare,Partner,1,50,15,67.84615384615384,3,0,0,129,49.53846153846154,15.384615384615385,67.84615384615384,3,379,49.53846153846154,15.384615384615385,379.0
297,2024-12-27,Enterprise,North America,Healthcare,Outbound Sales,1,40,29,43.22727272727273,0,0,0,399,37.54545454545455,27.863636363636363,43.22727272727273,0,642,37.54545454545455,27.863636363636363,642.0
298,2024-12-20,Growth,Asia Pacific,Retail,Outbound Sales,1,43,23,65.5909090909091,3,0,0,129,41.45454545454545,22.272727272727273,65.5909090909091,3,649,41.45454545454545,22.272727272727273,649.0
299,2026-06-20,Enterprise,Latin America,Education,Referral,1,29,17,43.5,3,0,0,399,23.75,19.25,43.5,3,102,23.75,19.25,102.0
300,2026-03-02,Enterprise,Europe,Healthcare,Paid Search,1,42,16,55.875,3,0,0,399,41.75,14.625,55.875,3,212,41.75,14.625,212.0
301,2026-03-28,Growth,North America,Education,Paid Search,0,28,30,36.142857142857146,0,0,0,129,26.714285714285715,33.142857142857146,36.142857142857146,0,186,26.714285714285715,33.142857142857146,186.0
302,2026-04-26,Growth,North America,Retail,Outbound Sales,0,37,30,77.83333333333333,1,0,0,129,36.833333333333336,26.166666666666668,77.83333333333333,1,157,36.833333333333336,26.166666666666668,157.0
303,2025-04-09,Starter,Latin America,Healthcare,Organic,1,37,6,64.0,1,0,0,49,35.666666666666664,5.555555555555555,64.0,1,539,35.666666666666664,5.555555555555555,539.0
304,2024-12-27,Growth,Europe,Manufacturing,Organic,1,35,9,78.36363636363636,1,0,0,129,37.0,8.318181818181818,78.36363636363636,1,642,37.0,8.318181818181818,642.0
305,2026-04-03,Starter,Europe,Manufacturing,Partner,1,57,22,40.285714285714285,4,0,0,49,60.285714285714285,22.571428571428573,40.285714285714285,4,180,60.285714285714285,22.571428571428573,180.0
306,2025-01-20,Starter,Europe,Manufacturing,Partner,0,54,20,28.952380952380953,0,0,0,49,52.42857142857143,20.142857142857142,28.952380952380953,0,618,52.42857142857143,20.142857142857142,618.0
307,2025-05-08,Starter,Latin America,Manufacturing,Referral,1,36,31,75.05555555555556,2,0,0,49,37.55555555555556,30.833333333333332,75.05555555555556,2,510,37.55555555555556,30.833333333333332,510.0
308,2025-01-08,Enterprise,Asia Pacific,Finance,Outbound Sales,1,56,24,67.18181818181819,2,1,2025-12-08 00:00:00,399,58.36363636363637,22.227272727272727,67.18181818181819,2,630,58.36363636363637,22.227272727272727,334.0
309,2025-01-07,Starter,North America,Healthcare,Outbound Sales,0,39,26,55.81818181818182,0,1,2026-01-17 00:00:00,49,39.31818181818182,25.636363636363637,55.81818181818182,0,631,39.31818181818182,25.636363636363637,375.0
310,2025-06-27,Starter,Latin America,Retail,Organic,0,34,26,94.0625,3,0,0,49,37.6875,25.1875,94.0625,3,460,37.6875,25.1875,460.0
311,2025-12-17,Growth,Asia Pacific,Retail,Paid Search,1,78,32,70.1,1,0,0,129,76.0,32.9,70.1,1,287,76.0,32.9,287.0
312,2025-03-01,Starter,Europe,Finance,Organic,1,72,18,77.6,3,0,0,49,75.05,17.9,77.6,3,578,75.05,17.9,578.0
313,2026-06-05,Starter,Asia Pacific,Education,Outbound Sales,1,67,26,71.5,2,0,0,49,61.75,18.75,71.5,2,117,61.75,18.75,117.0
314,2025-07-09,Starter,Latin America,Manufacturing,Paid Search,1,24,15,58.4,0,0,0,49,23.0,13.933333333333334,58.4,0,448,23.0,13.933333333333334,448.0
315,2026-06-14,Growth,Asia Pacific,Finance,Outbound Sales,0,25,42,23.0,0,0,0,129,24.5,47.75,23.0,0,108,24.5,47.75,108.0
316,2026-06-30,Growth,Latin America,Finance,Referral,1,55,17,45.75,0,0,0,129,62.5,18.75,45.75,0,92,62.5,18.75,92.0
317,2024-12-09,Enterprise,Latin America,Manufacturing,Referral,1,57,11,65.43478260869566,0,0,0,399,56.34782608695652,10.478260869565217,65.43478260869566,0,660,56.34782608695652,10.478260869565217,660.0
318,2026-07-26,Growth,Europe,Manufacturing,Outbound Sales,1,46,1,38.0,2,0,0,129,40.666666666666664,0.3333333333333333,38.0,2,66,40.666666666666664,0.3333333333333333,66.0
319,2025-01-21,Growth,Asia Pacific,Finance,Paid Search,1,10,16,52.80952380952381,0,0,0,129,9.0,17.428571428571427,52.80952380952381,0,617,9.0,17.428571428571427,617.0
320,2026-01-02,Growth,Latin America,Finance,Referral,1,40,9,41.8,0,0,0,129,38.1,10.2,41.8,0,271,38.1,10.2,271.0
321,2026-09-03,Starter,North America,Education,Outbound Sales,1,37,20,21.0,2,0,0,49,28.0,27.0,21.0,2,27,28.0,27.0,27.0
322,2026-06-19,Growth,North America,Manufacturing,Paid Search,1,41,20,40.75,0,0,0,129,36.25,19.0,40.75,0,103,36.25,19.0,103.0
323,2026-05-31,Starter,Asia Pacific,Retail,Organic,1,27,6,65.4,0,0,0,49,22.4,6.0,65.4,0,122,22.4,6.0,122.0
324,2026-04-18,Growth,Europe,Education,Organic,0,4,0,89.66666666666667,1,0,0,129,3.0,0.0,89.66666666666667,1,165,3.0,0.0,165.0
325,2025-09-18,Starter,Latin America,Retail,Outbound Sales,1,63,18,79.92307692307692,1,0,0,49,62.53846153846154,18.76923076923077,79.92307692307692,1,377,62.53846153846154,18.76923076923077,377.0
326,2025-07-24,Enterprise,Latin America,SaaS,Partner,1,45,19,42.13333333333333,0,0,0,399,44.13333333333333,16.4,42.13333333333333,0,433,44.13333333333333,16.4,433.0
327,2025-05-27,Starter,North America,Manufacturing,Paid Search,0,72,32,46.8235294117647,2,0,0,49,72.47058823529412,34.05882352941177,46.8235294117647,2,491,72.47058823529412,34.05882352941177,491.0
328,2026-09-15,Enterprise,Latin America,SaaS,Referral,0,61,13,58.0,1,0,0,399,44.0,14.0,58.0,1,15,44.0,14.0,15.0
329,2025-09-16,Enterprise,Asia Pacific,Manufacturing,Outbound Sales,1,50,21,15.384615384615385,5,0,0,399,48.76923076923077,19.846153846153847,15.384615384615385,5,379,48.76923076923077,19.846153846153847,379.0
330,2025-07-01,Starter,Europe,Healthcare,Partner,0,33,23,58.5,3,0,0,49,33.0625,21.0,58.5,3,456,33.0625,21.0,456.0
331,2025-07-28,Growth,Asia Pacific,Retail,Paid Search,1,52,19,91.8,1,0,0,129,51.0,19.666666666666668,91.8,1,429,51.0,19.666666666666668,429.0
332,2025-12-09,Starter,North America,Healthcare,Outbound Sales,1,39,30,61.9,0,0,0,49,38.3,33.2,61.9,0,295,38.3,33.2,295.0
333,2025-03-13,Starter,North America,Finance,Organic,0,13,15,48.10526315789474,0,0,0,49,13.68421052631579,15.31578947368421,48.10526315789474,0,566,13.68421052631579,15.31578947368421,566.0
334,2026-09-17,Starter,Europe,Finance,Organic,1,51,33,57.0,0,0,0,49,36.0,42.0,57.0,0,13,36.0,42.0,13.0
335,2026-08-21,Enterprise,Latin America,Manufacturing,Paid Search,1,36,30,33.5,0,0,0,399,32.5,27.0,33.5,0,40,32.5,27.0,40.0
336,2025-09-02,Starter,Europe,Healthcare,Outbound Sales,1,12,9,75.07142857142857,0,0,0,49,11.0,8.071428571428571,75.07142857142857,0,393,11.0,8.071428571428571,393.0
337,2026-02-10,Growth,Latin America,Finance,Paid Search,0,33,1,84.875,3,0,0,129,35.125,0.625,84.875,3,232,35.125,0.625,232.0
338,2025-09-18,Starter,Latin America,Healthcare,Outbound Sales,1,38,25,50.92307692307692,1,0,0,49,35.84615384615385,22.53846153846154,50.92307692307692,1,377,35.84615384615385,22.53846153846154,377.0
339,2025-01-12,Enterprise,Latin America,Healthcare,Organic,1,24,25,52.095238095238095,1,0,0,399,23.047619047619047,22.952380952380953,52.095238095238095,1,626,23.047619047619047,22.952380952380953,626.0
340,2024-11-08,Starter,Latin America,Education,Referral,0,59,23,34.291666666666664,1,0,0,49,56.166666666666664,20.25,34.291666666666664,1,691,56.166666666666664,20.25,691.0
341,2026-02-11,Enterprise,Asia Pacific,Finance,Organic,1,47,18,42.625,4,0,0,399,42.25,16.5,42.625,4,231,42.25,16.5,231.0
342,2026-07-28,Enterprise,Europe,Finance,Organic,1,44,18,42.0,1,0,0,399,45.666666666666664,13.666666666666666,42.0,1,64,45.666666666666664,13.666666666666666,64.0
343,2026-05-29,Enterprise,Latin America,Healthcare,Referral,1,58,18,69.6,0,0,0,399,55.2,16.8,69.6,0,124,55.2,16.8,124.0
344,2025-02-09,Starter,North America,Healthcare,Partner,1,30,20,50.7,2,0,0,49,29.2,18.95,50.7,2,598,29.2,18.95,598.0
345,2025-01-13,Enterprise,North America,Healthcare,Partner,1,72,15,46.476190476190474,0,0,0,399,75.33333333333333,13.714285714285714,46.476190476190474,0,625,75.33333333333333,13.714285714285714,625.0
346,2026-05-03,Starter,North America,Finance,Organic,1,60,22,37.666666666666664,0,0,0,49,57.666666666666664,19.166666666666668,37.666666666666664,0,150,57.666666666666664,19.166666666666668,150.0
347,2025-06-05,Starter,North America,SaaS,Referral,1,68,13,57.23529411764706,1,0,0,49,69.58823529411765,11.117647058823529,57.23529411764706,1,482,69.58823529411765,11.117647058823529,482.0
348,2026-04-01,Growth,Europe,Manufacturing,Partner,1,27,24,66.14285714285714,0,0,0,129,28.571428571428573,22.142857142857142,66.14285714285714,0,182,28.571428571428573,22.142857142857142,182.0
349,2025-07-28,Starter,North America,Manufacturing,Paid Search,1,34,18,65.93333333333334,0,0,0,49,31.6,19.933333333333334,65.93333333333334,0,429,31.6,19.933333333333334,429.0
350,2025-03-14,Growth,Europe,Manufacturing,Partner,1,25,18,23.473684210526315,0,0,0,129,25.05263157894737,17.57894736842105,23.473684210526315,0,565,25.05263157894737,17.57894736842105,565.0
351,2025-10-22,Growth,Latin America,Finance,Referral,1,53,21,42.666666666666664,0,0,0,129,50.333333333333336,22.333333333333332,42.666666666666664,0,343,50.333333333333336,22.333333333333332,343.0
352,2025-01-08,Starter,Europe,Manufacturing,Partner,1,39,8,50.5,0,0,0,49,37.54545454545455,6.545454545454546,50.5,0,630,37.54545454545455,6.545454545454546,630.0
353,2025-07-07,Starter,North America,Retail,Outbound Sales,1,34,20,76.875,0,0,0,49,36.25,19.8125,76.875,0,450,36.25,19.8125,450.0
354,2025-11-12,Starter,Asia Pacific,Retail,Partner,1,35,29,52.54545454545455,3,0,0,49,39.90909090909091,26.09090909090909,52.54545454545455,3,322,39.90909090909091,26.09090909090909,322.0
355,2025-08-17,Growth,North America,Education,Paid Search,1,50,15,57.214285714285715,0,0,0,129,47.0,15.142857142857142,57.214285714285715,0,409,47.0,15.142857142857142,409.0
356,2025-04-09,Enterprise,Europe,Healthcare,Referral,0,12,26,70.94444444444444,1,0,0,399,11.166666666666666,27.77777777777778,70.94444444444444,1,539,11.166666666666666,27.77777777777778,539.0
357,2026-01-21,Enterprise,Latin America,Manufacturing,Referral,0,71,14,79.11111111111111,0,0,0,399,69.77777777777777,13.0,79.11111111111111,0,252,69.77777777777777,13.0,252.0
358,2026-05-09,Starter,North America,SaaS,Paid Search,1,66,12,34.4,2,0,0,49,67.6,10.4,34.4,2,144,67.6,10.4,144.0
359,2025-09-04,Starter,Latin America,SaaS,Paid Search,0,41,11,36.214285714285715,0,0,0,49,40.42857142857143,10.071428571428571,36.214285714285715,0,391,40.42857142857143,10.071428571428571,391.0
360,2026-07-18,Starter,North America,Manufacturing,Partner,1,51,10,41.666666666666664,0,1,2026-09-27 00:00:00,49,54.666666666666664,9.0,41.666666666666664,0,74,54.666666666666664,9.0,71.0
361,2026-04-24,Enterprise,Asia Pacific,Healthcare,Organic,1,53,23,64.0,2,0,0,399,54.333333333333336,18.666666666666668,64.0,2,159,54.333333333333336,18.666666666666668,159.0
362,2024-11-07,Growth,Europe,Retail,Paid Search,1,24,9,71.95833333333333,2,0,0,129,24.541666666666668,8.5,71.95833333333333,2,692,24.541666666666668,8.5,692.0
363,2026-09-13,Starter,Europe,Healthcare,Organic,1,22,11,76.0,0,0,0,49,19.0,10.0,76.0,0,17,19.0,10.0,17.0
364,2026-05-20,Starter,Europe,Retail,Partner,0,34,24,81.8,1,0,0,49,31.6,20.2,81.8,1,133,31.6,20.2,133.0
365,2025-09-01,Starter,North America,Healthcare,Outbound Sales,1,28,28,68.07142857142857,1,0,0,49,25.785714285714285,29.5,68.07142857142857,1,394,25.785714285714285,29.5,394.0
366,2026-09-09,Starter,Europe,Education,Referral,1,37,22,39.0,3,0,0,49,44.0,29.0,39.0,3,21,44.0,29.0,21.0
367,2025-02-13,Starter,Europe,Finance,Organic,1,25,18,72.55,0,0,0,49,24.4,17.55,72.55,0,594,24.4,17.55,594.0
368,2025-03-16,Starter,Latin America,Retail,Partner,0,86,25,90.15789473684211,0,0,0,49,80.94736842105263,25.105263157894736,90.15789473684211,0,563,80.94736842105263,25.105263157894736,563.0
369,2025-07-27,Growth,Latin America,Retail,Paid Search,1,45,34,25.2,2,0,0,129,43.2,31.266666666666666,25.2,2,430,43.2,31.266666666666666,430.0
370,2025-02-25,Starter,Asia Pacific,Retail,Paid Search,1,34,11,0.0,0,0,0,49,34.1,10.55,0.0,0,582,34.1,10.55,582.0
371,2025-02-16,Growth,Asia Pacific,Retail,Paid Search,0,35,25,72.95,2,0,0,129,35.45,22.75,72.95,2,591,35.45,22.75,591.0
372,2026-05-19,Starter,North America,Education,Paid Search,1,80,22,31.0,2,0,0,49,75.2,18.2,31.0,2,134,75.2,18.2,134.0
373,2025-04-07,Starter,Europe,SaaS,Outbound Sales,1,52,8,55.89473684210526,1,0,0,49,53.21052631578947,7.052631578947368,55.89473684210526,1,541,53.21052631578947,7.052631578947368,541.0
374,2025-08-04,Growth,Asia Pacific,Finance,Paid Search,1,38,7,57.86666666666667,0,0,0,129,36.13333333333333,7.2,57.86666666666667,0,422,36.13333333333333,7.2,422.0
375,2025-08-14,Enterprise,North America,Finance,Partner,1,45,40,59.357142857142854,0,0,0,399,46.0,39.92857142857143,59.357142857142854,0,412,46.0,39.92857142857143,412.0
376,2026-07-11,Enterprise,Latin America,Manufacturing,Outbound Sales,0,29,25,82.66666666666667,5,0,0,399,29.0,30.0,82.66666666666667,5,81,29.0,30.0,81.0
377,2025-06-02,Growth,Europe,Healthcare,Partner,1,58,8,35.88235294117647,2,0,0,129,60.1764705882353,7.176470588235294,35.88235294117647,2,485,60.1764705882353,7.176470588235294,485.0
378,2025-10-16,Growth,Asia Pacific,Manufacturing,Outbound Sales,0,68,17,0.0,1,0,0,129,71.08333333333333,15.666666666666666,0.0,1,349,71.08333333333333,15.666666666666666,349.0
379,2025-05-26,Starter,Europe,Healthcare,Organic,1,56,2,61.94117647058823,0,0,0,49,59.411764705882355,1.4705882352941178,61.94117647058823,0,492,59.411764705882355,1.4705882352941178,492.0
380,2026-08-10,Starter,Europe,Education,Partner,1,63,15,68.0,0,0,0,49,61.0,17.5,68.0,0,51,61.0,17.5,51.0
381,2025-07-27,Enterprise,Latin America,Healthcare,Partner,1,5,14,85.46666666666667,3,0,0,399,4.666666666666667,14.466666666666667,85.46666666666667,3,430,4.666666666666667,14.466666666666667,430.0
382,2026-03-31,Growth,North America,Healthcare,Outbound Sales,1,44,31,76.71428571428571,0,0,0,129,44.285714285714285,28.0,76.71428571428571,0,183,44.285714285714285,28.0,183.0
383,2026-03-14,Growth,North America,Education,Outbound Sales,0,43,2,65.57142857142857,0,0,0,129,48.285714285714285,1.1428571428571428,65.57142857142857,0,200,48.285714285714285,1.1428571428571428,200.0
384,2025-07-14,Starter,Asia Pacific,Healthcare,Partner,1,14,19,40.733333333333334,2,0,0,49,12.466666666666667,17.333333333333332,40.733333333333334,2,443,12.466666666666667,17.333333333333332,443.0
385,2024-12-21,Growth,Europe,Retail,Referral,1,76,5,61.54545454545455,2,0,0,129,73.45454545454545,4.636363636363637,61.54545454545455,2,648,73.45454545454545,4.636363636363637,648.0
386,2025-02-01,Enterprise,Asia Pacific,Healthcare,Partner,0,53,26,71.95238095238095,5,0,0,399,49.38095238095238,25.047619047619047,71.95238095238095,5,606,49.38095238095238,25.047619047619047,606.0
387,2026-08-10,Enterprise,North America,SaaS,Partner,1,69,8,13.0,1,0,0,399,51.5,8.0,13.0,1,51,51.5,8.0,51.0
388,2026-01-06,Starter,Asia Pacific,Retail,Outbound Sales,1,21,26,52.77777777777778,3,0,0,49,20.77777777777778,28.333333333333332,52.77777777777778,3,267,20.77777777777778,28.333333333333332,267.0
389,2025-08-09,Starter,Latin America,SaaS,Referral,1,21,4,54.214285714285715,0,0,0,49,20.571428571428573,3.5,54.214285714285715,0,417,20.571428571428573,3.5,417.0
390,2024-12-14,Growth,Latin America,Manufacturing,Outbound Sales,1,64,0,36.95454545454545,0,0,0,129,67.63636363636364,0.0,36.95454545454545,0,655,67.63636363636364,0.0,655.0
391,2024-11-02,Starter,North America,Education,Paid Search,1,28,15,46.875,2,0,0,49,26.416666666666668,13.75,46.875,2,697,26.416666666666668,13.75,697.0
392,2025-10-06,Growth,Europe,Retail,Organic,1,58,15,45.0,0,0,0,129,54.75,14.916666666666666,45.0,0,359,54.75,14.916666666666666,359.0
393,2025-03-12,Growth,Latin America,Manufacturing,Organic,1,29,14,84.52631578947368,0,0,0,129,28.57894736842105,13.105263157894736,84.52631578947368,0,567,28.57894736842105,13.105263157894736,567.0
394,2026-08-13,Enterprise,Europe,SaaS,Outbound Sales,1,17,26,40.5,1,0,0,399,20.0,28.5,40.5,1,48,20.0,28.5,48.0
395,2025-07-25,Growth,Asia Pacific,Retail,Paid Search,0,56,11,72.2,0,0,0,129,55.666666666666664,10.933333333333334,72.2,0,432,55.666666666666664,10.933333333333334,432.0
396,2025-04-13,Enterprise,North America,Retail,Organic,1,0,22,78.44444444444444,0,1,2026-05-27 00:00:00,399,0.0,22.38888888888889,78.44444444444444,0,535,0.0,22.38888888888889,409.0
397,2026-01-25,Starter,Asia Pacific,Manufacturing,Partner,1,19,30,66.77777777777777,0,0,0,49,19.444444444444443,29.0,66.77777777777777,0,248,19.444444444444443,29.0,248.0
398,2026-05-17,Starter,North America,Finance,Referral,1,49,7,55.4,0,0,0,49,50.6,6.8,55.4,0,136,50.6,6.8,136.0
399,2026-01-10,Starter,Europe,Finance,Paid Search,0,14,31,86.66666666666667,4,0,0,49,14.555555555555555,32.333333333333336,86.66666666666667,4,263,14.555555555555555,32.333333333333336,263.0
400,2026-05-27,Starter,Asia Pacific,Education,Paid Search,1,83,19,82.4,2,1,2026-06-27 00:00:00,49,75.2,16.6,82.4,2,126,75.2,16.6,31.0
401,2025-02-21,Starter,Europe,Finance,Partner,1,42,13,84.0,0,0,0,49,40.55,12.15,84.0,0,586,40.55,12.15,586.0
402,2025-01-15,Growth,North America,Healthcare,Partner,1,37,19,55.19047619047619,0,0,0,129,35.57142857142857,20.952380952380953,55.19047619047619,0,623,35.57142857142857,20.952380952380953,623.0
403,2025-03-31,Starter,Asia Pacific,Manufacturing,Paid Search,1,87,22,50.421052631578945,0,0,0,49,87.42105263157895,21.57894736842105,50.421052631578945,0,548,87.42105263157895,21.57894736842105,548.0
404,2026-05-11,Starter,Europe,Manufacturing,Organic,1,40,19,57.4,0,0,0,49,41.4,16.8,57.4,0,142,41.4,16.8,142.0
405,2024-12-05,Starter,Latin America,Retail,Referral,1,68,29,54.391304347826086,1,0,0,49,67.3913043478261,26.695652173913043,54.391304347826086,1,664,67.3913043478261,26.695652173913043,664.0
406,2025-11-12,Starter,Europe,Healthcare,Paid Search,1,43,10,79.72727272727273,0,0,0,49,43.54545454545455,8.272727272727273,79.72727272727273,0,322,43.54545454545455,8.272727272727273,322.0
407,2026-06-18,Starter,Asia Pacific,Retail,Paid Search,1,38,11,71.25,1,0,0,49,43.25,12.25,71.25,1,104,43.25,12.25,104.0
408,2026-05-18,Growth,Europe,Manufacturing,Partner,1,53,5,24.8,3,0,0,129,48.8,4.6,24.8,3,135,48.8,4.6,135.0
409,2025-03-30,Starter,Asia Pacific,Finance,Outbound Sales,1,52,0,68.78947368421052,0,0,0,49,48.68421052631579,0.0,68.78947368421052,0,549,48.68421052631579,0.0,549.0
410,2026-01-13,Growth,Europe,Finance,Outbound Sales,1,60,9,51.77777777777778,0,0,0,129,58.111111111111114,7.777777777777778,51.77777777777778,0,260,58.111111111111114,7.777777777777778,260.0
411,2025-03-09,Enterprise,Latin America,Education,Organic,1,17,9,38.65,1,0,0,399,16.5,8.2,38.65,1,570,16.5,8.2,570.0
412,2024-12-11,Starter,Asia Pacific,Education,Outbound Sales,1,30,27,47.63636363636363,0,0,0,49,29.90909090909091,27.90909090909091,47.63636363636363,0,658,29.90909090909091,27.90909090909091,658.0
413,2025-09-10,Growth,Asia Pacific,Education,Paid Search,1,41,9,64.38461538461539,0,0,0,129,37.92307692307692,8.153846153846153,64.38461538461539,0,385,37.92307692307692,8.153846153846153,385.0
414,2025-11-07,Starter,North America,Manufacturing,Referral,1,37,23,57.18181818181818,0,0,0,49,37.54545454545455,24.636363636363637,57.18181818181818,0,327,37.54545454545455,24.636363636363637,327.0
415,2024-12-09,Starter,Europe,SaaS,Outbound Sales,1,64,18,73.91304347826087,0,0,0,49,65.04347826086956,17.956521739130434,73.91304347826087,0,660,65.04347826086956,17.956521739130434,660.0
416,2025-10-31,Growth,Asia Pacific,SaaS,Referral,1,48,10,50.416666666666664,0,0,0,129,48.5,10.0,50.416666666666664,0,334,48.5,10.0,334.0
417,2025-06-02,Starter,North America,Education,Partner,1,83,8,28.0,0,0,0,49,82.23529411764706,7.764705882352941,28.0,0,485,82.23529411764706,7.764705882352941,485.0
418,2026-09-28,Starter,North America,Finance,Organic,1,46,9,40.0,0,0,0,49,38.0,11.0,40.0,0,2,38.0,11.0,2.0
419,2025-07-12,Growth,Asia Pacific,Retail,Paid Search,0,37,15,22.6,0,0,0,129,35.733333333333334,12.666666666666666,22.6,0,445,35.733333333333334,12.666666666666666,445.0
420,2026-09-12,Starter,Asia Pacific,Retail,Outbound Sales,1,23,18,81.0,1,0,0,49,28.0,16.0,81.0,1,18,28.0,16.0,18.0
421,2025-02-12,Growth,North America,Retail,Outbound Sales,1,52,11,21.2,3,0,0,129,52.45,10.4,21.2,3,595,52.45,10.4,595.0
422,2025-10-27,Growth,Latin America,Education,Referral,1,45,18,57.333333333333336,2,0,0,129,44.916666666666664,16.75,57.333333333333336,2,338,44.916666666666664,16.75,338.0
423,2026-05-26,Starter,Asia Pacific,Manufacturing,Outbound Sales,1,35,16,48.2,0,0,0,49,34.2,12.4,48.2,0,127,34.2,12.4,127.0
424,2025-12-20,Enterprise,Asia Pacific,Education,Partner,0,22,12,74.0,0,0,0,399,21.0,11.6,74.0,0,284,21.0,11.6,284.0
425,2026-07-27,Starter,Asia Pacific,SaaS,Referral,1,37,12,62.333333333333336,1,0,0,49,39.333333333333336,12.0,62.333333333333336,1,65,39.333333333333336,12.0,65.0
426,2025-04-06,Growth,Latin America,Healthcare,Outbound Sales,1,51,23,64.78947368421052,4,0,0,129,54.05263157894737,21.0,64.78947368421052,4,542,54.05263157894737,21.0,542.0
427,2025-06-29,Growth,Asia Pacific,Manufacturing,Partner,1,40,32,60.6875,3,0,0,129,41.5625,32.8125,60.6875,3,458,41.5625,32.8125,458.0
428,2025-04-14,Growth,North America,Healthcare,Organic,1,69,21,63.888888888888886,3,0,0,129,69.61111111111111,19.77777777777778,63.888888888888886,3,534,69.61111111111111,19.77777777777778,534.0
429,2025-04-29,Growth,North America,Education,Organic,1,51,9,47.77777777777778,3,0,0,129,50.22222222222222,8.88888888888889,47.77777777777778,3,519,50.22222222222222,8.88888888888889,519.0
430,2025-12-26,Starter,Asia Pacific,Healthcare,Partner,1,33,13,87.3,0,1,2026-01-31 00:00:00,49,33.0,12.4,87.3,0,278,33.0,12.4,36.0
431,2025-05-01,Growth,North America,Retail,Outbound Sales,1,37,15,53.611111111111114,0,0,0,129,38.333333333333336,14.055555555555555,53.611111111111114,0,517,38.333333333333336,14.055555555555555,517.0
432,2025-10-05,Starter,Europe,SaaS,Partner,1,25,5,91.84615384615384,1,0,0,49,24.615384615384617,4.769230769230769,91.84615384615384,1,360,24.615384615384617,4.769230769230769,360.0
433,2025-12-25,Growth,North America,Healthcare,Organic,1,69,24,78.2,0,0,0,129,70.6,23.1,78.2,0,279,70.6,23.1,279.0
434,2026-09-15,Enterprise,Europe,SaaS,Referral,0,6,21,76.0,0,0,0,399,5.0,16.0,76.0,0,15,5.0,16.0,15.0
435,2025-07-11,Starter,Europe,SaaS,Organic,1,23,11,68.33333333333333,0,0,0,49,22.8,9.466666666666667,68.33333333333333,0,446,22.8,9.466666666666667,446.0
436,2025-07-30,Growth,Latin America,Manufacturing,Paid Search,1,65,28,46.13333333333333,4,0,0,129,66.86666666666666,27.466666666666665,46.13333333333333,4,427,66.86666666666666,27.466666666666665,427.0
437,2025-04-11,Growth,Asia Pacific,Retail,Referral,1,34,18,26.166666666666668,1,0,0,129,33.333333333333336,18.166666666666668,26.166666666666668,1,537,33.333333333333336,18.166666666666668,537.0
438,2025-02-17,Enterprise,North America,Finance,Paid Search,1,54,10,80.1,0,0,0,399,52.55,9.1,80.1,0,590,52.55,9.1,590.0
439,2025-11-25,Starter,Asia Pacific,Manufacturing,Outbound Sales,0,29,11,73.0909090909091,0,0,0,49,29.0,10.545454545454545,73.0909090909091,0,309,29.0,10.545454545454545,309.0
440,2024-12-08,Starter,Europe,Education,Referral,0,18,1,58.30434782608695,0,0,0,49,16.73913043478261,0.43478260869565216,58.30434782608695,0,661,16.73913043478261,0.43478260869565216,661.0
441,2026-02-23,Starter,Asia Pacific,Retail,Organic,1,63,21,52.25,1,0,0,49,63.625,21.25,52.25,1,219,63.625,21.25,219.0
442,2025-06-14,Starter,Asia Pacific,Education,Paid Search,1,19,16,65.0,0,0,0,49,18.125,16.6875,65.0,0,473,18.125,16.6875,473.0
443,2025-05-22,Starter,Latin America,Manufacturing,Referral,1,40,7,48.76470588235294,0,0,0,49,38.76470588235294,6.235294117647059,48.76470588235294,0,496,38.76470588235294,6.235294117647059,496.0
444,2026-02-13,Growth,Europe,Education,Organic,1,51,16,62.0,0,0,0,129,48.875,16.25,62.0,0,229,48.875,16.25,229.0
445,2025-10-23,Starter,North America,Education,Partner,1,45,28,82.91666666666667,2,0,0,49,40.333333333333336,30.083333333333332,82.91666666666667,2,342,40.333333333333336,30.083333333333332,342.0
446,2025-09-07,Growth,North America,SaaS,Organic,0,42,20,73.3076923076923,0,0,0,129,38.92307692307692,17.923076923076923,73.3076923076923,0,388,38.92307692307692,17.923076923076923,388.0
447,2025-06-20,Starter,Latin America,Manufacturing,Paid Search,1,69,21,45.1875,2,0,0,49,67.375,20.6875,45.1875,2,467,67.375,20.6875,467.0
448,2025-06-15,Growth,Latin America,SaaS,Referral,1,30,16,32.9375,1,0,0,129,29.5625,14.5,32.9375,1,472,29.5625,14.5,472.0
449,2024-11-23,Starter,North America,Finance,Paid Search,1,47,13,48.73913043478261,0,0,0,49,46.52173913043478,12.043478260869565,48.73913043478261,0,676,46.52173913043478,12.043478260869565,676.0
450,2026-09-05,Starter,North America,Education,Organic,1,41,9,52.0,0,0,0,49,46.0,8.0,52.0,0,25,46.0,8.0,25.0
451,2025-05-15,Enterprise,Latin America,Retail,Referral,1,10,14,67.23529411764706,0,0,0,399,9.117647058823529,12.352941176470589,67.23529411764706,0,503,9.117647058823529,12.352941176470589,503.0
452,2025-12-12,Growth,North America,SaaS,Organic,1,57,18,61.1,2,0,0,129,51.4,16.6,61.1,2,292,51.4,16.6,292.0
453,2025-10-01,Starter,Latin America,Education,Referral,1,84,16,69.92307692307692,0,0,0,49,75.46153846153847,17.307692307692307,69.92307692307692,0,364,75.46153846153847,17.307692307692307,364.0
454,2025-08-11,Enterprise,Asia Pacific,SaaS,Outbound Sales,0,53,13,71.07142857142857,0,0,0,399,53.57142857142857,12.214285714285714,71.07142857142857,0,415,53.57142857142857,12.214285714285714,415.0
455,2025-01-09,Enterprise,Asia Pacific,Manufacturing,Outbound Sales,0,38,26,87.33333333333333,0,0,0,399,35.857142857142854,25.428571428571427,87.33333333333333,0,629,35.857142857142854,25.428571428571427,629.0
456,2025-08-11,Growth,Latin America,Manufacturing,Outbound Sales,1,26,20,88.64285714285714,0,0,0,129,24.5,21.714285714285715,88.64285714285714,0,415,24.5,21.714285714285715,415.0
457,2025-10-24,Growth,North America,Finance,Referral,0,27,0,39.0,0,0,0,129,26.916666666666668,0.0,39.0,0,341,26.916666666666668,0.0,341.0
458,2026-08-17,Starter,Europe,Retail,Organic,1,42,9,17.5,0,0,0,49,43.0,9.0,17.5,0,44,43.0,9.0,44.0
459,2026-04-04,Enterprise,Europe,Healthcare,Outbound Sales,1,39,26,52.166666666666664,0,0,0,399,36.666666666666664,23.5,52.166666666666664,0,179,36.666666666666664,23.5,179.0
460,2025-12-13,Starter,Latin America,Healthcare,Partner,1,118,27,50.1,2,0,0,49,120.3,27.2,50.1,2,291,120.3,27.2,291.0
461,2026-09-25,Growth,Asia Pacific,Education,Referral,1,55,23,69.0,2,0,0,129,48.0,19.0,69.0,2,5,48.0,19.0,5.0
462,2026-05-02,Growth,North America,Healthcare,Paid Search,1,30,22,61.0,3,0,0,129,26.333333333333332,19.5,61.0,3,151,26.333333333333332,19.5,151.0
463,2025-10-04,Growth,North America,Healthcare,Referral,1,65,26,57.07692307692308,1,0,0,129,65.92307692307692,25.923076923076923,57.07692307692308,1,361,65.92307692307692,25.923076923076923,361.0
464,2024-11-27,Starter,Asia Pacific,SaaS,Outbound Sales,1,32,1,70.21739130434783,1,0,0,49,31.52173913043478,0.6086956521739131,70.21739130434783,1,672,31.52173913043478,0.6086956521739131,672.0
465,2025-02-25,Starter,North America,Retail,Outbound Sales,1,53,22,30.5,1,0,0,49,51.95,20.75,30.5,1,582,51.95,20.75,582.0
466,2025-07-24,Growth,North America,Finance,Outbound Sales,0,28,13,66.13333333333334,1,0,0,129,26.066666666666666,11.6,66.13333333333334,1,433,26.066666666666666,11.6,433.0
467,2025-04-30,Starter,North America,Manufacturing,Organic,1,35,23,91.33333333333333,0,0,0,49,33.666666666666664,23.72222222222222,91.33333333333333,0,518,33.666666666666664,23.72222222222222,518.0
468,2026-06-16,Growth,Asia Pacific,Retail,Organic,1,45,17,50.75,1,0,0,129,38.75,17.0,50.75,1,106,38.75,17.0,106.0
469,2025-07-28,Starter,Asia Pacific,Healthcare,Paid Search,1,19,28,63.06666666666667,3,0,0,49,18.466666666666665,30.333333333333332,63.06666666666667,3,429,18.466666666666665,30.333333333333332,429.0
470,2024-12-08,Starter,North America,Finance,Paid Search,1,66,8,2.5652173913043477,1,0,0,49,63.91304347826087,7.913043478260869,2.5652173913043477,1,661,63.91304347826087,7.913043478260869,661.0
471,2025-02-18,Enterprise,North America,SaaS,Paid Search,0,63,35,79.35,0,0,0,399,63.25,33.65,79.35,0,589,63.25,33.65,589.0
472,2026-07-02,Growth,Latin America,Retail,Referral,1,36,27,59.0,3,0,0,129,32.0,26.0,59.0,3,90,32.0,26.0,90.0
473,2026-01-17,Enterprise,Latin America,Manufacturing,Outbound Sales,0,47,8,37.888888888888886,0,0,0,399,50.666666666666664,8.11111111111111,37.888888888888886,0,256,50.666666666666664,8.11111111111111,256.0
474,2025-10-18,Growth,Latin America,Finance,Referral,1,63,22,50.416666666666664,0,0,0,129,66.33333333333333,22.5,50.416666666666664,0,347,66.33333333333333,22.5,347.0
475,2025-09-16,Starter,North America,Education,Partner,1,39,15,80.15384615384616,5,0,0,49,39.15384615384615,16.46153846153846,80.15384615384616,5,379,39.15384615384615,16.46153846153846,379.0
476,2026-01-19,Starter,Latin America,Education,Outbound Sales,1,40,16,50.77777777777778,4,0,0,49,42.77777777777778,13.777777777777779,50.77777777777778,4,254,42.77777777777778,13.777777777777779,254.0
477,2026-07-12,Starter,North America,SaaS,Partner,0,56,13,25.666666666666668,0,0,0,49,53.666666666666664,16.666666666666668,25.666666666666668,0,80,53.666666666666664,16.666666666666668,80.0
478,2026-04-06,Enterprise,Europe,Finance,Organic,1,29,23,35.333333333333336,6,0,0,399,24.166666666666668,21.833333333333332,35.333333333333336,6,177,24.166666666666668,21.833333333333332,177.0
479,2025-02-25,Starter,Europe,Finance,Partner,1,77,15,54.3,0,0,0,49,75.45,14.05,54.3,0,582,75.45,14.05,582.0
480,2025-11-28,Starter,Europe,SaaS,Referral,1,38,25,67.54545454545455,0,0,0,49,40.63636363636363,26.363636363636363,67.54545454545455,0,306,40.63636363636363,26.363636363636363,306.0
481,2026-06-12,Growth,Europe,Finance,Organic,1,14,22,67.5,2,0,0,129,12.0,19.0,67.5,2,110,12.0,19.0,110.0
482,2025-05-12,Starter,Asia Pacific,Retail,Organic,1,73,28,59.05882352941177,3,0,0,49,75.0,26.823529411764707,59.05882352941177,3,506,75.0,26.823529411764707,506.0
483,2025-07-17,Enterprise,Europe,SaaS,Paid Search,0,29,17,57.733333333333334,1,0,0,399,29.0,17.066666666666666,57.733333333333334,1,440,29.0,17.066666666666666,440.0
484,2024-12-14,Growth,Asia Pacific,Finance,Partner,1,51,27,61.45454545454545,2,0,0,129,49.5,24.454545454545453,61.45454545454545,2,655,49.5,24.454545454545453,655.0
485,2026-01-19,Growth,Asia Pacific,Education,Outbound Sales,1,35,10,87.88888888888889,3,0,0,129,34.666666666666664,8.555555555555555,87.88888888888889,3,254,34.666666666666664,8.555555555555555,254.0
486,2024-10-31,Starter,Latin America,SaaS,Outbound Sales,0,38,28,77.625,0,1,2025-08-23 00:00:00,49,37.458333333333336,25.458333333333332,77.625,0,699,37.458333333333336,25.458333333333332,296.0
487,2026-05-04,Starter,Europe,Finance,Partner,0,8,15,81.8,2,0,0,49,8.2,16.0,81.8,2,149,8.2,16.0,149.0
488,2026-09-16,Enterprise,Latin America,Retail,Organic,0,84,26,18.0,3,0,0,399,101.0,33.0,18.0,3,14,101.0,33.0,14.0
489,2025-05-19,Enterprise,Latin America,Education,Paid Search,1,58,31,43.94117647058823,1,0,0,399,58.1764705882353,27.647058823529413,43.94117647058823,1,499,58.1764705882353,27.647058823529413,499.0
490,2025-11-06,Starter,Latin America,Education,Paid Search,1,71,24,22.363636363636363,1,0,0,49,64.36363636363636,23.818181818181817,22.363636363636363,1,328,64.36363636363636,23.818181818181817,328.0
491,2026-01-14,Enterprise,Asia Pacific,Manufacturing,Paid Search,0,38,18,88.0,0,0,0,399,36.0,17.88888888888889,88.0,0,259,36.0,17.88888888888889,259.0
492,2025-01-09,Enterprise,North America,Manufacturing,Referral,1,35,17,57.0,0,0,0,399,32.523809523809526,14.857142857142858,57.0,0,629,32.523809523809526,14.857142857142858,629.0
493,2026-09-10,Starter,Asia Pacific,Finance,Paid Search,1,32,22,80.0,2,0,0,49,26.0,27.0,80.0,2,20,26.0,27.0,20.0
494,2025-10-03,Growth,Europe,Healthcare,Referral,1,38,10,69.23076923076923,2,0,0,129,39.76923076923077,9.307692307692308,69.23076923076923,2,362,39.76923076923077,9.307692307692308,362.0
495,2026-07-30,Starter,Asia Pacific,Finance,Paid Search,0,49,14,91.0,5,0,0,49,43.666666666666664,13.666666666666666,91.0,5,62,43.666666666666664,13.666666666666666,62.0
496,2025-09-16,Starter,Latin America,Manufacturing,Referral,1,43,14,64.23076923076923,0,0,0,49,43.84615384615385,14.23076923076923,64.23076923076923,0,379,43.84615384615385,14.23076923076923,379.0
497,2026-09-09,Enterprise,Latin America,SaaS,Outbound Sales,1,84,20,34.0,0,0,0,399,91.0,17.0,34.0,0,21,91.0,17.0,21.0
498,2025-03-06,Starter,Latin America,Retail,Partner,1,34,30,58.95,1,0,0,49,32.25,28.8,58.95,1,573,32.25,28.8,573.0
499,2025-09-02,Starter,Asia Pacific,Finance,Referral,1,35,19,57.142857142857146,5,0,0,49,33.57142857142857,18.714285714285715,57.142857142857146,5,393,33.57142857142857,18.714285714285715,393.0
500,2026-04-02,Starter,Europe,Healthcare,Referral,1,69,5,53.857142857142854,0,0,0,49,73.71428571428571,4.857142857142857,53.857142857142854,0,181,73.71428571428571,4.857142857142857,181.0
501,2025-09-11,Starter,Latin America,SaaS,Outbound Sales,1,77,12,32.46153846153846,0,0,0,49,81.0,13.384615384615385,32.46153846153846,0,384,81.0,13.384615384615385,384.0
502,2026-09-12,Enterprise,Asia Pacific,Finance,Organic,1,13,10,88.0,0,0,0,399,14.0,7.0,88.0,0,18,14.0,7.0,18.0
503,2025-12-22,Starter,Europe,Manufacturing,Partner,1,22,27,23.8,0,0,0,49,19.9,28.1,23.8,0,282,19.9,28.1,282.0
504,2025-09-29,Growth,Asia Pacific,Healthcare,Referral,1,26,31,48.84615384615385,1,0,0,129,24.846153846153847,35.30769230769231,48.84615384615385,1,366,24.846153846153847,35.30769230769231,366.0
505,2025-12-16,Growth,Latin America,Retail,Organic,1,81,3,57.9,0,0,0,129,82.3,2.4,57.9,0,288,82.3,2.4,288.0
506,2025-08-28,Starter,Europe,Retail,Outbound Sales,1,10,2,64.92857142857143,0,0,0,49,8.714285714285714,1.1428571428571428,64.92857142857143,0,398,8.714285714285714,1.1428571428571428,398.0
507,2026-05-20,Starter,Europe,SaaS,Outbound Sales,1,32,20,86.4,3,0,0,49,36.0,22.8,86.4,3,133,36.0,22.8,133.0
508,2025-03-09,Growth,Europe,Retail,Partner,1,53,12,62.25,0,0,0,129,52.7,11.7,62.25,0,570,52.7,11.7,570.0
509,2025-05-14,Starter,Latin America,Finance,Paid Search,1,48,10,36.88235294117647,1,0,0,49,45.88235294117647,8.823529411764707,36.88235294117647,1,504,45.88235294117647,8.823529411764707,504.0
510,2026-01-03,Starter,Asia Pacific,Education,Outbound Sales,1,62,14,44.5,6,0,0,49,64.1,14.3,44.5,6,270,64.1,14.3,270.0
511,2026-09-10,Growth,Asia Pacific,Healthcare,Organic,0,40,19,56.0,1,0,0,129,33.0,18.0,56.0,1,20,33.0,18.0,20.0
512,2025-11-22,Enterprise,Asia Pacific,Healthcare,Organic,0,71,28,85.0909090909091,0,0,0,399,69.0909090909091,28.636363636363637,85.0909090909091,0,312,69.0909090909091,28.636363636363637,312.0
513,2026-09-23,Enterprise,North America,Healthcare,Outbound Sales,1,66,14,30.0,6,0,0,399,77.0,12.0,30.0,6,7,77.0,12.0,7.0
514,2025-04-26,Growth,Latin America,Finance,Partner,1,0,17,69.27777777777777,0,0,0,129,0.0,15.88888888888889,69.27777777777777,0,522,0.0,15.88888888888889,522.0
515,2026-07-22,Growth,Europe,Finance,Paid Search,1,52,11,85.0,0,0,0,129,43.333333333333336,12.333333333333334,85.0,0,70,43.333333333333336,12.333333333333334,70.0
516,2026-06-04,Starter,Asia Pacific,Healthcare,Partner,0,50,18,91.5,1,0,0,49,56.0,14.75,91.5,1,118,56.0,14.75,118.0
517,2025-09-03,Starter,North America,Education,Partner,1,40,18,73.42857142857143,3,0,0,49,37.285714285714285,17.357142857142858,73.42857142857143,3,392,37.285714285714285,17.357142857142858,392.0
518,2025-12-19,Growth,Europe,Education,Outbound Sales,1,89,27,63.3,0,1,2026-01-18 00:00:00,129,87.5,25.5,63.3,0,285,87.5,25.5,30.0
519,2025-09-06,Growth,Europe,Education,Organic,1,43,21,73.92307692307692,0,0,0,129,43.23076923076923,19.23076923076923,73.92307692307692,0,389,43.23076923076923,19.23076923076923,389.0
520,2025-08-19,Enterprise,Europe,Finance,Organic,1,60,21,43.57142857142857,1,0,0,399,56.142857142857146,21.214285714285715,43.57142857142857,1,407,56.142857142857146,21.214285714285715,407.0
521,2025-06-02,Growth,North America,Retail,Partner,0,61,22,72.6470588235294,0,0,0,129,54.294117647058826,21.235294117647058,72.6470588235294,0,485,54.294117647058826,21.235294117647058,485.0
522,2026-01-13,Growth,North America,Healthcare,Organic,1,53,23,79.22222222222223,0,0,0,129,50.888888888888886,22.666666666666668,79.22222222222223,0,260,50.888888888888886,22.666666666666668,260.0
523,2026-06-15,Starter,North America,SaaS,Paid Search,0,62,18,33.5,0,0,0,49,51.25,20.0,33.5,0,107,51.25,20.0,107.0
524,2026-07-13,Growth,Asia Pacific,SaaS,Paid Search,1,58,0,30.0,2,0,0,129,66.33333333333333,0.0,30.0,2,79,66.33333333333333,0.0,79.0
525,2026-08-31,Starter,Asia Pacific,Healthcare,Referral,1,40,20,25.0,1,0,0,49,40.5,17.5,25.0,1,30,40.5,17.5,30.0
526,2025-09-24,Growth,Latin America,Finance,Partner,1,55,13,43.07692307692308,0,0,0,129,62.46153846153846,12.846153846153847,43.07692307692308,0,371,62.46153846153846,12.846153846153847,371.0
527,2026-02-18,Starter,Europe,Healthcare,Organic,1,17,0,48.25,3,0,0,49,15.25,0.0,48.25,3,224,15.25,0.0,224.0
528,2026-01-25,Starter,Europe,Education,Outbound Sales,1,35,6,74.66666666666667,0,0,0,49,30.444444444444443,5.444444444444445,74.66666666666667,0,248,30.444444444444443,5.444444444444445,248.0
529,2026-01-25,Enterprise,Asia Pacific,Healthcare,Organic,1,23,13,83.66666666666667,0,0,0,399,21.666666666666668,13.0,83.66666666666667,0,248,21.666666666666668,13.0,248.0
530,2026-09-21,Starter,Asia Pacific,Finance,Paid Search,1,38,19,56.0,0,0,0,49,46.0,15.0,56.0,0,9,46.0,15.0,9.0
531,2025-06-05,Starter,Asia Pacific,Education,Organic,1,58,17,47.88235294117647,2,0,0,49,60.705882352941174,17.88235294117647,47.88235294117647,2,482,60.705882352941174,17.88235294117647,482.0
532,2026-04-06,Starter,North America,Education,Paid Search,1,90,24,34.5,0,0,0,49,92.16666666666667,22.0,34.5,0,177,92.16666666666667,22.0,177.0
533,2026-02-26,Growth,North America,SaaS,Outbound Sales,0,41,19,73.375,0,0,0,129,42.875,20.125,73.375,0,216,42.875,20.125,216.0
534,2025-04-21,Starter,North America,Manufacturing,Partner,1,48,19,65.44444444444444,5,0,0,49,46.72222222222222,16.88888888888889,65.44444444444444,5,527,46.72222222222222,16.88888888888889,527.0
535,2026-09-04,Enterprise,Latin America,SaaS,Referral,1,61,13,29.0,0,0,0,399,67.0,12.0,29.0,0,26,67.0,12.0,26.0
536,2025-01-24,Enterprise,Asia Pacific,SaaS,Paid Search,1,81,23,61.904761904761905,0,0,0,399,79.0,22.095238095238095,61.904761904761905,0,614,79.0,22.095238095238095,614.0
537,2025-08-16,Growth,Asia Pacific,SaaS,Paid Search,1,41,13,54.642857142857146,1,0,0,129,40.642857142857146,12.285714285714286,54.642857142857146,1,410,40.642857142857146,12.285714285714286,410.0
538,2026-04-10,Growth,Europe,Finance,Organic,1,70,20,52.5,0,0,0,129,75.0,20.5,52.5,0,173,75.0,20.5,173.0
539,2026-09-09,Starter,Latin America,Manufacturing,Partner,1,58,11,93.0,4,0,0,49,48.0,9.0,93.0,4,21,48.0,9.0,21.0
540,2026-08-09,Starter,Latin America,Retail,Referral,1,34,16,55.0,1,0,0,49,35.0,17.0,55.0,1,52,35.0,17.0,52.0
541,2026-07-26,Starter,Asia Pacific,Retail,Outbound Sales,1,30,17,62.333333333333336,2,0,0,49,34.0,16.0,62.333333333333336,2,66,34.0,16.0,66.0
542,2025-10-08,Growth,North America,Manufacturing,Paid Search,1,35,17,66.33333333333333,1,0,0,129,34.333333333333336,17.083333333333332,66.33333333333333,1,357,34.333333333333336,17.083333333333332,357.0
543,2025-02-02,Growth,Europe,Retail,Paid Search,1,17,17,51.904761904761905,1,0,0,129,16.761904761904763,15.333333333333334,51.904761904761905,1,605,16.761904761904763,15.333333333333334,605.0
544,2025-06-27,Growth,Asia Pacific,Manufacturing,Referral,1,57,11,56.25,0,0,0,129,58.125,10.375,56.25,0,460,58.125,10.375,460.0
545,2026-09-18,Starter,Asia Pacific,Finance,Paid Search,0,39,10,72.0,0,0,0,49,39.0,9.0,72.0,0,12,39.0,9.0,12.0
546,2025-09-12,Growth,Europe,SaaS,Outbound Sales,0,64,21,59.30769230769231,0,0,0,129,66.3076923076923,21.692307692307693,59.30769230769231,0,383,66.3076923076923,21.692307692307693,383.0
547,2025-06-17,Starter,North America,Retail,Partner,1,62,27,43.75,0,0,0,49,63.6875,25.5625,43.75,0,470,63.6875,25.5625,470.0
548,2025-05-21,Starter,Asia Pacific,Retail,Organic,0,25,7,35.529411764705884,0,0,0,49,22.470588235294116,6.823529411764706,35.529411764705884,0,497,22.470588235294116,6.823529411764706,497.0
549,2025-03-29,Growth,Europe,Education,Referral,1,51,10,60.89473684210526,3,1,2025-05-10 00:00:00,129,50.578947368421055,10.157894736842104,60.89473684210526,3,550,50.578947368421055,10.157894736842104,42.0
550,2024-12-16,Starter,North America,Healthcare,Paid Search,0,22,21,69.81818181818181,0,0,0,49,22.363636363636363,22.09090909090909,69.81818181818181,0,653,22.363636363636363,22.09090909090909,653.0
551,2025-07-07,Enterprise,North America,Education,Referral,1,5,26,64.3125,1,0,0,399,4.625,27.875,64.3125,1,450,4.625,27.875,450.0
552,2026-02-28,Growth,North America,Retail,Organic,1,44,18,51.75,2,0,0,129,39.5,16.5,51.75,2,214,39.5,16.5,214.0
553,2026-07-17,Growth,Latin America,Retail,Organic,1,43,30,32.0,0,0,0,129,34.666666666666664,29.333333333333332,32.0,0,75,34.666666666666664,29.333333333333332,75.0
554,2025-01-12,Growth,North America,SaaS,Referral,1,54,21,85.04761904761905,0,1,2025-10-02 00:00:00,129,56.80952380952381,20.428571428571427,85.04761904761905,0,626,56.80952380952381,20.428571428571427,263.0
555,2025-12-28,Starter,Latin America,Education,Outbound Sales,1,77,15,82.9,0,0,0,49,76.2,15.4,82.9,0,276,76.2,15.4,276.0
556,2026-08-05,Starter,North America,Retail,Organic,1,85,16,53.0,0,0,0,49,86.5,15.5,53.0,0,56,86.5,15.5,56.0
557,2026-06-11,Starter,North America,Finance,Referral,0,33,20,77.75,0,0,0,49,34.0,19.5,77.75,0,111,34.0,19.5,111.0
558,2025-05-17,Starter,Latin America,Retail,Partner,1,29,8,55.64705882352941,0,0,0,49,30.764705882352942,6.529411764705882,55.64705882352941,0,501,30.764705882352942,6.529411764705882,501.0
559,2025-11-27,Growth,North America,SaaS,Referral,0,0,24,75.0909090909091,1,0,0,129,0.0,22.90909090909091,75.0909090909091,1,307,0.0,22.90909090909091,307.0
560,2026-03-20,Starter,North America,Education,Organic,0,44,19,73.71428571428571,2,0,0,49,44.57142857142857,17.0,73.71428571428571,2,194,44.57142857142857,17.0,194.0
561,2025-12-13,Growth,Asia Pacific,Healthcare,Paid Search,1,16,15,60.3,1,0,0,129,16.1,15.3,60.3,1,291,16.1,15.3,291.0
562,2025-07-06,Starter,Latin America,SaaS,Organic,1,35,25,38.375,0,0,0,49,36.625,26.1875,38.375,0,451,36.625,26.1875,451.0
563,2025-03-30,Starter,Latin America,Manufacturing,Organic,1,23,37,52.421052631578945,0,0,0,49,21.894736842105264,36.8421052631579,52.421052631578945,0,549,21.894736842105264,36.8421052631579,549.0
564,2026-09-01,Starter,Latin America,SaaS,Outbound Sales,1,70,17,83.0,2,0,0,49,80.0,13.0,83.0,2,29,80.0,13.0,29.0
565,2024-11-04,Growth,Latin America,Finance,Paid Search,1,40,16,86.79166666666667,2,0,0,129,42.25,16.416666666666668,86.79166666666667,2,695,42.25,16.416666666666668,695.0
566,2025-02-16,Growth,Asia Pacific,Education,Partner,0,58,11,62.15,0,0,0,129,57.15,9.9,62.15,0,591,57.15,9.9,591.0
567,2026-01-08,Starter,Europe,Manufacturing,Referral,0,1,13,65.66666666666667,0,0,0,49,0.3333333333333333,11.333333333333334,65.66666666666667,0,265,0.3333333333333333,11.333333333333334,265.0
568,2025-06-11,Growth,Europe,Retail,Referral,0,52,22,40.8125,0,0,0,129,52.25,20.5625,40.8125,0,476,52.25,20.5625,476.0
569,2025-04-28,Growth,Asia Pacific,SaaS,Partner,1,61,17,71.16666666666667,0,0,0,129,58.27777777777778,17.444444444444443,71.16666666666667,0,520,58.27777777777778,17.444444444444443,520.0
570,2026-04-13,Starter,North America,Healthcare,Referral,1,51,13,63.666666666666664,5,0,0,49,53.666666666666664,12.333333333333334,63.666666666666664,5,170,53.666666666666664,12.333333333333334,170.0
571,2026-02-17,Starter,North America,Retail,Paid Search,1,35,50,28.625,0,1,2026-03-31 00:00:00,49,32.75,46.625,28.625,0,225,32.75,46.625,42.0
572,2026-05-23,Starter,Latin America,Manufacturing,Referral,1,33,25,77.6,1,0,0,49,32.4,27.2,77.6,1,130,32.4,27.2,130.0
573,2025-07-12,Growth,North America,Healthcare,Outbound Sales,1,10,19,67.6,4,0,0,129,8.6,18.0,67.6,4,445,8.6,18.0,445.0
574,2025-03-03,Growth,Latin America,Healthcare,Outbound Sales,0,65,14,64.55,0,0,0,129,64.85,12.7,64.55,0,576,64.85,12.7,576.0
575,2026-02-09,Growth,Asia Pacific,Finance,Outbound Sales,1,40,13,66.75,0,0,0,129,40.125,11.375,66.75,0,233,40.125,11.375,233.0
576,2025-03-15,Enterprise,Asia Pacific,Finance,Referral,1,41,30,37.21052631578947,0,0,0,399,39.10526315789474,31.210526315789473,37.21052631578947,0,564,39.10526315789474,31.210526315789473,564.0
577,2026-02-17,Growth,North America,Healthcare,Paid Search,1,47,11,44.75,1,0,0,129,47.5,8.375,44.75,1,225,47.5,8.375,225.0
578,2026-09-13,Starter,Latin America,Education,Referral,0,38,15,45.0,0,0,0,49,49.0,14.0,45.0,0,17,49.0,14.0,17.0
579,2026-04-26,Growth,Europe,Finance,Referral,1,68,27,85.83333333333333,4,0,0,129,63.5,25.666666666666668,85.83333333333333,4,157,63.5,25.666666666666668,157.0
580,2026-05-25,Growth,North America,Healthcare,Referral,1,76,9,15.8,0,0,0,129,69.6,9.8,15.8,0,128,69.6,9.8,128.0
581,2026-07-01,Growth,Europe,Retail,Organic,1,55,16,47.25,0,0,0,129,50.25,16.0,47.25,0,91,50.25,16.0,91.0
582,2025-09-19,Growth,Europe,Manufacturing,Referral,1,61,18,56.61538461538461,0,0,0,129,61.84615384615385,18.0,56.61538461538461,0,376,61.84615384615385,18.0,376.0
583,2026-01-26,Growth,Latin America,Retail,Outbound Sales,0,44,26,39.666666666666664,2,0,0,129,39.55555555555556,23.77777777777778,39.666666666666664,2,247,39.55555555555556,23.77777777777778,247.0
584,2026-07-19,Starter,North America,Retail,Referral,1,33,1,79.0,0,0,0,49,32.666666666666664,0.3333333333333333,79.0,0,73,32.666666666666664,0.3333333333333333,73.0
585,2026-03-30,Enterprise,Asia Pacific,Healthcare,Outbound Sales,0,15,12,50.142857142857146,2,0,0,399,13.285714285714286,11.142857142857142,50.142857142857146,2,184,13.285714285714286,11.142857142857142,184.0
586,2026-01-09,Enterprise,Latin America,Healthcare,Partner,1,24,27,72.0,1,0,0,399,22.333333333333332,25.333333333333332,72.0,1,264,22.333333333333332,25.333333333333332,264.0
587,2026-05-14,Starter,Latin America,Healthcare,Outbound Sales,1,53,13,41.2,2,0,0,49,49.6,12.2,41.2,2,139,49.6,12.2,139.0
588,2026-01-29,Enterprise,Europe,Education,Partner,1,31,22,79.33333333333333,0,0,0,399,31.666666666666668,25.0,79.33333333333333,0,244,31.666666666666668,25.0,244.0
589,2025-04-10,Growth,Asia Pacific,Manufacturing,Referral,1,57,31,75.88888888888889,0,0,0,129,56.888888888888886,31.27777777777778,75.88888888888889,0,538,56.888888888888886,31.27777777777778,538.0
590,2026-02-28,Growth,Latin America,Healthcare,Partner,1,72,15,96.75,5,0,0,129,68.25,13.75,96.75,5,214,68.25,13.75,214.0
591,2026-02-02,Starter,Europe,Manufacturing,Referral,1,67,16,52.111111111111114,1,0,0,49,70.33333333333333,14.0,52.111111111111114,1,240,70.33333333333333,14.0,240.0
592,2025-07-22,Growth,North America,Finance,Paid Search,1,59,13,49.86666666666667,0,0,0,129,61.666666666666664,11.933333333333334,49.86666666666667,0,435,61.666666666666664,11.933333333333334,435.0
593,2025-07-10,Enterprise,Latin America,SaaS,Paid Search,0,56,15,83.4,0,0,0,399,54.8,15.2,83.4,0,447,54.8,15.2,447.0
594,2026-08-13,Growth,Latin America,SaaS,Paid Search,1,9,10,60.0,2,0,0,129,8.0,8.5,60.0,2,48,8.0,8.5,48.0
595,2025-08-09,Growth,Asia Pacific,SaaS,Paid Search,1,10,19,82.71428571428571,0,0,0,129,10.285714285714286,17.142857142857142,82.71428571428571,0,417,10.285714285714286,17.142857142857142,417.0
596,2026-04-16,Starter,Asia Pacific,Healthcare,Outbound Sales,0,91,23,53.833333333333336,0,0,0,49,98.16666666666667,20.333333333333332,53.833333333333336,0,167,98.16666666666667,20.333333333333332,167.0
597,2026-03-10,Starter,Europe,Finance,Paid Search,0,59,20,34.142857142857146,5,0,0,49,56.714285714285715,18.428571428571427,34.142857142857146,5,204,56.714285714285715,18.428571428571427,204.0
598,2026-08-02,Growth,Latin America,Retail,Referral,1,29,18,67.5,0,0,0,129,32.0,13.5,67.5,0,59,32.0,13.5,59.0
599,2025-07-01,Starter,Asia Pacific,Healthcare,Paid Search,1,52,17,62.6875,0,0,0,49,54.6875,17.1875,62.6875,0,456,54.6875,17.1875,456.0
600,2025-08-07,Starter,North America,Finance,Partner,1,9,6,49.785714285714285,2,0,0,49,7.5,5.428571428571429,49.785714285714285,2,419,7.5,5.428571428571429,419.0
601,2026-01-23,Starter,Asia Pacific,Retail,Organic,0,48,18,36.0,1,0,0,49,47.44444444444444,19.11111111111111,36.0,1,250,47.44444444444444,19.11111111111111,250.0
602,2025-01-17,Starter,Asia Pacific,Retail,Partner,1,63,22,69.0,1,0,0,49,65.95238095238095,20.571428571428573,69.0,1,621,65.95238095238095,20.571428571428573,621.0
603,2025-08-18,Growth,Asia Pacific,SaaS,Referral,1,34,36,75.42857142857143,9,0,0,129,32.57142857142857,36.285714285714285,75.42857142857143,9,408,32.57142857142857,36.285714285714285,408.0
604,2025-06-27,Starter,Europe,Education,Paid Search,1,37,24,37.0625,3,0,0,49,37.0,23.25,37.0625,3,460,37.0,23.25,460.0
605,2025-08-04,Growth,North America,Education,Outbound Sales,1,22,24,21.466666666666665,4,0,0,129,21.0,20.6,21.466666666666665,4,422,21.0,20.6,422.0
606,2025-10-08,Starter,Asia Pacific,Healthcare,Organic,1,42,11,37.083333333333336,0,0,0,49,39.666666666666664,10.166666666666666,37.083333333333336,0,357,39.666666666666664,10.166666666666666,357.0
607,2025-09-22,Starter,Latin America,Manufacturing,Outbound Sales,1,19,28,70.92307692307692,1,0,0,49,19.0,26.307692307692307,70.92307692307692,1,373,19.0,26.307692307692307,373.0
608,2026-05-06,Growth,Latin America,Finance,Partner,1,23,25,68.6,2,0,0,129,22.4,22.4,68.6,2,147,22.4,22.4,147.0
609,2025-01-20,Starter,Asia Pacific,Education,Organic,1,30,7,75.76190476190476,0,0,0,49,30.0,6.476190476190476,75.76190476190476,0,618,30.0,6.476190476190476,618.0
610,2025-03-20,Starter,Asia Pacific,Manufacturing,Outbound Sales,1,75,19,75.10526315789474,1,0,0,49,79.78947368421052,19.894736842105264,75.10526315789474,1,559,79.78947368421052,19.894736842105264,559.0
611,2025-04-02,Growth,Europe,Retail,Referral,0,48,19,60.73684210526316,0,0,0,129,44.8421052631579,17.842105263157894,60.73684210526316,0,546,44.8421052631579,17.842105263157894,546.0
612,2025-06-23,Growth,Europe,Manufacturing,Organic,1,29,18,12.125,0,0,0,129,27.1875,18.0,12.125,0,464,27.1875,18.0,464.0
613,2025-11-26,Starter,Europe,SaaS,Outbound Sales,0,37,16,83.81818181818181,1,0,0,49,38.09090909090909,16.181818181818183,83.81818181818181,1,308,38.09090909090909,16.181818181818183,308.0
614,2025-04-04,Enterprise,North America,Retail,Organic,0,39,11,64.05263157894737,0,0,0,399,36.31578947368421,11.736842105263158,64.05263157894737,0,544,36.31578947368421,11.736842105263158,544.0
615,2025-06-06,Enterprise,Asia Pacific,Healthcare,Partner,0,51,23,46.529411764705884,0,0,0,399,50.588235294117645,20.470588235294116,46.529411764705884,0,481,50.588235294117645,20.470588235294116,481.0
616,2025-01-03,Starter,Europe,Healthcare,Paid Search,1,61,18,52.04545454545455,2,0,0,49,60.90909090909091,17.772727272727273,52.04545454545455,2,635,60.90909090909091,17.772727272727273,635.0
617,2025-12-28,Starter,North America,Education,Outbound Sales,1,31,21,87.1,0,0,0,49,28.4,21.3,87.1,0,276,28.4,21.3,276.0
618,2025-12-21,Starter,Asia Pacific,Education,Partner,1,34,28,92.4,1,0,0,49,34.7,29.6,92.4,1,283,34.7,29.6,283.0
619,2025-10-03,Starter,North America,SaaS,Paid Search,1,65,8,67.92307692307692,0,0,0,49,68.0,6.615384615384615,67.92307692307692,0,362,68.0,6.615384615384615,362.0
620,2026-05-08,Starter,Latin America,Retail,Paid Search,1,56,26,55.8,0,0,0,49,56.0,26.6,55.8,0,145,56.0,26.6,145.0
621,2026-02-19,Growth,Latin America,Healthcare,Organic,1,52,21,40.875,0,0,0,129,51.75,21.375,40.875,0,223,51.75,21.375,223.0
622,2025-12-29,Starter,Latin America,Manufacturing,Paid Search,0,30,15,67.5,0,0,0,49,26.3,13.9,67.5,0,275,26.3,13.9,275.0
623,2025-01-01,Starter,North America,SaaS,Referral,1,39,27,42.63636363636363,2,0,0,49,39.09090909090909,28.09090909090909,42.63636363636363,2,637,39.09090909090909,28.09090909090909,637.0
624,2025-05-29,Growth,Latin America,Finance,Paid Search,1,39,8,49.88235294117647,2,0,0,129,38.411764705882355,6.411764705882353,49.88235294117647,2,489,38.411764705882355,6.411764705882353,489.0
625,2026-01-03,Starter,Latin America,SaaS,Paid Search,1,66,19,75.9,0,0,0,49,64.9,19.9,75.9,0,270,64.9,19.9,270.0
626,2025-12-02,Starter,Asia Pacific,Finance,Organic,1,10,12,55.36363636363637,2,0,0,49,9.545454545454545,11.545454545454545,55.36363636363637,2,302,9.545454545454545,11.545454545454545,302.0
627,2026-06-20,Growth,Europe,Manufacturing,Outbound Sales,1,38,24,59.25,0,0,0,129,40.5,21.0,59.25,0,102,40.5,21.0,102.0
628,2024-11-19,Starter,Latin America,Manufacturing,Paid Search,1,63,24,23.26086956521739,0,0,0,49,61.52173913043478,25.565217391304348,23.26086956521739,0,680,61.52173913043478,25.565217391304348,680.0
629,2026-06-11,Growth,Asia Pacific,Finance,Outbound Sales,1,53,20,26.25,1,0,0,129,51.5,19.25,26.25,1,111,51.5,19.25,111.0
630,2025-11-23,Starter,Asia Pacific,Education,Referral,1,26,19,41.36363636363637,0,0,0,49,24.09090909090909,17.727272727272727,41.36363636363637,0,311,24.09090909090909,17.727272727272727,311.0
631,2026-03-02,Growth,North America,SaaS,Paid Search,0,19,20,59.25,0,0,0,129,19.25,20.75,59.25,0,212,19.25,20.75,212.0
632,2024-11-05,Growth,North America,Finance,Outbound Sales,0,36,21,75.625,1,0,0,129,36.708333333333336,21.125,75.625,1,694,36.708333333333336,21.125,694.0
633,2025-10-25,Enterprise,Europe,Retail,Paid Search,1,23,18,53.833333333333336,0,0,0,399,23.833333333333332,16.416666666666668,53.833333333333336,0,340,23.833333333333332,16.416666666666668,340.0
634,2025-08-31,Enterprise,North America,Retail,Referral,1,65,9,58.57142857142857,3,0,0,399,65.14285714285714,8.928571428571429,58.57142857142857,3,395,65.14285714285714,8.928571428571429,395.0
635,2025-12-03,Starter,North America,Manufacturing,Referral,0,46,2,85.63636363636364,4,0,0,49,44.18181818181818,1.5454545454545454,85.63636363636364,4,301,44.18181818181818,1.5454545454545454,301.0
636,2026-01-02,Starter,North America,Healthcare,Organic,0,26,12,62.0,2,0,0,49,24.5,12.4,62.0,2,271,24.5,12.4,271.0
637,2026-05-04,Starter,North America,SaaS,Paid Search,1,35,12,34.2,1,0,0,49,31.6,11.6,34.2,1,149,31.6,11.6,149.0
638,2026-05-12,Starter,Europe,Retail,Outbound Sales,1,25,27,52.6,0,0,0,49,23.8,28.2,52.6,0,141,23.8,28.2,141.0
639,2026-07-09,Starter,North America,Healthcare,Paid Search,1,0,29,71.66666666666667,6,0,0,49,0.0,31.333333333333332,71.66666666666667,6,83,0.0,31.333333333333332,83.0
640,2025-06-12,Starter,North America,Healthcare,Outbound Sales,1,40,24,74.25,1,0,0,49,38.9375,22.5,74.25,1,475,38.9375,22.5,475.0
641,2026-03-13,Starter,Europe,Education,Outbound Sales,0,32,12,46.857142857142854,0,0,0,49,31.857142857142858,9.571428571428571,46.857142857142854,0,201,31.857142857142858,9.571428571428571,201.0
642,2025-06-11,Growth,Asia Pacific,Manufacturing,Outbound Sales,0,22,20,54.625,1,0,0,129,22.0625,19.9375,54.625,1,476,22.0625,19.9375,476.0
643,2025-08-05,Growth,Europe,Manufacturing,Paid Search,1,24,16,60.0,1,0,0,129,22.8,17.066666666666666,60.0,1,421,22.8,17.066666666666666,421.0
644,2026-01-19,Growth,North America,Manufacturing,Partner,1,76,16,58.888888888888886,2,0,0,129,74.22222222222223,15.0,58.888888888888886,2,254,74.22222222222223,15.0,254.0
645,2026-03-11,Enterprise,Latin America,Retail,Organic,1,41,17,93.57142857142857,0,0,0,399,42.42857142857143,16.571428571428573,93.57142857142857,0,203,42.42857142857143,16.571428571428573,203.0
646,2024-11-28,Enterprise,Asia Pacific,Manufacturing,Organic,0,54,31,45.56521739130435,3,0,0,399,54.82608695652174,30.695652173913043,45.56521739130435,3,671,54.82608695652174,30.695652173913043,671.0
647,2025-12-02,Growth,Europe,SaaS,Outbound Sales,1,59,22,60.27272727272727,0,0,0,129,57.09090909090909,22.90909090909091,60.27272727272727,0,302,57.09090909090909,22.90909090909091,302.0
648,2025-10-09,Growth,Europe,SaaS,Partner,1,17,8,56.5,0,0,0,129,15.75,7.833333333333333,56.5,0,356,15.75,7.833333333333333,356.0
649,2026-09-14,Starter,Europe,Healthcare,Outbound Sales,1,57,20,73.0,0,0,0,49,69.0,14.0,73.0,0,16,69.0,14.0,16.0
650,2026-09-25,Starter,Asia Pacific,Education,Outbound Sales,1,57,20,40.0,0,1,2026-09-30 00:00:00,49,55.0,27.0,40.0,0,5,55.0,27.0,5.0
651,2025-12-18,Enterprise,Asia Pacific,Healthcare,Outbound Sales,1,27,26,68.9,0,0,0,399,25.0,22.4,68.9,0,286,25.0,22.4,286.0
652,2025-04-17,Starter,Asia Pacific,SaaS,Paid Search,1,38,12,89.66666666666667,5,0,0,49,35.111111111111114,10.722222222222221,89.66666666666667,5,531,35.111111111111114,10.722222222222221,531.0
653,2026-02-20,Starter,North America,SaaS,Referral,1,74,12,54.25,0,0,0,49,76.5,10.0,54.25,0,222,76.5,10.0,222.0
654,2025-03-09,Growth,Asia Pacific,Healthcare,Organic,1,15,19,48.5,0,0,0,129,14.55,18.2,48.5,0,570,14.55,18.2,570.0
655,2026-07-29,Enterprise,Latin America,Retail,Outbound Sales,1,29,34,52.0,0,0,0,399,24.666666666666668,40.333333333333336,52.0,0,63,24.666666666666668,40.333333333333336,63.0
656,2026-04-29,Starter,Asia Pacific,Finance,Partner,1,43,20,32.166666666666664,3,0,0,49,43.833333333333336,18.666666666666668,32.166666666666664,3,154,43.833333333333336,18.666666666666668,154.0
657,2024-11-26,Growth,Asia Pacific,Education,Outbound Sales,1,46,14,86.34782608695652,2,0,0,129,46.21739130434783,13.73913043478261,86.34782608695652,2,673,46.21739130434783,13.73913043478261,673.0
658,2025-12-07,Starter,Europe,Education,Partner,1,42,21,52.5,0,0,0,49,44.6,20.1,52.5,0,297,44.6,20.1,297.0
659,2026-06-28,Enterprise,Europe,Manufacturing,Outbound Sales,1,87,16,68.25,1,0,0,399,96.5,14.75,68.25,1,94,96.5,14.75,94.0
660,2026-05-30,Growth,Latin America,Finance,Organic,1,31,12,71.0,3,0,0,129,31.2,11.6,71.0,3,123,31.2,11.6,123.0
661,2026-09-08,Starter,North America,Manufacturing,Organic,1,55,12,81.0,2,0,0,49,41.0,11.0,81.0,2,22,41.0,11.0,22.0
662,2024-11-26,Growth,Europe,SaaS,Referral,1,68,18,79.69565217391305,0,0,0,129,67.3913043478261,17.130434782608695,79.69565217391305,0,673,67.3913043478261,17.130434782608695,673.0
663,2025-01-23,Growth,Latin America,Education,Paid Search,1,46,28,86.47619047619048,2,0,0,129,47.23809523809524,27.571428571428573,86.47619047619048,2,615,47.23809523809524,27.571428571428573,615.0
664,2026-08-19,Growth,Asia Pacific,Healthcare,Organic,1,56,10,58.0,0,0,0,129,59.0,11.0,58.0,0,42,59.0,11.0,42.0
665,2026-01-11,Growth,Asia Pacific,Healthcare,Partner,1,43,10,28.88888888888889,0,0,0,129,39.666666666666664,9.222222222222221,28.88888888888889,0,262,39.666666666666664,9.222222222222221,262.0
666,2025-03-17,Growth,North America,Finance,Paid Search,1,45,7,54.10526315789474,0,0,0,129,43.05263157894737,7.368421052631579,54.10526315789474,0,562,43.05263157894737,7.368421052631579,562.0
667,2026-02-14,Enterprise,Asia Pacific,SaaS,Paid Search,1,54,14,55.0,0,0,0,399,50.875,13.375,55.0,0,228,50.875,13.375,228.0
668,2025-05-04,Growth,Europe,SaaS,Organic,1,55,0,49.27777777777778,1,0,0,129,54.22222222222222,0.0,49.27777777777778,1,514,54.22222222222222,0.0,514.0
669,2024-12-20,Starter,Europe,Manufacturing,Organic,1,79,22,48.63636363636363,7,0,0,49,75.0,21.09090909090909,48.63636363636363,7,649,75.0,21.09090909090909,649.0
670,2025-07-23,Enterprise,North America,Retail,Outbound Sales,1,30,24,19.066666666666666,0,0,0,399,29.666666666666668,23.533333333333335,19.066666666666666,0,434,29.666666666666668,23.533333333333335,434.0
671,2025-11-22,Starter,Asia Pacific,Finance,Outbound Sales,1,27,22,91.0,3,0,0,49,27.818181818181817,19.181818181818183,91.0,3,312,27.818181818181817,19.181818181818183,312.0
672,2025-09-30,Starter,Asia Pacific,Retail,Organic,0,61,21,46.61538461538461,1,0,0,49,63.69230769230769,21.615384615384617,46.61538461538461,1,365,63.69230769230769,21.615384615384617,365.0
673,2025-06-03,Starter,Latin America,Education,Partner,0,64,13,54.23529411764706,1,1,2026-02-20 00:00:00,49,69.94117647058823,12.0,54.23529411764706,1,484,69.94117647058823,12.0,262.0
674,2025-09-29,Starter,Latin America,Retail,Partner,1,48,11,85.76923076923077,1,0,0,49,49.61538461538461,9.76923076923077,85.76923076923077,1,366,49.61538461538461,9.76923076923077,366.0
675,2025-10-10,Enterprise,North America,SaaS,Organic,1,47,17,62.583333333333336,1,0,0,399,47.25,15.916666666666666,62.583333333333336,1,355,47.25,15.916666666666666,355.0
676,2025-11-22,Enterprise,North America,Healthcare,Outbound Sales,1,25,6,84.27272727272727,0,0,0,399,24.181818181818183,6.454545454545454,84.27272727272727,0,312,24.181818181818183,6.454545454545454,312.0
677,2025-08-10,Starter,Asia Pacific,SaaS,Paid Search,0,6,20,47.214285714285715,1,0,0,49,5.357142857142857,18.285714285714285,47.214285714285715,1,416,5.357142857142857,18.285714285714285,416.0
678,2026-01-04,Starter,North America,Manufacturing,Organic,1,84,22,49.77777777777778,1,0,0,49,88.88888888888889,20.666666666666668,49.77777777777778,1,269,88.88888888888889,20.666666666666668,269.0
679,2025-07-15,Growth,Latin America,SaaS,Referral,0,1,20,72.26666666666667,0,0,0,129,0.5333333333333333,20.466666666666665,72.26666666666667,0,442,0.5333333333333333,20.466666666666665,442.0
680,2025-01-21,Starter,Europe,SaaS,Partner,1,86,20,45.142857142857146,2,0,0,49,85.71428571428571,18.714285714285715,45.142857142857146,2,617,85.71428571428571,18.714285714285715,617.0
681,2026-02-23,Starter,Latin America,Education,Paid Search,1,25,22,73.875,2,0,0,49,26.125,23.5,73.875,2,219,26.125,23.5,219.0
682,2024-11-18,Starter,Latin America,Manufacturing,Partner,1,19,7,65.8695652173913,4,0,0,49,20.043478260869566,6.043478260869565,65.8695652173913,4,681,20.043478260869566,6.043478260869565,681.0
683,2026-05-05,Starter,Asia Pacific,Healthcare,Outbound Sales,1,67,27,29.4,1,0,0,49,74.0,24.8,29.4,1,148,74.0,24.8,148.0
684,2024-12-22,Starter,Europe,Education,Outbound Sales,1,61,15,53.63636363636363,0,0,0,49,65.0,14.318181818181818,53.63636363636363,0,647,65.0,14.318181818181818,647.0
685,2025-10-23,Starter,North America,Finance,Partner,1,21,46,56.25,1,0,0,49,19.416666666666668,44.916666666666664,56.25,1,342,19.416666666666668,44.916666666666664,342.0
686,2025-06-16,Growth,Asia Pacific,Education,Outbound Sales,1,28,10,51.3125,0,0,0,129,29.375,9.625,51.3125,0,471,29.375,9.625,471.0
687,2026-08-26,Starter,North America,Finance,Paid Search,1,48,8,60.0,2,0,0,49,43.0,8.0,60.0,2,35,43.0,8.0,35.0
688,2025-01-08,Starter,Europe,Healthcare,Outbound Sales,0,57,27,58.54545454545455,0,1,2026-03-13 00:00:00,49,60.36363636363637,27.09090909090909,58.54545454545455,0,630,60.36363636363637,27.09090909090909,429.0
689,2026-08-28,Enterprise,Europe,Finance,Organic,1,17,27,48.0,0,0,0,399,13.0,30.0,48.0,0,33,13.0,30.0,33.0
690,2024-12-10,Starter,Asia Pacific,Manufacturing,Referral,0,51,6,47.95454545454545,0,0,0,49,49.68181818181818,5.7727272727272725,47.95454545454545,0,659,49.68181818181818,5.7727272727272725,659.0
691,2024-11-30,Starter,North America,Healthcare,Outbound Sales,1,67,14,58.43478260869565,0,0,0,49,67.65217391304348,14.434782608695652,58.43478260869565,0,669,67.65217391304348,14.434782608695652,669.0
692,2025-07-10,Starter,Europe,Retail,Organic,0,66,2,46.86666666666667,0,0,0,49,65.93333333333334,1.4666666666666666,46.86666666666667,0,447,65.93333333333334,1.4666666666666666,447.0
693,2025-05-22,Starter,Latin America,Education,Organic,0,53,24,43.88235294117647,0,0,0,49,54.8235294117647,21.294117647058822,43.88235294117647,0,496,54.8235294117647,21.294117647058822,496.0
694,2024-11-19,Growth,North America,Finance,Partner,1,31,28,59.91304347826087,0,0,0,129,32.91304347826087,28.73913043478261,59.91304347826087,0,680,32.91304347826087,28.73913043478261,680.0
695,2026-07-28,Growth,Europe,SaaS,Outbound Sales,1,48,25,55.333333333333336,0,0,0,129,49.0,30.0,55.333333333333336,0,64,49.0,30.0,64.0
696,2025-04-04,Growth,Europe,Manufacturing,Outbound Sales,1,14,24,68.15789473684211,1,0,0,129,13.368421052631579,25.210526315789473,68.15789473684211,1,544,13.368421052631579,25.210526315789473,544.0
697,2025-07-01,Enterprise,Europe,Manufacturing,Partner,1,69,35,56.625,2,0,0,399,69.6875,38.75,56.625,2,456,69.6875,38.75,456.0
698,2025-03-08,Growth,Asia Pacific,Finance,Paid Search,0,14,23,53.05,3,0,0,129,13.15,23.7,53.05,3,571,13.15,23.7,571.0
699,2026-02-26,Starter,North America,Manufacturing,Outbound Sales,0,50,18,89.875,1,0,0,49,47.25,16.5,89.875,1,216,47.25,16.5,216.0
700,2026-09-15,Starter,North America,Finance,Paid Search,0,33,18,51.0,0,0,0,49,38.0,19.0,51.0,0,15,38.0,19.0,15.0
701,2025-02-24,Starter,Latin America,SaaS,Outbound Sales,1,58,0,66.7,0,0,0,49,55.95,0.0,66.7,0,583,55.95,0.0,583.0
702,2026-05-30,Enterprise,Latin America,SaaS,Referral,1,20,33,70.6,1,0,0,399,18.6,29.4,70.6,1,123,18.6,29.4,123.0
703,2025-06-10,Starter,Asia Pacific,Education,Referral,0,35,27,38.0625,0,0,0,49,35.25,27.75,38.0625,0,477,35.25,27.75,477.0
704,2026-02-18,Growth,Asia Pacific,SaaS,Paid Search,0,66,21,69.5,4,0,0,129,62.375,18.875,69.5,4,224,62.375,18.875,224.0
705,2025-07-19,Growth,Europe,Healthcare,Outbound Sales,1,32,20,40.666666666666664,1,0,0,129,30.466666666666665,20.733333333333334,40.666666666666664,1,438,30.466666666666665,20.733333333333334,438.0
706,2025-11-11,Starter,North America,Healthcare,Outbound Sales,1,74,26,64.63636363636364,4,0,0,49,70.72727272727273,23.272727272727273,64.63636363636364,4,323,70.72727272727273,23.272727272727273,323.0
707,2025-04-19,Growth,Europe,SaaS,Partner,1,12,14,68.61111111111111,0,0,0,129,11.055555555555555,13.555555555555555,68.61111111111111,0,529,11.055555555555555,13.555555555555555,529.0
708,2026-07-12,Starter,Europe,Retail,Partner,0,84,28,72.0,2,0,0,49,77.33333333333333,23.666666666666668,72.0,2,80,77.33333333333333,23.666666666666668,80.0
709,2026-07-13,Growth,North America,Healthcare,Partner,1,67,8,72.0,0,0,0,129,73.66666666666667,7.333333333333333,72.0,0,79,73.66666666666667,7.333333333333333,79.0
710,2025-02-24,Growth,Latin America,Education,Referral,0,55,23,57.7,2,0,0,129,54.85,22.5,57.7,2,583,54.85,22.5,583.0
711,2025-04-15,Enterprise,Asia Pacific,Finance,Referral,1,44,31,64.11111111111111,0,0,0,399,44.888888888888886,28.72222222222222,64.11111111111111,0,533,44.888888888888886,28.72222222222222,533.0
712,2025-09-13,Growth,Latin America,SaaS,Referral,0,22,9,69.23076923076923,0,0,0,129,21.53846153846154,8.461538461538462,69.23076923076923,0,382,21.53846153846154,8.461538461538462,382.0
713,2025-02-17,Starter,Europe,Healthcare,Outbound Sales,0,37,17,44.3,0,0,0,49,37.7,16.95,44.3,0,590,37.7,16.95,590.0
714,2026-06-14,Growth,Asia Pacific,Education,Referral,1,7,20,36.25,0,0,0,129,6.5,17.5,36.25,0,108,6.5,17.5,108.0
715,2024-11-25,Starter,Latin America,Manufacturing,Partner,0,42,12,28.565217391304348,0,0,0,49,42.34782608695652,11.782608695652174,28.565217391304348,0,674,42.34782608695652,11.782608695652174,674.0
716,2025-09-14,Growth,Europe,Healthcare,Referral,1,22,19,43.0,0,0,0,129,21.23076923076923,18.0,43.0,0,381,21.23076923076923,18.0,381.0
717,2026-06-11,Starter,Latin America,Retail,Organic,1,71,16,66.0,4,0,0,49,63.0,16.0,66.0,4,111,63.0,16.0,111.0
718,2026-09-23,Growth,Latin America,Education,Referral,1,46,27,54.0,0,0,0,129,55.0,19.0,54.0,0,7,55.0,19.0,7.0
719,2025-11-18,Starter,Asia Pacific,Manufacturing,Partner,0,54,16,74.27272727272727,0,0,0,49,53.0,14.545454545454545,74.27272727272727,0,316,53.0,14.545454545454545,316.0
720,2025-12-10,Starter,Europe,Retail,Outbound Sales,0,71,0,60.3,1,0,0,49,70.1,0.0,60.3,1,294,70.1,0.0,294.0
721,2025-05-21,Growth,Latin America,SaaS,Outbound Sales,1,25,22,56.294117647058826,0,0,0,129,25.294117647058822,22.058823529411764,56.294117647058826,0,497,25.294117647058822,22.058823529411764,497.0
722,2025-01-15,Starter,North America,Education,Outbound Sales,1,72,27,59.04761904761905,0,0,0,49,72.19047619047619,26.571428571428573,59.04761904761905,0,623,72.19047619047619,26.571428571428573,623.0
723,2026-06-28,Growth,Europe,SaaS,Organic,1,11,18,28.0,4,0,0,129,8.75,18.25,28.0,4,94,8.75,18.25,94.0
724,2026-08-03,Starter,Europe,Finance,Referral,1,9,1,27.5,1,0,0,49,9.0,0.0,27.5,1,58,9.0,0.0,58.0
725,2025-07-05,Starter,North America,SaaS,Referral,1,26,30,57.0625,5,0,0,49,26.25,28.1875,57.0625,5,452,26.25,28.1875,452.0
726,2025-02-11,Growth,Asia Pacific,Manufacturing,Paid Search,1,30,25,75.2,0,0,0,129,28.65,24.65,75.2,0,596,28.65,24.65,596.0
727,2025-09-03,Starter,Latin America,Education,Organic,0,12,12,21.428571428571427,0,0,0,49,11.642857142857142,12.785714285714286,21.428571428571427,0,392,11.642857142857142,12.785714285714286,392.0
728,2026-09-30,Starter,Europe,Retail,Outbound Sales,1,73,18,97.0,3,0,0,49,88.0,16.0,97.0,3,0,88.0,16.0,0.0
729,2026-07-06,Starter,Europe,Retail,Referral,1,100,22,43.333333333333336,2,0,0,49,87.0,24.666666666666668,43.333333333333336,2,86,87.0,24.666666666666668,86.0
730,2025-03-02,Growth,Asia Pacific,Healthcare,Outbound Sales,1,58,25,58.9,1,0,0,129,54.0,22.3,58.9,1,577,54.0,22.3,577.0
731,2026-06-01,Starter,Asia Pacific,Education,Outbound Sales,1,22,9,72.6,0,0,0,49,20.8,7.8,72.6,0,121,20.8,7.8,121.0
732,2024-12-11,Starter,Asia Pacific,SaaS,Organic,1,65,11,62.68181818181818,0,0,0,49,67.54545454545455,9.5,62.68181818181818,0,658,67.54545454545455,9.5,658.0
733,2025-10-20,Growth,Latin America,Manufacturing,Outbound Sales,1,65,6,44.083333333333336,0,0,0,129,67.5,5.166666666666667,44.083333333333336,0,345,67.5,5.166666666666667,345.0
734,2026-04-28,Growth,Asia Pacific,Education,Outbound Sales,1,49,13,54.5,2,0,0,129,50.0,11.0,54.5,2,155,50.0,11.0,155.0
735,2026-01-11,Starter,Asia Pacific,Retail,Organic,1,57,26,56.333333333333336,0,0,0,49,52.22222222222222,24.0,56.333333333333336,0,262,52.22222222222222,24.0,262.0
736,2026-09-07,Growth,Latin America,Retail,Outbound Sales,0,34,24,50.0,2,0,0,129,36.0,15.0,50.0,2,23,36.0,15.0,23.0
737,2025-11-13,Enterprise,Latin America,Education,Partner,1,57,19,59.18181818181818,0,1,2026-01-17 00:00:00,399,53.18181818181818,18.545454545454547,59.18181818181818,0,321,53.18181818181818,18.545454545454547,65.0
738,2026-04-01,Starter,Asia Pacific,Education,Organic,0,38,24,82.85714285714286,0,0,0,49,39.0,24.285714285714285,82.85714285714286,0,182,39.0,24.285714285714285,182.0
739,2026-08-24,Growth,Latin America,Finance,Paid Search,1,35,24,47.5,1,0,0,129,40.0,22.0,47.5,1,37,40.0,22.0,37.0
740,2025-10-14,Growth,Europe,Retail,Referral,1,50,25,54.833333333333336,0,0,0,129,50.166666666666664,26.166666666666668,54.833333333333336,0,351,50.166666666666664,26.166666666666668,351.0
741,2024-11-11,Growth,North America,SaaS,Paid Search,1,32,16,48.78260869565217,0,0,0,129,30.869565217391305,15.521739130434783,48.78260869565217,0,688,30.869565217391305,15.521739130434783,688.0
742,2026-01-03,Growth,Latin America,Healthcare,Outbound Sales,1,48,16,86.2,0,0,0,129,45.5,15.7,86.2,0,270,45.5,15.7,270.0
743,2026-03-15,Starter,Asia Pacific,Finance,Paid Search,1,35,6,87.57142857142857,0,0,0,49,33.0,6.142857142857143,87.57142857142857,0,199,33.0,6.142857142857143,199.0
744,2025-02-15,Growth,Europe,SaaS,Partner,0,47,21,76.75,0,0,0,129,48.05,18.45,76.75,0,592,48.05,18.45,592.0
745,2026-01-16,Growth,Asia Pacific,SaaS,Organic,1,26,17,51.666666666666664,0,0,0,129,27.0,16.333333333333332,51.666666666666664,0,257,27.0,16.333333333333332,257.0
746,2025-11-04,Growth,North America,Finance,Organic,1,41,21,36.916666666666664,2,0,0,129,40.416666666666664,19.666666666666668,36.916666666666664,2,330,40.416666666666664,19.666666666666668,330.0
747,2026-08-11,Starter,Asia Pacific,Healthcare,Partner,0,44,15,17.5,0,0,0,49,46.5,17.0,17.5,0,50,46.5,17.0,50.0
748,2026-02-12,Growth,North America,SaaS,Paid Search,1,83,3,80.375,2,0,0,129,84.0,2.375,80.375,2,230,84.0,2.375,230.0
749,2025-04-04,Starter,Latin America,SaaS,Outbound Sales,1,41,26,83.42105263157895,1,0,0,49,38.473684210526315,26.157894736842106,83.42105263157895,1,544,38.473684210526315,26.157894736842106,544.0
750,2026-01-18,Enterprise,Europe,SaaS,Referral,0,16,7,71.11111111111111,3,0,0,399,14.88888888888889,5.555555555555555,71.11111111111111,3,255,14.88888888888889,5.555555555555555,255.0
751,2025-04-28,Starter,Asia Pacific,Retail,Organic,1,68,11,78.66666666666667,2,0,0,49,68.0,9.5,78.66666666666667,2,520,68.0,9.5,520.0
752,2026-04-17,Growth,Asia Pacific,SaaS,Outbound Sales,1,53,23,43.333333333333336,0,0,0,129,46.666666666666664,21.5,43.333333333333336,0,166,46.666666666666664,21.5,166.0
753,2026-08-27,Starter,Latin America,Education,Organic,1,64,16,61.5,0,0,0,49,66.5,18.5,61.5,0,34,66.5,18.5,34.0
754,2025-08-02,Starter,Asia Pacific,Healthcare,Organic,1,34,9,74.06666666666666,1,0,0,49,33.4,8.0,74.06666666666666,1,424,33.4,8.0,424.0
755,2026-07-22,Starter,Europe,Finance,Referral,1,30,39,90.33333333333333,1,0,0,49,31.333333333333332,38.333333333333336,90.33333333333333,1,70,31.333333333333332,38.333333333333336,70.0
756,2026-05-04,Starter,Asia Pacific,Finance,Organic,1,69,24,38.6,0,0,0,49,64.0,26.0,38.6,0,149,64.0,26.0,149.0
757,2026-03-09,Starter,North America,Healthcare,Referral,1,16,18,40.857142857142854,2,0,0,49,15.714285714285714,18.142857142857142,40.857142857142854,2,205,15.714285714285714,18.142857142857142,205.0
758,2026-02-18,Starter,Latin America,Education,Partner,1,52,32,66.375,0,0,0,49,47.25,32.75,66.375,0,224,47.25,32.75,224.0
759,2026-01-19,Starter,Europe,Education,Paid Search,1,28,14,17.0,0,0,0,49,28.666666666666668,14.555555555555555,17.0,0,254,28.666666666666668,14.555555555555555,254.0
760,2026-06-28,Growth,Europe,Finance,Partner,1,64,16,60.0,0,0,0,129,59.5,15.0,60.0,0,94,59.5,15.0,94.0
761,2025-07-31,Starter,Asia Pacific,SaaS,Paid Search,0,36,29,64.13333333333334,0,0,0,49,38.06666666666667,26.666666666666668,64.13333333333334,0,426,38.06666666666667,26.666666666666668,426.0
762,2025-09-25,Starter,Latin America,Education,Referral,0,5,27,75.92307692307692,3,0,0,49,4.3076923076923075,27.307692307692307,75.92307692307692,3,370,4.3076923076923075,27.307692307692307,370.0
763,2025-07-08,Starter,Asia Pacific,Finance,Outbound Sales,0,26,23,60.13333333333333,0,0,0,49,23.933333333333334,23.266666666666666,60.13333333333333,0,449,23.933333333333334,23.266666666666666,449.0
764,2025-01-26,Starter,Europe,Healthcare,Paid Search,0,41,17,63.23809523809524,4,0,0,49,39.285714285714285,17.047619047619047,63.23809523809524,4,612,39.285714285714285,17.047619047619047,612.0
765,2025-08-11,Starter,Europe,Manufacturing,Referral,1,56,38,52.42857142857143,3,0,0,49,56.285714285714285,38.5,52.42857142857143,3,415,56.285714285714285,38.5,415.0
766,2026-02-03,Enterprise,Latin America,Healthcare,Paid Search,0,43,23,67.25,0,0,0,399,42.625,24.75,67.25,0,239,42.625,24.75,239.0
767,2025-07-06,Starter,North America,Education,Outbound Sales,0,75,28,73.3125,0,0,0,49,74.75,30.0,73.3125,0,451,74.75,30.0,451.0
768,2026-02-17,Growth,Asia Pacific,Education,Outbound Sales,1,56,23,79.0,5,0,0,129,53.5,22.0,79.0,5,225,53.5,22.0,225.0
769,2026-06-05,Starter,Europe,Finance,Referral,1,34,9,88.5,4,0,0,49,38.25,8.0,88.5,4,117,38.25,8.0,117.0
770,2026-07-16,Enterprise,Asia Pacific,Manufacturing,Partner,0,65,29,44.0,5,0,0,399,65.0,22.666666666666668,44.0,5,76,65.0,22.666666666666668,76.0
771,2026-09-14,Growth,Asia Pacific,Finance,Partner,1,55,17,100.0,2,0,0,129,57.0,22.0,100.0,2,16,57.0,22.0,16.0
772,2025-11-22,Starter,North America,Retail,Organic,1,35,8,42.45454545454545,2,0,0,49,32.81818181818182,6.909090909090909,42.45454545454545,2,312,32.81818181818182,6.909090909090909,312.0
773,2025-10-09,Growth,North America,Finance,Partner,1,38,30,56.333333333333336,1,0,0,129,34.916666666666664,26.583333333333332,56.333333333333336,1,356,34.916666666666664,26.583333333333332,356.0
774,2024-11-28,Growth,Asia Pacific,Retail,Paid Search,1,21,21,31.565217391304348,0,0,0,129,20.47826086956522,20.17391304347826,31.565217391304348,0,671,20.47826086956522,20.17391304347826,671.0
775,2026-03-20,Growth,Latin America,SaaS,Outbound Sales,1,23,26,25.142857142857142,6,0,0,129,23.857142857142858,26.571428571428573,25.142857142857142,6,194,23.857142857142858,26.571428571428573,194.0
776,2025-09-27,Growth,North America,Education,Paid Search,0,65,14,69.53846153846153,3,0,0,129,60.30769230769231,14.307692307692308,69.53846153846153,3,368,60.30769230769231,14.307692307692308,368.0
777,2025-05-04,Starter,Asia Pacific,SaaS,Outbound Sales,0,31,1,85.66666666666667,0,0,0,49,30.555555555555557,0.4444444444444444,85.66666666666667,0,514,30.555555555555557,0.4444444444444444,514.0
778,2026-03-13,Growth,Europe,Finance,Paid Search,1,53,14,40.0,0,0,0,129,50.42857142857143,13.142857142857142,40.0,0,201,50.42857142857143,13.142857142857142,201.0
779,2025-06-04,Starter,North America,Education,Referral,1,44,4,83.76470588235294,0,0,0,49,45.294117647058826,3.6470588235294117,83.76470588235294,0,483,45.294117647058826,3.6470588235294117,483.0
780,2025-10-28,Starter,Asia Pacific,Education,Partner,1,27,8,51.25,4,0,0,49,27.083333333333332,7.75,51.25,4,337,27.083333333333332,7.75,337.0
781,2025-07-21,Growth,Latin America,SaaS,Referral,1,19,30,70.8,1,0,0,129,18.333333333333332,26.333333333333332,70.8,1,436,18.333333333333332,26.333333333333332,436.0
782,2025-10-13,Starter,Asia Pacific,Healthcare,Referral,1,32,12,40.916666666666664,0,0,0,49,33.25,10.25,40.916666666666664,0,352,33.25,10.25,352.0
783,2025-08-12,Growth,Europe,Manufacturing,Organic,0,38,9,22.571428571428573,3,1,2026-07-13 00:00:00,129,37.642857142857146,9.214285714285714,22.571428571428573,3,414,37.642857142857146,9.214285714285714,335.0
784,2025-08-08,Starter,Latin America,Education,Organic,1,29,21,56.0,0,0,0,49,27.0,21.571428571428573,56.0,0,418,27.0,21.571428571428573,418.0
785,2026-05-22,Enterprise,Asia Pacific,SaaS,Outbound Sales,1,23,16,67.2,0,0,0,399,20.6,14.6,67.2,0,131,20.6,14.6,131.0
786,2024-11-09,Enterprise,Europe,Education,Referral,1,66,16,70.79166666666667,0,0,0,399,62.875,16.25,70.79166666666667,0,690,62.875,16.25,690.0
787,2026-04-12,Growth,Europe,Education,Outbound Sales,1,68,16,57.5,1,0,0,129,71.5,13.333333333333334,57.5,1,171,71.5,13.333333333333334,171.0
788,2025-05-13,Starter,North America,Healthcare,Outbound Sales,1,21,20,59.8235294117647,0,0,0,49,19.823529411764707,18.705882352941178,59.8235294117647,0,505,19.823529411764707,18.705882352941178,505.0
789,2025-01-25,Starter,North America,SaaS,Paid Search,1,65,17,63.95238095238095,4,0,0,49,68.80952380952381,16.095238095238095,63.95238095238095,4,613,68.80952380952381,16.095238095238095,613.0
790,2025-07-04,Starter,Latin America,Education,Outbound Sales,0,0,17,65.1875,0,0,0,49,0.0,16.125,65.1875,0,453,0.0,16.125,453.0
791,2025-12-20,Enterprise,Latin America,Retail,Outbound Sales,0,37,21,78.0,1,0,0,399,36.2,18.8,78.0,1,284,36.2,18.8,284.0
792,2026-03-14,Starter,North America,Finance,Organic,1,46,9,40.142857142857146,3,0,0,49,43.857142857142854,8.0,40.142857142857146,3,200,43.857142857142854,8.0,200.0
793,2026-05-21,Starter,North America,SaaS,Outbound Sales,1,35,10,65.6,0,0,0,49,29.8,9.4,65.6,0,132,29.8,9.4,132.0
794,2025-07-03,Growth,Asia Pacific,Healthcare,Outbound Sales,1,35,24,55.4375,1,0,0,129,33.625,21.9375,55.4375,1,454,33.625,21.9375,454.0
795,2026-03-01,Growth,Asia Pacific,Retail,Partner,1,44,18,37.125,1,0,0,129,47.0,18.625,37.125,1,213,47.0,18.625,213.0
796,2026-08-22,Enterprise,Asia Pacific,Education,Partner,0,61,16,42.5,0,1,2026-09-28 00:00:00,399,74.0,18.0,42.5,0,39,74.0,18.0,37.0
797,2026-01-31,Starter,North America,Finance,Referral,1,53,21,29.88888888888889,2,0,0,49,51.888888888888886,19.444444444444443,29.88888888888889,2,242,51.888888888888886,19.444444444444443,242.0
798,2024-11-16,Enterprise,Europe,Education,Referral,0,0,16,83.34782608695652,0,0,0,399,0.0,14.347826086956522,83.34782608695652,0,683,0.0,14.347826086956522,683.0
799,2025-02-02,Starter,North America,SaaS,Paid Search,1,47,23,38.0,1,0,0,49,47.04761904761905,22.238095238095237,38.0,1,605,47.04761904761905,22.238095238095237,605.0
800,2025-08-27,Starter,Latin America,Retail,Paid Search,0,44,2,26.5,0,0,0,49,42.642857142857146,1.3571428571428572,26.5,0,399,42.642857142857146,1.3571428571428572,399.0
801,2025-06-13,Growth,Europe,Healthcare,Partner,1,59,13,28.0,2,0,0,129,60.8125,14.1875,28.0,2,474,60.8125,14.1875,474.0
802,2025-12-18,Starter,Europe,Healthcare,Outbound Sales,1,44,24,55.5,5,0,0,49,42.6,26.5,55.5,5,286,42.6,26.5,286.0
803,2025-07-06,Growth,Asia Pacific,Education,Paid Search,1,22,0,70.25,2,0,0,129,21.4375,0.0,70.25,2,451,21.4375,0.0,451.0
804,2025-09-08,Enterprise,Latin America,Manufacturing,Referral,1,68,13,74.76923076923077,1,0,0,399,71.15384615384616,12.307692307692308,74.76923076923077,1,387,71.15384615384616,12.307692307692308,387.0
805,2026-09-09,Growth,North America,Finance,Partner,1,68,26,43.0,2,0,0,129,52.0,35.0,43.0,2,21,52.0,35.0,21.0
806,2026-06-17,Starter,Europe,Finance,Organic,0,22,12,61.25,0,0,0,49,23.75,11.0,61.25,0,105,23.75,11.0,105.0
807,2025-11-11,Growth,Asia Pacific,Manufacturing,Paid Search,1,46,15,46.72727272727273,1,0,0,129,46.09090909090909,14.090909090909092,46.72727272727273,1,323,46.09090909090909,14.090909090909092,323.0
808,2026-02-26,Growth,Europe,Retail,Referral,1,57,9,44.625,1,0,0,129,60.375,8.125,44.625,1,216,60.375,8.125,216.0
809,2026-05-19,Growth,North America,Finance,Paid Search,1,50,4,69.0,2,0,0,129,45.0,3.8,69.0,2,134,45.0,3.8,134.0
810,2026-04-26,Starter,Europe,Manufacturing,Outbound Sales,1,51,13,64.16666666666667,0,0,0,49,49.666666666666664,13.833333333333334,64.16666666666667,0,157,49.666666666666664,13.833333333333334,157.0
811,2025-10-17,Starter,Asia Pacific,Education,Paid Search,1,50,12,63.75,1,0,0,49,50.75,11.666666666666666,63.75,1,348,50.75,11.666666666666666,348.0
812,2026-01-08,Starter,Europe,Finance,Paid Search,1,30,30,55.333333333333336,0,0,0,49,31.22222222222222,27.77777777777778,55.333333333333336,0,265,31.22222222222222,27.77777777777778,265.0
813,2026-05-16,Enterprise,Europe,Finance,Partner,1,53,10,72.2,2,0,0,399,48.8,10.6,72.2,2,137,48.8,10.6,137.0
814,2025-10-03,Starter,Asia Pacific,Finance,Referral,1,36,6,83.38461538461539,1,0,0,49,37.84615384615385,4.923076923076923,83.38461538461539,1,362,37.84615384615385,4.923076923076923,362.0
815,2025-10-25,Starter,North America,Manufacturing,Organic,1,48,13,69.16666666666667,0,0,0,49,48.916666666666664,11.916666666666666,69.16666666666667,0,340,48.916666666666664,11.916666666666666,340.0
816,2026-02-06,Starter,Latin America,Manufacturing,Partner,1,67,26,61.0,0,0,0,49,74.25,22.375,61.0,0,236,74.25,22.375,236.0
817,2025-08-03,Starter,Europe,Education,Referral,1,45,12,57.733333333333334,2,0,0,49,46.333333333333336,11.466666666666667,57.733333333333334,2,423,46.333333333333336,11.466666666666667,423.0
818,2025-09-08,Starter,Asia Pacific,Finance,Organic,1,61,23,47.76923076923077,4,0,0,49,60.15384615384615,21.0,47.76923076923077,4,387,60.15384615384615,21.0,387.0
819,2025-07-14,Growth,Europe,Healthcare,Partner,1,21,19,18.533333333333335,1,1,2025-12-09 00:00:00,129,21.733333333333334,19.133333333333333,18.533333333333335,1,443,21.733333333333334,19.133333333333333,148.0
820,2025-03-02,Starter,North America,Finance,Outbound Sales,1,58,20,53.9,0,0,0,49,57.35,18.6,53.9,0,577,57.35,18.6,577.0
821,2025-05-15,Growth,Latin America,Manufacturing,Organic,1,41,22,92.0,4,0,0,129,42.35294117647059,22.705882352941178,92.0,4,503,42.35294117647059,22.705882352941178,503.0
822,2025-09-18,Enterprise,Europe,Manufacturing,Paid Search,1,73,16,65.23076923076923,6,0,0,399,73.38461538461539,16.46153846153846,65.23076923076923,6,377,73.38461538461539,16.46153846153846,377.0
823,2025-03-01,Growth,North America,SaaS,Referral,1,21,20,59.3,0,0,0,129,19.55,18.25,59.3,0,578,19.55,18.25,578.0
824,2026-05-01,Starter,Asia Pacific,Manufacturing,Paid Search,1,50,5,38.833333333333336,0,0,0,49,49.833333333333336,4.5,38.833333333333336,0,152,49.833333333333336,4.5,152.0
825,2025-05-07,Enterprise,Latin America,Education,Referral,0,12,22,19.11111111111111,0,0,0,399,10.777777777777779,22.5,19.11111111111111,0,511,10.777777777777779,22.5,511.0
826,2025-05-14,Growth,North America,Retail,Paid Search,0,60,19,22.941176470588236,1,0,0,129,58.411764705882355,16.058823529411764,22.941176470588236,1,504,58.411764705882355,16.058823529411764,504.0
827,2025-06-08,Growth,North America,SaaS,Referral,1,64,30,72.5625,0,0,0,129,63.9375,27.75,72.5625,0,479,63.9375,27.75,479.0
828,2026-03-09,Growth,Latin America,Finance,Partner,0,27,28,79.42857142857143,3,0,0,129,23.571428571428573,27.0,79.42857142857143,3,205,23.571428571428573,27.0,205.0
829,2025-08-09,Starter,Latin America,Retail,Partner,1,29,12,65.92857142857143,0,0,0,49,29.5,11.5,65.92857142857143,0,417,29.5,11.5,417.0
830,2026-06-25,Enterprise,North America,Finance,Paid Search,1,7,24,77.25,1,0,0,399,8.0,22.75,77.25,1,97,8.0,22.75,97.0
831,2026-04-20,Starter,North America,SaaS,Organic,1,19,25,12.666666666666666,1,0,0,49,18.5,24.833333333333332,12.666666666666666,1,163,18.5,24.833333333333332,163.0
832,2026-07-03,Starter,Asia Pacific,Education,Paid Search,1,52,20,32.333333333333336,0,0,0,49,53.666666666666664,18.333333333333332,32.333333333333336,0,89,53.666666666666664,18.333333333333332,89.0
833,2025-08-15,Starter,Europe,SaaS,Partner,1,8,4,90.28571428571429,1,0,0,49,7.571428571428571,3.2857142857142856,90.28571428571429,1,411,7.571428571428571,3.2857142857142856,411.0
834,2025-02-09,Enterprise,Latin America,Retail,Referral,1,8,23,22.95,1,0,0,399,8.2,22.55,22.95,1,598,8.2,22.55,598.0
835,2025-05-16,Starter,Asia Pacific,Education,Outbound Sales,1,53,14,54.8235294117647,0,0,0,49,50.0,12.0,54.8235294117647,0,502,50.0,12.0,502.0
836,2025-08-29,Starter,North America,Education,Referral,1,57,28,46.07142857142857,3,0,0,49,55.642857142857146,31.714285714285715,46.07142857142857,3,397,55.642857142857146,31.714285714285715,397.0
837,2025-06-19,Starter,Europe,Healthcare,Organic,1,60,29,53.375,1,0,0,49,58.4375,27.3125,53.375,1,468,58.4375,27.3125,468.0
838,2025-11-03,Growth,Latin America,Education,Organic,1,43,30,59.0,0,0,0,129,43.083333333333336,30.75,59.0,0,331,43.083333333333336,30.75,331.0
839,2025-05-01,Starter,Latin America,Retail,Organic,0,39,0,72.05555555555556,0,0,0,49,37.611111111111114,0.0,72.05555555555556,0,517,37.611111111111114,0.0,517.0
840,2025-09-04,Starter,Asia Pacific,Manufacturing,Outbound Sales,0,57,17,72.5,3,0,0,49,54.142857142857146,14.285714285714286,72.5,3,391,54.142857142857146,14.285714285714286,391.0
841,2024-11-13,Starter,Asia Pacific,Retail,Outbound Sales,1,83,20,83.69565217391305,1,0,0,49,80.17391304347827,18.82608695652174,83.69565217391305,1,686,80.17391304347827,18.82608695652174,686.0
842,2026-04-29,Growth,Asia Pacific,Retail,Outbound Sales,1,52,14,62.0,0,0,0,129,56.833333333333336,13.0,62.0,0,154,56.833333333333336,13.0,154.0
843,2025-03-08,Starter,Europe,SaaS,Partner,1,85,34,32.35,0,0,0,49,86.1,31.1,32.35,0,571,86.1,31.1,571.0
844,2025-08-06,Enterprise,North America,SaaS,Organic,1,44,10,51.93333333333333,1,0,0,399,42.266666666666666,10.0,51.93333333333333,1,420,42.266666666666666,10.0,420.0
845,2024-12-15,Starter,Asia Pacific,Healthcare,Organic,1,36,4,69.13636363636364,0,0,0,49,36.0,3.3636363636363638,69.13636363636364,0,654,36.0,3.3636363636363638,654.0
846,2024-12-24,Growth,Asia Pacific,Healthcare,Partner,1,71,2,32.81818181818182,0,0,0,129,69.45454545454545,1.4545454545454546,32.81818181818182,0,645,69.45454545454545,1.4545454545454546,645.0
847,2026-05-19,Growth,Europe,Healthcare,Partner,1,59,32,87.8,2,0,0,129,50.0,30.8,87.8,2,134,50.0,30.8,134.0
848,2025-08-25,Growth,Europe,Manufacturing,Referral,1,44,20,27.928571428571427,1,0,0,129,44.42857142857143,19.857142857142858,27.928571428571427,1,401,44.42857142857143,19.857142857142858,401.0
849,2025-03-08,Growth,Europe,Healthcare,Referral,1,56,27,70.3,1,0,0,129,55.6,26.3,70.3,1,571,55.6,26.3,571.0
850,2026-08-14,Growth,Asia Pacific,Manufacturing,Outbound Sales,1,33,11,93.0,0,0,0,129,29.5,8.5,93.0,0,47,29.5,8.5,47.0
851,2026-03-16,Starter,Latin America,Healthcare,Outbound Sales,1,40,17,45.0,3,0,0,49,40.142857142857146,18.428571428571427,45.0,3,198,40.142857142857146,18.428571428571427,198.0
852,2025-02-12,Starter,Europe,SaaS,Referral,1,14,7,75.1,1,0,0,49,13.7,6.25,75.1,1,595,13.7,6.25,595.0
853,2024-11-11,Starter,Asia Pacific,Healthcare,Organic,1,61,12,74.17391304347827,1,0,0,49,57.30434782608695,12.043478260869565,74.17391304347827,1,688,57.30434782608695,12.043478260869565,688.0
854,2026-06-09,Growth,North America,Retail,Paid Search,1,31,34,61.5,3,0,0,129,32.0,42.75,61.5,3,113,32.0,42.75,113.0
855,2025-08-17,Starter,Latin America,SaaS,Outbound Sales,1,57,17,69.85714285714286,1,0,0,49,59.92857142857143,16.428571428571427,69.85714285714286,1,409,59.92857142857143,16.428571428571427,409.0
856,2026-02-22,Growth,Europe,Finance,Paid Search,1,59,32,94.625,3,0,0,129,57.875,31.5,94.625,3,220,57.875,31.5,220.0
857,2026-03-04,Starter,Asia Pacific,Healthcare,Partner,1,44,30,87.5,4,0,0,49,46.5,30.875,87.5,4,210,46.5,30.875,210.0
858,2026-01-24,Enterprise,Latin America,Education,Referral,0,26,29,32.22222222222222,2,0,0,399,22.555555555555557,27.444444444444443,32.22222222222222,2,249,22.555555555555557,27.444444444444443,249.0
859,2025-10-13,Growth,Europe,Healthcare,Referral,1,21,5,77.5,4,0,0,129,21.083333333333332,4.666666666666667,77.5,4,352,21.083333333333332,4.666666666666667,352.0
860,2025-05-06,Growth,Europe,Manufacturing,Referral,1,28,27,56.5,1,0,0,129,28.444444444444443,27.666666666666668,56.5,1,512,28.444444444444443,27.666666666666668,512.0
861,2024-12-21,Growth,North America,SaaS,Partner,1,71,1,46.68181818181818,0,0,0,129,66.22727272727273,0.5,46.68181818181818,0,648,66.22727272727273,0.5,648.0
862,2025-07-15,Growth,Asia Pacific,Finance,Paid Search,1,62,28,65.13333333333334,2,0,0,129,59.86666666666667,28.0,65.13333333333334,2,442,59.86666666666667,28.0,442.0
863,2026-03-03,Growth,Asia Pacific,Retail,Partner,0,73,21,57.875,0,0,0,129,65.375,19.75,57.875,0,211,65.375,19.75,211.0
864,2025-02-23,Starter,Europe,Education,Outbound Sales,1,41,24,92.3,0,0,0,49,41.2,24.4,92.3,0,584,41.2,24.4,584.0
865,2025-01-04,Growth,North America,Retail,Paid Search,1,60,10,57.31818181818182,1,0,0,129,60.5,9.318181818181818,57.31818181818182,1,634,60.5,9.318181818181818,634.0
866,2025-12-14,Starter,Europe,Healthcare,Referral,0,40,15,56.6,0,0,0,49,39.1,13.9,56.6,0,290,39.1,13.9,290.0
867,2026-03-17,Starter,North America,Retail,Partner,0,69,23,68.28571428571429,0,0,0,49,70.0,21.571428571428573,68.28571428571429,0,197,70.0,21.571428571428573,197.0
868,2025-01-13,Enterprise,North America,Education,Outbound Sales,1,19,16,83.0952380952381,2,0,0,399,17.428571428571427,16.523809523809526,83.0952380952381,2,625,17.428571428571427,16.523809523809526,625.0
869,2026-06-12,Starter,North America,Education,Partner,1,40,16,46.5,2,0,0,49,42.75,15.25,46.5,2,110,42.75,15.25,110.0
870,2026-08-05,Starter,Latin America,SaaS,Paid Search,1,48,21,63.0,0,0,0,49,35.5,18.0,63.0,0,56,35.5,18.0,56.0
871,2024-12-23,Starter,North America,Finance,Paid Search,1,52,24,80.81818181818181,1,0,0,49,52.0,24.5,80.81818181818181,1,646,52.0,24.5,646.0
872,2025-04-03,Enterprise,Latin America,Education,Partner,0,43,27,39.63157894736842,0,0,0,399,40.1578947368421,24.57894736842105,39.63157894736842,0,545,40.1578947368421,24.57894736842105,545.0
873,2025-03-31,Starter,Asia Pacific,Education,Referral,1,74,10,92.26315789473684,1,0,0,49,71.21052631578948,9.947368421052632,92.26315789473684,1,548,71.21052631578948,9.947368421052632,548.0
874,2026-05-29,Growth,North America,Manufacturing,Outbound Sales,1,46,14,0.0,4,0,0,129,47.4,13.4,0.0,4,124,47.4,13.4,124.0
875,2025-09-06,Growth,Latin America,Manufacturing,Outbound Sales,1,31,19,78.0,1,0,0,129,29.46153846153846,19.153846153846153,78.0,1,389,29.46153846153846,19.153846153846153,389.0
876,2025-01-25,Starter,North America,Retail,Organic,1,33,17,26.095238095238095,3,0,0,49,32.38095238095238,16.142857142857142,26.095238095238095,3,613,32.38095238095238,16.142857142857142,613.0
877,2025-07-11,Starter,Latin America,Finance,Paid Search,0,41,22,82.73333333333333,3,1,2025-10-09 00:00:00,49,42.13333333333333,22.4,82.73333333333333,3,446,42.13333333333333,22.4,90.0
878,2026-05-24,Growth,Asia Pacific,Finance,Outbound Sales,1,57,12,49.2,0,1,2026-09-28 00:00:00,129,53.4,13.2,49.2,0,129,53.4,13.2,127.0
879,2025-12-30,Starter,Latin America,Healthcare,Organic,0,60,28,85.7,1,0,0,49,61.2,26.6,85.7,1,274,61.2,26.6,274.0
880,2026-07-12,Growth,Latin America,SaaS,Outbound Sales,1,45,5,33.0,4,0,0,129,46.0,4.0,33.0,4,80,46.0,4.0,80.0
881,2026-07-02,Starter,Asia Pacific,Retail,Organic,1,14,8,48.5,2,0,0,49,14.25,7.0,48.5,2,90,14.25,7.0,90.0
882,2026-07-25,Starter,North America,Education,Paid Search,1,27,18,48.0,6,0,0,49,27.0,19.666666666666668,48.0,6,67,27.0,19.666666666666668,67.0
883,2025-06-18,Starter,Europe,SaaS,Partner,1,45,25,14.875,0,0,0,49,45.125,25.625,14.875,0,469,45.125,25.625,469.0
884,2026-04-18,Starter,Latin America,Retail,Paid Search,0,41,0,37.333333333333336,3,0,0,49,39.833333333333336,0.0,37.333333333333336,3,165,39.833333333333336,0.0,165.0
885,2025-11-23,Starter,Latin America,Finance,Partner,1,61,17,46.0,1,0,0,49,58.27272727272727,17.727272727272727,46.0,1,311,58.27272727272727,17.727272727272727,311.0
886,2026-02-03,Enterprise,Latin America,Healthcare,Partner,1,71,22,52.5,0,0,0,399,67.375,20.0,52.5,0,239,67.375,20.0,239.0
887,2026-01-26,Enterprise,Europe,Healthcare,Paid Search,0,56,9,31.666666666666668,0,0,0,399,55.888888888888886,9.333333333333334,31.666666666666668,0,247,55.888888888888886,9.333333333333334,247.0
888,2025-08-30,Growth,North America,Education,Partner,1,45,22,61.785714285714285,5,0,0,129,47.214285714285715,21.142857142857142,61.785714285714285,5,396,47.214285714285715,21.142857142857142,396.0
889,2026-06-24,Enterprise,Asia Pacific,Retail,Partner,1,38,25,46.5,1,0,0,399,31.25,24.0,46.5,1,98,31.25,24.0,98.0
890,2026-01-12,Starter,Asia Pacific,Healthcare,Partner,1,32,10,86.55555555555556,0,0,0,49,29.11111111111111,9.444444444444445,86.55555555555556,0,261,29.11111111111111,9.444444444444445,261.0
891,2025-09-07,Growth,Latin America,Retail,Partner,1,63,13,38.69230769230769,0,0,0,129,60.07692307692308,13.153846153846153,38.69230769230769,0,388,60.07692307692308,13.153846153846153,388.0
892,2026-06-04,Growth,North America,Healthcare,Referral,1,23,16,74.75,0,0,0,129,21.75,12.25,74.75,0,118,21.75,12.25,118.0
893,2026-07-27,Growth,Latin America,SaaS,Partner,1,57,20,42.666666666666664,2,0,0,129,65.66666666666667,19.0,42.666666666666664,2,65,65.66666666666667,19.0,65.0
894,2024-12-30,Starter,Europe,Education,Paid Search,1,35,12,40.22727272727273,0,0,0,49,32.68181818181818,12.136363636363637,40.22727272727273,0,639,32.68181818181818,12.136363636363637,639.0
895,2026-07-16,Growth,North America,Retail,Paid Search,0,30,13,46.666666666666664,0,0,0,129,26.666666666666668,13.666666666666666,46.666666666666664,0,76,26.666666666666668,13.666666666666666,76.0
896,2025-02-08,Starter,Asia Pacific,Finance,Partner,1,49,30,76.4,0,0,0,49,47.95,28.5,76.4,0,599,47.95,28.5,599.0
897,2025-05-30,Growth,Latin America,Manufacturing,Outbound Sales,1,70,18,86.41176470588235,0,0,0,129,65.05882352941177,18.647058823529413,86.41176470588235,0,488,65.05882352941177,18.647058823529413,488.0
898,2026-08-01,Growth,Europe,Finance,Paid Search,1,72,12,80.33333333333333,0,0,0,129,70.33333333333333,13.333333333333334,80.33333333333333,0,60,70.33333333333333,13.333333333333334,60.0
899,2025-06-03,Enterprise,Latin America,SaaS,Organic,0,70,24,50.705882352941174,2,0,0,399,71.05882352941177,23.0,50.705882352941174,2,484,71.05882352941177,23.0,484.0
900,2025-07-27,Starter,North America,Healthcare,Referral,1,10,4,58.0,0,0,0,49,9.466666666666667,3.6666666666666665,58.0,0,430,9.466666666666667,3.6666666666666665,430.0
901,2026-09-06,Starter,North America,Finance,Organic,1,46,23,61.0,1,1,2026-09-30 00:00:00,49,49.0,25.0,61.0,1,24,49.0,25.0,24.0
902,2025-01-21,Starter,North America,Retail,Partner,1,15,23,71.57142857142857,1,0,0,49,13.904761904761905,24.80952380952381,71.57142857142857,1,617,13.904761904761905,24.80952380952381,617.0
903,2025-04-08,Growth,Latin America,Finance,Paid Search,1,73,20,77.63157894736842,2,0,0,129,69.15789473684211,18.57894736842105,77.63157894736842,2,540,69.15789473684211,18.57894736842105,540.0
904,2025-07-02,Growth,Latin America,SaaS,Referral,1,30,24,32.625,3,0,0,129,31.6875,22.25,32.625,3,455,31.6875,22.25,455.0
905,2025-04-25,Enterprise,Asia Pacific,Retail,Paid Search,1,58,27,78.61111111111111,4,0,0,399,58.888888888888886,24.5,78.61111111111111,4,523,58.888888888888886,24.5,523.0
906,2026-05-18,Enterprise,Europe,Manufacturing,Outbound Sales,0,26,26,72.0,2,0,0,399,24.6,29.0,72.0,2,135,24.6,29.0,135.0
907,2025-01-14,Starter,Latin America,SaaS,Paid Search,1,66,19,20.476190476190474,0,0,0,49,62.142857142857146,16.904761904761905,20.476190476190474,0,624,62.142857142857146,16.904761904761905,624.0
908,2025-04-08,Growth,North America,SaaS,Outbound Sales,0,58,24,87.94736842105263,0,0,0,129,55.68421052631579,22.842105263157894,87.94736842105263,0,540,55.68421052631579,22.842105263157894,540.0
909,2024-11-01,Growth,Europe,Retail,Organic,1,54,7,57.333333333333336,0,0,0,129,52.625,6.833333333333333,57.333333333333336,0,698,52.625,6.833333333333333,698.0
910,2025-12-22,Growth,North America,Retail,Partner,1,33,11,88.3,0,0,0,129,32.6,9.9,88.3,0,282,32.6,9.9,282.0
911,2026-02-03,Growth,Latin America,Education,Outbound Sales,1,56,24,72.5,0,0,0,129,48.625,24.5,72.5,0,239,48.625,24.5,239.0
912,2026-06-30,Starter,Latin America,SaaS,Referral,1,68,16,80.5,4,1,2026-08-29 00:00:00,49,65.0,16.5,80.5,4,92,65.0,16.5,60.0
913,2025-08-24,Starter,Latin America,Healthcare,Organic,1,59,16,61.214285714285715,0,0,0,49,57.285714285714285,16.214285714285715,61.214285714285715,0,402,57.285714285714285,16.214285714285715,402.0
914,2024-12-02,Starter,Latin America,Finance,Paid Search,0,36,12,49.91304347826087,1,0,0,49,35.95652173913044,12.130434782608695,49.91304347826087,1,667,35.95652173913044,12.130434782608695,667.0
915,2025-06-24,Enterprise,North America,Finance,Partner,1,28,8,1.4375,0,0,0,399,25.875,8.6875,1.4375,0,463,25.875,8.6875,463.0
916,2025-08-21,Growth,Asia Pacific,Retail,Outbound Sales,0,55,3,46.5,4,0,0,129,59.142857142857146,2.5714285714285716,46.5,4,405,59.142857142857146,2.5714285714285716,405.0
917,2025-08-15,Starter,Latin America,Finance,Partner,1,50,14,34.5,0,0,0,49,51.642857142857146,11.928571428571429,34.5,0,411,51.642857142857146,11.928571428571429,411.0
918,2026-02-06,Growth,Asia Pacific,Healthcare,Outbound Sales,1,40,12,89.5,3,0,0,129,38.25,9.625,89.5,3,236,38.25,9.625,236.0
919,2025-01-10,Growth,Latin America,Manufacturing,Organic,1,44,23,47.904761904761905,2,0,0,129,43.38095238095238,23.142857142857142,47.904761904761905,2,628,43.38095238095238,23.142857142857142,628.0
920,2025-06-26,Growth,Latin America,Finance,Paid Search,1,79,13,91.5,1,0,0,129,81.5,13.0,91.5,1,461,81.5,13.0,461.0
921,2025-07-27,Growth,Latin America,SaaS,Referral,1,39,38,37.06666666666667,0,0,0,129,37.733333333333334,41.06666666666667,37.06666666666667,0,430,37.733333333333334,41.06666666666667,430.0
922,2026-08-01,Starter,Europe,Manufacturing,Paid Search,1,81,20,75.33333333333333,1,0,0,49,73.0,22.0,75.33333333333333,1,60,73.0,22.0,60.0
923,2026-06-25,Enterprise,North America,SaaS,Paid Search,1,38,22,67.0,0,0,0,399,42.25,17.75,67.0,0,97,42.25,17.75,97.0
924,2026-09-07,Growth,Latin America,Education,Referral,1,15,24,78.0,4,0,0,129,15.0,29.0,78.0,4,23,15.0,29.0,23.0
925,2025-05-20,Starter,Europe,Education,Paid Search,0,79,20,82.05882352941177,0,0,0,49,76.94117647058823,20.0,82.05882352941177,0,498,76.94117647058823,20.0,498.0
926,2026-01-08,Starter,Latin America,Education,Outbound Sales,1,61,22,91.11111111111111,1,0,0,49,61.666666666666664,21.333333333333332,91.11111111111111,1,265,61.666666666666664,21.333333333333332,265.0
927,2025-02-24,Starter,Asia Pacific,Healthcare,Organic,0,63,24,46.95,2,0,0,49,60.45,20.6,46.95,2,583,60.45,20.6,583.0
928,2026-05-10,Growth,Asia Pacific,Finance,Outbound Sales,1,48,5,38.2,1,0,0,129,44.6,5.2,38.2,1,143,44.6,5.2,143.0
929,2025-06-17,Growth,Latin America,Education,Organic,1,2,16,90.875,3,0,0,129,1.625,14.75,90.875,3,470,1.625,14.75,470.0
930,2026-08-24,Starter,North America,Manufacturing,Paid Search,1,13,19,52.0,0,0,0,49,14.0,19.0,52.0,0,37,14.0,19.0,37.0
931,2025-03-31,Starter,North America,Manufacturing,Referral,1,44,28,43.526315789473685,10,1,2026-08-08 00:00:00,49,44.68421052631579,29.0,43.526315789473685,10,548,44.68421052631579,29.0,495.0
932,2025-07-29,Starter,Europe,Finance,Paid Search,1,89,12,55.06666666666667,4,0,0,49,81.86666666666666,10.533333333333333,55.06666666666667,4,428,81.86666666666666,10.533333333333333,428.0
933,2025-03-24,Starter,Latin America,Finance,Outbound Sales,1,30,12,12.842105263157896,4,0,0,49,27.526315789473685,10.842105263157896,12.842105263157896,4,555,27.526315789473685,10.842105263157896,555.0
934,2025-01-11,Starter,Latin America,SaaS,Paid Search,1,33,28,2.4761904761904763,0,0,0,49,30.523809523809526,25.19047619047619,2.4761904761904763,0,627,30.523809523809526,25.19047619047619,627.0
935,2024-12-30,Starter,Asia Pacific,Healthcare,Partner,1,38,33,80.18181818181819,1,0,0,49,37.72727272727273,31.454545454545453,80.18181818181819,1,639,37.72727272727273,31.454545454545453,639.0
936,2025-04-17,Enterprise,Asia Pacific,Finance,Referral,0,0,17,59.666666666666664,0,0,0,399,0.0,16.61111111111111,59.666666666666664,0,531,0.0,16.61111111111111,531.0
937,2025-09-09,Starter,Latin America,Retail,Outbound Sales,1,48,20,59.38461538461539,2,0,0,49,47.76923076923077,21.53846153846154,59.38461538461539,2,386,47.76923076923077,21.53846153846154,386.0
938,2026-07-01,Starter,Europe,Education,Outbound Sales,1,13,13,67.5,0,0,0,49,11.75,13.75,67.5,0,91,11.75,13.75,91.0
939,2026-06-04,Enterprise,Europe,Retail,Partner,0,45,33,45.5,0,0,0,399,42.75,40.0,45.5,0,118,42.75,40.0,118.0
940,2025-08-21,Starter,North America,Education,Partner,1,65,25,68.57142857142857,0,0,0,49,66.78571428571429,24.785714285714285,68.57142857142857,0,405,66.78571428571429,24.785714285714285,405.0
941,2026-01-22,Growth,North America,Healthcare,Referral,1,25,3,27.77777777777778,0,0,0,129,24.333333333333332,2.5555555555555554,27.77777777777778,0,251,24.333333333333332,2.5555555555555554,251.0
942,2025-03-06,Starter,Asia Pacific,Manufacturing,Organic,0,28,21,50.95,0,0,0,49,27.95,22.25,50.95,0,573,27.95,22.25,573.0
943,2026-02-21,Starter,North America,Finance,Paid Search,0,21,23,38.625,2,0,0,49,20.375,20.125,38.625,2,221,20.375,20.125,221.0
944,2025-09-06,Growth,North America,SaaS,Referral,0,27,17,43.69230769230769,1,0,0,129,25.846153846153847,14.923076923076923,43.69230769230769,1,389,25.846153846153847,14.923076923076923,389.0
945,2025-12-16,Starter,Europe,Healthcare,Partner,1,33,17,78.2,2,0,0,49,32.0,19.0,78.2,2,288,32.0,19.0,288.0
946,2025-08-04,Enterprise,Asia Pacific,SaaS,Paid Search,0,53,10,59.266666666666666,2,0,0,399,53.2,9.466666666666667,59.266666666666666,2,422,53.2,9.466666666666667,422.0
947,2026-03-26,Starter,North America,Finance,Paid Search,0,49,29,75.14285714285714,0,0,0,49,50.142857142857146,27.857142857142858,75.14285714285714,0,188,50.142857142857146,27.857142857142858,188.0
948,2026-05-05,Starter,Europe,Manufacturing,Paid Search,1,27,21,76.8,0,0,0,49,23.0,19.0,76.8,0,148,23.0,19.0,148.0
949,2026-03-19,Starter,Latin America,Retail,Organic,0,36,8,83.0,1,0,0,49,36.57142857142857,7.571428571428571,83.0,1,195,36.57142857142857,7.571428571428571,195.0
950,2026-01-21,Starter,Europe,Retail,Outbound Sales,1,38,6,55.0,1,0,0,49,36.55555555555556,6.0,55.0,1,252,36.55555555555556,6.0,252.0
951,2025-01-20,Growth,Asia Pacific,Finance,Organic,1,8,9,40.23809523809524,3,0,0,129,7.857142857142857,8.904761904761905,40.23809523809524,3,618,7.857142857142857,8.904761904761905,618.0
952,2026-07-04,Enterprise,Europe,Manufacturing,Paid Search,1,49,43,26.666666666666668,0,0,0,399,44.333333333333336,41.666666666666664,26.666666666666668,0,88,44.333333333333336,41.666666666666664,88.0
953,2024-12-09,Growth,North America,Finance,Organic,1,34,28,81.30434782608695,0,0,0,129,32.52173913043478,29.782608695652176,81.30434782608695,0,660,32.52173913043478,29.782608695652176,660.0
954,2026-01-15,Enterprise,Latin America,SaaS,Organic,1,51,1,42.55555555555556,0,0,0,399,56.22222222222222,0.5555555555555556,42.55555555555556,0,258,56.22222222222222,0.5555555555555556,258.0
955,2025-09-25,Enterprise,Europe,SaaS,Outbound Sales,0,18,17,41.61538461538461,2,0,0,399,16.692307692307693,18.692307692307693,41.61538461538461,2,370,16.692307692307693,18.692307692307693,370.0
956,2026-07-10,Enterprise,Asia Pacific,Manufacturing,Partner,0,62,18,82.33333333333333,1,0,0,399,71.33333333333333,21.0,82.33333333333333,1,82,71.33333333333333,21.0,82.0
957,2025-07-13,Growth,Latin America,SaaS,Outbound Sales,1,78,8,62.93333333333333,3,0,0,129,75.86666666666666,8.133333333333333,62.93333333333333,3,444,75.86666666666666,8.133333333333333,444.0
958,2024-11-25,Starter,Latin America,Finance,Outbound Sales,1,66,9,52.82608695652174,2,0,0,49,65.1304347826087,8.391304347826088,52.82608695652174,2,674,65.1304347826087,8.391304347826088,674.0
959,2025-01-31,Growth,North America,SaaS,Partner,1,39,19,52.19047619047619,0,0,0,129,38.666666666666664,18.61904761904762,52.19047619047619,0,607,38.666666666666664,18.61904761904762,607.0
960,2025-06-21,Starter,Latin America,Healthcare,Paid Search,1,88,28,41.1875,6,0,0,49,88.6875,28.375,41.1875,6,466,88.6875,28.375,466.0
961,2026-09-20,Starter,Latin America,Manufacturing,Organic,1,57,15,46.0,1,0,0,49,58.0,11.0,46.0,1,10,58.0,11.0,10.0
962,2026-06-11,Starter,Asia Pacific,Education,Partner,1,36,14,42.0,1,0,0,49,28.75,13.25,42.0,1,111,28.75,13.25,111.0
963,2026-06-23,Growth,Europe,Manufacturing,Organic,1,34,31,58.25,0,0,0,129,33.0,32.5,58.25,0,99,33.0,32.5,99.0
964,2024-11-20,Starter,Asia Pacific,Education,Referral,1,32,11,65.56521739130434,3,1,2026-01-15 00:00:00,49,32.391304347826086,10.565217391304348,65.56521739130434,3,679,32.391304347826086,10.565217391304348,421.0
965,2026-09-18,Growth,Latin America,Education,Referral,1,47,7,66.0,2,0,0,129,34.0,7.0,66.0,2,12,34.0,7.0,12.0
966,2025-08-01,Starter,Asia Pacific,Education,Organic,1,32,12,19.866666666666667,2,0,0,49,33.666666666666664,10.733333333333333,19.866666666666667,2,425,33.666666666666664,10.733333333333333,425.0
967,2026-06-12,Growth,Europe,Finance,Referral,0,6,5,66.25,0,0,0,129,5.25,3.75,66.25,0,110,5.25,3.75,110.0
968,2024-12-10,Starter,Latin America,Manufacturing,Outbound Sales,1,60,27,62.36363636363637,2,0,0,49,56.04545454545455,25.318181818181817,62.36363636363637,2,659,56.04545454545455,25.318181818181817,659.0
969,2025-04-27,Starter,Europe,Healthcare,Partner,0,28,14,88.27777777777777,0,0,0,49,27.27777777777778,14.777777777777779,88.27777777777777,0,521,27.27777777777778,14.777777777777779,521.0
970,2026-02-23,Growth,Asia Pacific,Manufacturing,Paid Search,1,77,3,76.5,0,0,0,129,71.625,2.75,76.5,0,219,71.625,2.75,219.0
971,2026-04-14,Enterprise,Europe,Education,Organic,1,40,27,42.166666666666664,2,0,0,399,36.666666666666664,29.833333333333332,42.166666666666664,2,169,36.666666666666664,29.833333333333332,169.0
972,2026-08-28,Enterprise,Latin America,Finance,Outbound Sales,1,17,15,98.5,0,0,0,399,16.0,13.0,98.5,0,33,16.0,13.0,33.0
973,2026-01-25,Starter,North America,Education,Referral,0,52,14,70.22222222222223,0,0,0,49,46.55555555555556,14.444444444444445,70.22222222222223,0,248,46.55555555555556,14.444444444444445,248.0
974,2025-08-10,Growth,Latin America,Finance,Paid Search,1,36,6,66.78571428571429,2,0,0,129,36.57142857142857,5.285714285714286,66.78571428571429,2,416,36.57142857142857,5.285714285714286,416.0
975,2025-05-03,Starter,Asia Pacific,Manufacturing,Partner,0,48,17,54.44444444444444,1,1,2026-03-28 00:00:00,49,45.05555555555556,15.944444444444445,54.44444444444444,1,515,45.05555555555556,15.944444444444445,329.0
976,2026-01-19,Starter,Latin America,Finance,Paid Search,1,60,16,49.44444444444444,0,0,0,49,62.22222222222222,17.444444444444443,49.44444444444444,0,254,62.22222222222222,17.444444444444443,254.0
977,2026-08-11,Starter,Latin America,Education,Paid Search,1,43,22,61.0,3,0,0,49,53.0,23.0,61.0,3,50,53.0,23.0,50.0
978,2026-03-17,Enterprise,Latin America,Manufacturing,Paid Search,1,48,0,26.285714285714285,2,0,0,399,44.285714285714285,0.0,26.285714285714285,2,197,44.285714285714285,0.0,197.0
979,2025-01-31,Enterprise,Latin America,Education,Outbound Sales,1,10,20,45.285714285714285,1,0,0,399,9.904761904761905,19.857142857142858,45.285714285714285,1,607,9.904761904761905,19.857142857142858,607.0
980,2026-02-23,Starter,Europe,SaaS,Organic,1,78,13,55.625,0,0,0,49,74.625,10.375,55.625,0,219,74.625,10.375,219.0
981,2025-10-21,Enterprise,Latin America,Finance,Organic,1,26,14,32.5,2,0,0,399,26.5,13.833333333333334,32.5,2,344,26.5,13.833333333333334,344.0
982,2025-12-22,Starter,Latin America,Manufacturing,Outbound Sales,1,34,19,66.1,5,0,0,49,31.3,18.3,66.1,5,282,31.3,18.3,282.0
983,2025-10-06,Starter,North America,SaaS,Partner,0,68,10,33.75,0,0,0,49,68.75,9.5,33.75,0,359,68.75,9.5,359.0
984,2025-09-23,Starter,North America,Retail,Organic,1,67,9,73.38461538461539,1,0,0,49,65.92307692307692,8.923076923076923,73.38461538461539,1,372,65.92307692307692,8.923076923076923,372.0
985,2026-09-16,Starter,Asia Pacific,SaaS,Outbound Sales,1,46,15,54.0,0,0,0,49,58.0,16.0,54.0,0,14,58.0,16.0,14.0
986,2025-02-14,Growth,Latin America,Healthcare,Organic,1,51,21,49.7,0,0,0,129,51.25,19.95,49.7,0,593,51.25,19.95,593.0
987,2025-04-12,Starter,Asia Pacific,Manufacturing,Outbound Sales,0,46,7,38.77777777777778,0,0,0,49,45.0,5.944444444444445,38.77777777777778,0,536,45.0,5.944444444444445,536.0
988,2025-10-02,Starter,North America,Manufacturing,Paid Search,1,68,11,79.76923076923077,1,0,0,49,66.46153846153847,10.461538461538462,79.76923076923077,1,363,66.46153846153847,10.461538461538462,363.0
989,2025-12-25,Growth,North America,SaaS,Referral,1,28,20,65.7,3,0,0,129,26.8,20.0,65.7,3,279,26.8,20.0,279.0
990,2026-03-21,Starter,Asia Pacific,Manufacturing,Partner,1,46,13,75.14285714285714,3,0,0,49,48.57142857142857,11.142857142857142,75.14285714285714,3,193,48.57142857142857,11.142857142857142,193.0
991,2025-08-21,Starter,Latin America,Healthcare,Partner,0,0,21,40.357142857142854,1,0,0,49,0.0,21.428571428571427,40.357142857142854,1,405,0.0,21.428571428571427,405.0
992,2026-09-08,Starter,Latin America,Manufacturing,Partner,1,56,26,50.0,0,0,0,49,70.0,19.0,50.0,0,22,70.0,19.0,22.0
993,2025-12-14,Enterprise,Europe,Finance,Referral,1,54,29,67.6,1,0,0,399,52.9,27.5,67.6,1,290,52.9,27.5,290.0
994,2026-05-16,Enterprise,North America,Education,Outbound Sales,1,61,15,37.8,0,0,0,399,56.2,13.8,37.8,0,137,56.2,13.8,137.0
995,2024-12-06,Growth,North America,Finance,Organic,0,46,27,54.47826086956522,0,0,0,129,44.608695652173914,24.82608695652174,54.47826086956522,0,663,44.608695652173914,24.82608695652174,663.0
996,2026-02-07,Growth,Europe,SaaS,Partner,0,27,17,42.125,1,0,0,129,26.375,13.75,42.125,1,235,26.375,13.75,235.0
997,2025-01-28,Starter,Asia Pacific,Retail,Paid Search,0,45,12,46.095238095238095,1,0,0,49,44.61904761904762,11.19047619047619,46.095238095238095,1,610,44.61904761904762,11.19047619047619,610.0
998,2025-09-17,Growth,Latin America,Finance,Referral,1,62,16,64.84615384615384,0,0,0,129,62.38461538461539,14.538461538461538,64.84615384615384,0,378,62.38461538461539,14.538461538461538,378.0
999,2025-07-15,Starter,North America,Retail,Referral,1,64,21,45.93333333333333,7,0,0,49,63.13333333333333,23.0,45.93333333333333,7,442,63.13333333333333,23.0,442.0
1000,2025-09-26,Starter,Europe,Finance,Partner,1,61,16,40.84615384615385,2,0,0,49,55.69230769230769,16.153846153846153,40.84615384615385,2,369,55.69230769230769,16.153846153846153,369.0
1001,2025-02-25,Starter,Europe,Education,Paid Search,0,70,5,54.3,0,0,0,49,72.05,4.5,54.3,0,582,72.05,4.5,582.0
1002,2025-12-17,Growth,Asia Pacific,Finance,Outbound Sales,1,29,11,48.6,3,0,0,129,31.4,10.5,48.6,3,287,31.4,10.5,287.0
1003,2026-04-09,Starter,Latin America,SaaS,Paid Search,1,30,18,42.833333333333336,0,0,0,49,29.666666666666668,17.166666666666668,42.833333333333336,0,174,29.666666666666668,17.166666666666668,174.0
1004,2024-10-31,Growth,Asia Pacific,Finance,Partner,1,87,13,74.45833333333333,0,1,2025-11-01 00:00:00,129,81.95833333333333,12.333333333333334,74.45833333333333,0,699,81.95833333333333,12.333333333333334,366.0
1005,2026-05-08,Starter,Latin America,Healthcare,Partner,1,75,27,78.0,2,0,0,49,76.0,24.8,78.0,2,145,76.0,24.8,145.0
1006,2026-02-15,Enterprise,Asia Pacific,Healthcare,Referral,1,22,20,25.5,0,1,2026-06-30 00:00:00,399,22.125,19.25,25.5,0,227,22.125,19.25,135.0
1007,2024-12-24,Enterprise,North America,Healthcare,Partner,1,67,19,13.909090909090908,2,0,0,399,69.72727272727273,19.318181818181817,13.909090909090908,2,645,69.72727272727273,19.318181818181817,645.0
1008,2025-05-10,Starter,Europe,Retail,Outbound Sales,1,40,22,54.8235294117647,0,0,0,49,40.11764705882353,22.470588235294116,54.8235294117647,0,508,40.11764705882353,22.470588235294116,508.0
1009,2026-04-13,Growth,Latin America,Retail,Referral,1,91,6,43.5,2,1,2026-08-13 00:00:00,129,86.66666666666667,6.5,43.5,2,170,86.66666666666667,6.5,122.0
1010,2026-07-29,Starter,North America,SaaS,Partner,0,31,19,47.333333333333336,0,0,0,49,32.333333333333336,22.0,47.333333333333336,0,63,32.333333333333336,22.0,63.0
1011,2026-03-24,Growth,Latin America,Healthcare,Partner,1,70,37,25.857142857142858,0,0,0,129,62.42857142857143,32.285714285714285,25.857142857142858,0,190,62.42857142857143,32.285714285714285,190.0
1012,2026-08-01,Enterprise,Asia Pacific,Healthcare,Referral,0,61,16,53.333333333333336,4,0,0,399,44.333333333333336,16.666666666666668,53.333333333333336,4,60,44.333333333333336,16.666666666666668,60.0
1013,2026-01-25,Growth,North America,Retail,Partner,0,44,25,53.77777777777778,1,0,0,129,44.888888888888886,26.22222222222222,53.77777777777778,1,248,44.888888888888886,26.22222222222222,248.0
1014,2024-12-21,Starter,Asia Pacific,SaaS,Referral,1,21,24,75.04545454545455,3,0,0,49,21.09090909090909,23.818181818181817,75.04545454545455,3,648,21.09090909090909,23.818181818181817,648.0
1015,2025-05-26,Growth,Asia Pacific,Retail,Outbound Sales,1,6,14,79.6470588235294,1,0,0,129,5.705882352941177,14.235294117647058,79.6470588235294,1,492,5.705882352941177,14.235294117647058,492.0
1016,2025-07-30,Enterprise,Latin America,Retail,Paid Search,1,61,5,50.13333333333333,0,0,0,399,59.2,4.4,50.13333333333333,0,427,59.2,4.4,427.0
1017,2026-05-15,Starter,North America,Manufacturing,Partner,1,24,12,87.8,1,1,2026-06-30 00:00:00,49,21.8,11.2,87.8,1,138,21.8,11.2,46.0
1018,2025-08-20,Growth,Asia Pacific,Manufacturing,Partner,0,39,29,29.142857142857142,0,0,0,129,34.857142857142854,29.571428571428573,29.142857142857142,0,406,34.857142857142854,29.571428571428573,406.0
1019,2026-01-21,Growth,Latin America,SaaS,Partner,1,40,31,85.0,0,0,0,129,42.111111111111114,27.22222222222222,85.0,0,252,42.111111111111114,27.22222222222222,252.0
1020,2026-03-10,Starter,Asia Pacific,Finance,Outbound Sales,1,45,19,52.714285714285715,1,0,0,49,39.0,17.0,52.714285714285715,1,204,39.0,17.0,204.0
1021,2025-03-03,Starter,Europe,SaaS,Referral,1,43,14,51.1,2,0,0,49,41.85,13.9,51.1,2,576,41.85,13.9,576.0
1022,2024-11-28,Starter,Asia Pacific,Education,Outbound Sales,1,76,20,75.1304347826087,1,0,0,49,74.43478260869566,19.17391304347826,75.1304347826087,1,671,74.43478260869566,19.17391304347826,671.0
1023,2026-08-06,Enterprise,Asia Pacific,Healthcare,Paid Search,1,20,19,70.0,2,1,2026-09-24 00:00:00,399,20.0,20.0,70.0,2,55,20.0,20.0,49.0
1024,2025-07-02,Growth,Europe,SaaS,Outbound Sales,1,30,22,74.3125,0,0,0,129,28.3125,22.0625,74.3125,0,455,28.3125,22.0625,455.0
1025,2025-04-10,Starter,Asia Pacific,Education,Referral,0,47,12,14.944444444444445,3,0,0,49,39.666666666666664,11.055555555555555,14.944444444444445,3,538,39.666666666666664,11.055555555555555,538.0
1026,2025-09-13,Starter,Asia Pacific,Retail,Organic,1,44,19,61.92307692307692,5,1,2026-07-22 00:00:00,49,42.38461538461539,19.23076923076923,61.92307692307692,5,382,42.38461538461539,19.23076923076923,312.0
1027,2024-11-13,Growth,North America,Finance,Partner,1,14,9,76.21739130434783,0,0,0,129,13.173913043478262,8.26086956521739,76.21739130434783,0,686,13.173913043478262,8.26086956521739,686.0
1028,2026-05-18,Growth,Europe,Finance,Outbound Sales,1,46,14,37.4,0,0,0,129,48.8,13.0,37.4,0,135,48.8,13.0,135.0
1029,2025-12-21,Enterprise,Latin America,Finance,Partner,0,44,16,45.5,0,0,0,399,42.6,13.0,45.5,0,283,42.6,13.0,283.0
1030,2025-02-02,Starter,Europe,Manufacturing,Referral,1,61,29,47.714285714285715,0,0,0,49,63.857142857142854,28.285714285714285,47.714285714285715,0,605,63.857142857142854,28.285714285714285,605.0
1031,2025-06-17,Enterprise,North America,Retail,Referral,1,50,11,87.625,0,0,0,399,50.9375,9.8125,87.625,0,470,50.9375,9.8125,470.0
1032,2025-02-23,Starter,Asia Pacific,Manufacturing,Referral,1,67,3,68.35,1,0,0,49,67.6,2.65,68.35,1,584,67.6,2.65,584.0
1033,2026-02-14,Enterprise,Asia Pacific,Manufacturing,Organic,0,45,20,69.125,0,0,0,399,46.125,20.875,69.125,0,228,46.125,20.875,228.0
1034,2025-02-27,Growth,Latin America,Education,Referral,0,62,1,73.4,0,0,0,129,66.8,0.4,73.4,0,580,66.8,0.4,580.0
1035,2026-08-24,Starter,North America,Manufacturing,Partner,0,31,14,44.0,0,0,0,49,32.5,15.0,44.0,0,37,32.5,15.0,37.0
1036,2025-04-05,Starter,Asia Pacific,Healthcare,Outbound Sales,0,48,11,76.57894736842105,0,0,0,49,48.8421052631579,10.31578947368421,76.57894736842105,0,543,48.8421052631579,10.31578947368421,543.0
1037,2026-03-24,Starter,Latin America,Retail,Paid Search,0,30,2,87.71428571428571,1,1,2026-07-06 00:00:00,49,31.857142857142858,1.4285714285714286,87.71428571428571,1,190,31.857142857142858,1.4285714285714286,104.0
1038,2026-04-04,Starter,North America,SaaS,Organic,1,52,3,42.333333333333336,0,1,2026-07-12 00:00:00,49,47.5,2.6666666666666665,42.333333333333336,0,179,47.5,2.6666666666666665,99.0
1039,2025-12-29,Growth,Asia Pacific,Manufacturing,Outbound Sales,1,73,17,72.0,2,0,0,129,71.9,14.8,72.0,2,275,71.9,14.8,275.0
1040,2026-03-08,Starter,Asia Pacific,SaaS,Paid Search,0,59,10,67.57142857142857,0,0,0,49,56.57142857142857,8.714285714285714,67.57142857142857,0,206,56.57142857142857,8.714285714285714,206.0
1041,2026-02-25,Starter,Latin America,Education,Outbound Sales,1,49,8,56.375,0,0,0,49,48.25,7.375,56.375,0,217,48.25,7.375,217.0
1042,2025-07-06,Starter,Europe,Finance,Referral,1,66,15,57.375,3,0,0,49,68.9375,15.1875,57.375,3,451,68.9375,15.1875,451.0
1043,2026-02-09,Growth,Latin America,Finance,Outbound Sales,1,41,17,81.25,2,0,0,129,39.75,16.625,81.25,2,233,39.75,16.625,233.0
1044,2026-05-17,Starter,Europe,SaaS,Partner,1,30,21,34.0,0,0,0,49,28.0,22.0,34.0,0,136,28.0,22.0,136.0
1045,2025-03-27,Starter,Latin America,SaaS,Referral,1,31,13,35.1578947368421,0,0,0,49,29.263157894736842,12.736842105263158,35.1578947368421,0,552,29.263157894736842,12.736842105263158,552.0
1046,2025-11-26,Starter,Latin America,Manufacturing,Paid Search,1,64,21,38.0,0,0,0,49,62.0,20.545454545454547,38.0,0,308,62.0,20.545454545454547,308.0
1047,2025-05-13,Growth,Latin America,Education,Partner,0,43,21,62.88235294117647,2,0,0,129,40.88235294117647,21.176470588235293,62.88235294117647,2,505,40.88235294117647,21.176470588235293,505.0
1048,2026-07-05,Enterprise,North America,Finance,Paid Search,1,65,12,48.666666666666664,0,0,0,399,68.33333333333333,11.0,48.666666666666664,0,87,68.33333333333333,11.0,87.0
1049,2026-04-03,Starter,Asia Pacific,SaaS,Referral,1,24,10,80.0,0,0,0,49,23.571428571428573,9.857142857142858,80.0,0,180,23.571428571428573,9.857142857142858,180.0
1050,2025-03-18,Growth,North America,Finance,Referral,1,34,6,58.68421052631579,0,0,0,129,36.68421052631579,5.526315789473684,58.68421052631579,0,561,36.68421052631579,5.526315789473684,561.0
1051,2025-01-09,Growth,Asia Pacific,Retail,Outbound Sales,0,61,34,46.904761904761905,1,0,0,129,57.714285714285715,35.666666666666664,46.904761904761905,1,629,57.714285714285715,35.666666666666664,629.0
1052,2025-08-08,Starter,Asia Pacific,SaaS,Partner,1,73,7,78.78571428571429,0,0,0,49,70.07142857142857,6.0,78.78571428571429,0,418,70.07142857142857,6.0,418.0
1053,2025-12-28,Growth,North America,Finance,Outbound Sales,1,14,12,71.3,3,0,0,129,10.9,12.2,71.3,3,276,10.9,12.2,276.0
1054,2025-10-13,Growth,Latin America,Education,Organic,1,53,10,66.16666666666667,1,0,0,129,50.833333333333336,9.916666666666666,66.16666666666667,1,352,50.833333333333336,9.916666666666666,352.0
1055,2026-04-02,Growth,Latin America,Manufacturing,Partner,1,38,8,48.285714285714285,1,0,0,129,37.57142857142857,8.0,48.285714285714285,1,181,37.57142857142857,8.0,181.0
1056,2025-07-30,Starter,Europe,Education,Referral,1,77,12,59.06666666666667,0,0,0,49,75.86666666666666,10.6,59.06666666666667,0,427,75.86666666666666,10.6,427.0
1057,2024-11-01,Starter,Asia Pacific,Finance,Outbound Sales,1,38,24,58.916666666666664,0,0,0,49,36.583333333333336,21.708333333333332,58.916666666666664,0,698,36.583333333333336,21.708333333333332,698.0
1058,2025-08-15,Growth,Asia Pacific,Retail,Paid Search,0,58,29,42.142857142857146,3,0,0,129,55.785714285714285,27.0,42.142857142857146,3,411,55.785714285714285,27.0,411.0
1059,2025-08-31,Growth,North America,Retail,Outbound Sales,1,73,18,30.5,2,0,0,129,73.92857142857143,16.857142857142858,30.5,2,395,73.92857142857143,16.857142857142858,395.0
1060,2026-06-23,Enterprise,North America,Finance,Paid Search,1,29,26,52.5,1,0,0,399,23.0,25.75,52.5,1,99,23.0,25.75,99.0
1061,2026-06-15,Growth,Latin America,Retail,Paid Search,1,1,6,75.75,0,0,0,129,0.75,6.0,75.75,0,107,0.75,6.0,107.0
1062,2026-09-05,Growth,Asia Pacific,Education,Paid Search,1,56,1,48.0,1,0,0,129,55.0,1.0,48.0,1,25,55.0,1.0,25.0
1063,2026-03-15,Starter,Europe,Finance,Referral,1,44,16,38.42857142857143,0,0,0,49,46.714285714285715,14.285714285714286,38.42857142857143,0,199,46.714285714285715,14.285714285714286,199.0
1064,2025-03-31,Starter,Asia Pacific,Finance,Referral,0,63,3,69.52631578947368,1,1,2025-12-14 00:00:00,49,64.05263157894737,2.4210526315789473,69.52631578947368,1,548,64.05263157894737,2.4210526315789473,258.0
1065,2026-05-04,Starter,North America,Healthcare,Paid Search,1,34,17,56.8,1,0,0,49,37.2,19.2,56.8,1,149,37.2,19.2,149.0
1066,2026-03-09,Enterprise,Latin America,Healthcare,Paid Search,1,59,9,63.285714285714285,0,0,0,399,66.42857142857143,7.714285714285714,63.285714285714285,0,205,66.42857142857143,7.714285714285714,205.0
1067,2025-10-18,Starter,Asia Pacific,Education,Outbound Sales,0,24,14,72.08333333333333,0,0,0,49,22.75,14.416666666666666,72.08333333333333,0,347,22.75,14.416666666666666,347.0
1068,2025-10-05,Starter,North America,Healthcare,Paid Search,1,40,25,45.30769230769231,0,0,0,49,41.46153846153846,27.23076923076923,45.30769230769231,0,360,41.46153846153846,27.23076923076923,360.0
1069,2026-05-18,Growth,Europe,Education,Paid Search,0,2,16,55.6,3,0,0,129,1.4,14.4,55.6,3,135,1.4,14.4,135.0
1070,2026-05-09,Growth,Europe,Finance,Partner,0,59,18,56.4,4,0,0,129,55.6,16.2,56.4,4,144,55.6,16.2,144.0
1071,2025-11-20,Growth,North America,Finance,Paid Search,0,66,3,67.72727272727273,0,0,0,129,64.0909090909091,2.6363636363636362,67.72727272727273,0,314,64.0909090909091,2.6363636363636362,314.0
1072,2026-02-08,Starter,Asia Pacific,Finance,Outbound Sales,1,47,26,38.375,1,1,2026-05-31 00:00:00,49,48.25,26.5,38.375,1,234,48.25,26.5,112.0
1073,2025-05-11,Enterprise,Asia Pacific,SaaS,Organic,0,63,5,50.11764705882353,1,0,0,399,64.17647058823529,4.470588235294118,50.11764705882353,1,507,64.17647058823529,4.470588235294118,507.0
1074,2025-07-01,Starter,North America,Healthcare,Organic,1,32,15,63.0,3,0,0,49,31.3125,15.3125,63.0,3,456,31.3125,15.3125,456.0
1075,2026-06-07,Enterprise,Latin America,SaaS,Partner,1,25,17,70.0,2,0,0,399,26.0,15.25,70.0,2,115,26.0,15.25,115.0
1076,2025-11-26,Starter,Europe,Retail,Outbound Sales,1,47,37,79.36363636363636,1,0,0,49,43.27272727272727,39.45454545454545,79.36363636363636,1,308,43.27272727272727,39.45454545454545,308.0
1077,2025-06-26,Starter,North America,Education,Partner,1,100,15,79.875,0,0,0,49,105.125,13.5,79.875,0,461,105.125,13.5,461.0
1078,2025-12-24,Starter,Europe,Finance,Partner,1,29,22,52.7,6,0,0,49,29.2,21.3,52.7,6,280,29.2,21.3,280.0
1079,2024-12-13,Starter,Latin America,SaaS,Organic,1,51,22,89.04545454545455,0,0,0,49,50.81818181818182,21.454545454545453,89.04545454545455,0,656,50.81818181818182,21.454545454545453,656.0
1080,2025-09-20,Enterprise,Latin America,Retail,Paid Search,1,36,12,64.3076923076923,0,0,0,399,35.30769230769231,12.384615384615385,64.3076923076923,0,375,35.30769230769231,12.384615384615385,375.0
1081,2026-02-26,Growth,North America,Retail,Outbound Sales,0,45,22,50.0,3,0,0,129,48.5,20.75,50.0,3,216,48.5,20.75,216.0
1082,2025-11-24,Starter,North America,Finance,Outbound Sales,1,23,20,56.72727272727273,1,0,0,49,24.727272727272727,19.181818181818183,56.72727272727273,1,310,24.727272727272727,19.181818181818183,310.0
1083,2025-11-29,Growth,Latin America,Manufacturing,Referral,1,66,17,34.45454545454545,0,0,0,129,67.9090909090909,17.636363636363637,34.45454545454545,0,305,67.9090909090909,17.636363636363637,305.0
1084,2026-09-09,Starter,Europe,Manufacturing,Partner,0,43,20,53.0,0,1,2026-09-30 00:00:00,49,31.0,24.0,53.0,0,21,31.0,24.0,21.0
1085,2026-08-28,Starter,Asia Pacific,Manufacturing,Outbound Sales,1,46,5,43.5,3,0,0,49,43.0,4.5,43.5,3,33,43.0,4.5,33.0
1086,2025-04-03,Growth,Latin America,Education,Partner,1,66,22,62.21052631578947,0,1,2026-01-11 00:00:00,129,64.47368421052632,21.05263157894737,62.21052631578947,0,545,64.47368421052632,21.05263157894737,283.0
1087,2024-12-06,Starter,Europe,Manufacturing,Paid Search,0,54,23,63.30434782608695,3,0,0,49,53.30434782608695,24.91304347826087,63.30434782608695,3,663,53.30434782608695,24.91304347826087,663.0
1088,2025-03-08,Starter,North America,Healthcare,Outbound Sales,1,28,16,72.2,4,0,0,49,29.1,16.35,72.2,4,571,29.1,16.35,571.0
1089,2026-03-28,Growth,Europe,SaaS,Partner,0,41,32,85.28571428571429,1,0,0,129,44.0,30.428571428571427,85.28571428571429,1,186,44.0,30.428571428571427,186.0
1090,2026-06-26,Starter,North America,Education,Paid Search,1,66,15,82.75,1,0,0,49,73.75,16.75,82.75,1,96,73.75,16.75,96.0
1091,2025-10-04,Starter,Asia Pacific,Manufacturing,Referral,0,85,11,49.0,1,0,0,49,83.0,9.307692307692308,49.0,1,361,83.0,9.307692307692308,361.0
1092,2025-02-09,Starter,North America,Healthcare,Outbound Sales,0,43,12,65.35,0,0,0,49,43.05,11.75,65.35,0,598,43.05,11.75,598.0
1093,2026-01-23,Growth,Latin America,Retail,Referral,0,42,30,51.77777777777778,2,0,0,129,43.333333333333336,23.77777777777778,51.77777777777778,2,250,43.333333333333336,23.77777777777778,250.0
1094,2025-02-09,Enterprise,Europe,Retail,Outbound Sales,1,59,18,46.55,0,0,0,399,59.75,17.9,46.55,0,598,59.75,17.9,598.0
1095,2026-04-21,Growth,North America,SaaS,Outbound Sales,1,38,31,68.83333333333333,5,0,0,129,39.333333333333336,34.5,68.83333333333333,5,162,39.333333333333336,34.5,162.0
1096,2026-02-09,Growth,Latin America,Education,Referral,1,95,14,92.5,0,0,0,129,88.625,12.25,92.5,0,233,88.625,12.25,233.0
1097,2024-11-14,Starter,Latin America,Healthcare,Organic,1,31,28,51.130434782608695,0,0,0,49,30.391304347826086,27.304347826086957,51.130434782608695,0,685,30.391304347826086,27.304347826086957,685.0
1098,2025-03-26,Starter,Latin America,Education,Referral,1,31,25,65.47368421052632,6,0,0,49,29.36842105263158,25.263157894736842,65.47368421052632,6,553,29.36842105263158,25.263157894736842,553.0
1099,2025-12-23,Enterprise,North America,Healthcare,Organic,1,5,34,79.0,1,0,0,399,4.5,31.8,79.0,1,281,4.5,31.8,281.0
1100,2026-08-31,Starter,Asia Pacific,SaaS,Outbound Sales,0,28,2,22.0,0,0,0,49,24.0,1.5,22.0,0,30,24.0,1.5,30.0
1101,2025-04-06,Growth,Latin America,Education,Outbound Sales,1,17,2,69.42105263157895,0,0,0,129,17.263157894736842,1.5263157894736843,69.42105263157895,0,542,17.263157894736842,1.5263157894736843,542.0
1102,2025-01-14,Starter,Asia Pacific,Manufacturing,Paid Search,0,54,26,31.047619047619047,0,0,0,49,53.285714285714285,26.904761904761905,31.047619047619047,0,624,53.285714285714285,26.904761904761905,624.0
1103,2026-02-22,Growth,Asia Pacific,SaaS,Organic,1,42,26,53.0,3,0,0,129,39.625,24.125,53.0,3,220,39.625,24.125,220.0
1104,2025-07-28,Starter,Asia Pacific,Education,Paid Search,0,54,27,39.86666666666667,3,0,0,49,53.666666666666664,26.066666666666666,39.86666666666667,3,429,53.666666666666664,26.066666666666666,429.0
1105,2025-10-11,Growth,Europe,Healthcare,Referral,1,43,16,68.08333333333333,2,0,0,129,45.583333333333336,14.916666666666666,68.08333333333333,2,354,45.583333333333336,14.916666666666666,354.0
1106,2026-07-30,Growth,Europe,Healthcare,Referral,1,22,14,48.666666666666664,1,0,0,129,23.0,10.0,48.666666666666664,1,62,23.0,10.0,62.0
1107,2025-12-11,Growth,Asia Pacific,Manufacturing,Referral,1,17,20,61.4,0,1,2026-02-20 00:00:00,129,17.4,20.1,61.4,0,293,17.4,20.1,71.0
1108,2025-10-01,Growth,Asia Pacific,Retail,Organic,0,39,16,43.38461538461539,0,0,0,129,38.46153846153846,14.307692307692308,43.38461538461539,0,364,38.46153846153846,14.307692307692308,364.0
1109,2026-09-20,Enterprise,Latin America,Manufacturing,Paid Search,1,42,18,74.0,1,0,0,399,51.0,21.0,74.0,1,10,51.0,21.0,10.0
1110,2026-04-29,Starter,North America,Retail,Partner,1,34,10,41.666666666666664,0,0,0,49,40.333333333333336,9.666666666666666,41.666666666666664,0,154,40.333333333333336,9.666666666666666,154.0
1111,2025-11-23,Growth,Asia Pacific,Education,Organic,1,28,15,60.54545454545455,0,0,0,129,28.545454545454547,14.818181818181818,60.54545454545455,0,311,28.545454545454547,14.818181818181818,311.0
1112,2025-09-19,Starter,Europe,SaaS,Referral,1,25,17,54.69230769230769,2,0,0,49,25.23076923076923,17.307692307692307,54.69230769230769,2,376,25.23076923076923,17.307692307692307,376.0
1113,2026-08-02,Enterprise,North America,Retail,Referral,1,62,13,60.5,0,0,0,399,52.5,8.5,60.5,0,59,52.5,8.5,59.0
1114,2026-03-13,Growth,Asia Pacific,Education,Paid Search,1,3,9,44.714285714285715,0,1,2026-08-28 00:00:00,129,2.4285714285714284,9.428571428571429,44.714285714285715,0,201,2.4285714285714284,9.428571428571429,168.0
1115,2024-12-05,Growth,Europe,Healthcare,Organic,1,46,19,88.8695652173913,0,1,2025-11-16 00:00:00,129,45.43478260869565,17.782608695652176,88.8695652173913,0,664,45.43478260869565,17.782608695652176,346.0
1116,2025-01-08,Starter,North America,SaaS,Organic,1,37,13,72.27272727272727,0,0,0,49,37.04545454545455,12.136363636363637,72.27272727272727,0,630,37.04545454545455,12.136363636363637,630.0
1117,2025-06-27,Growth,Europe,Manufacturing,Paid Search,1,14,20,67.3125,1,0,0,129,12.125,20.375,67.3125,1,460,12.125,20.375,460.0
1118,2026-08-07,Starter,Europe,Manufacturing,Organic,1,56,16,61.5,2,0,0,49,50.5,12.5,61.5,2,54,50.5,12.5,54.0
1119,2026-09-30,Starter,Europe,Manufacturing,Referral,1,70,16,46.0,2,0,0,49,56.0,13.0,46.0,2,0,56.0,13.0,0.0
1120,2025-08-20,Growth,North America,Education,Partner,0,44,19,76.71428571428571,2,0,0,129,43.07142857142857,16.928571428571427,76.71428571428571,2,406,43.07142857142857,16.928571428571427,406.0
1121,2025-06-19,Growth,Asia Pacific,Healthcare,Referral,0,23,17,69.5,0,0,0,129,22.1875,16.5625,69.5,0,468,22.1875,16.5625,468.0
1122,2025-01-30,Starter,Europe,Retail,Organic,1,83,17,84.61904761904762,0,0,0,49,81.47619047619048,17.0,84.61904761904762,0,608,81.47619047619048,17.0,608.0
1123,2026-01-17,Starter,Latin America,Education,Organic,1,35,16,87.88888888888889,0,0,0,49,35.111111111111114,14.666666666666666,87.88888888888889,0,256,35.111111111111114,14.666666666666666,256.0
1124,2025-02-07,Growth,Latin America,Retail,Outbound Sales,1,73,11,65.71428571428571,2,0,0,129,75.85714285714286,11.285714285714286,65.71428571428571,2,600,75.85714285714286,11.285714285714286,600.0
1125,2026-08-09,Starter,Asia Pacific,SaaS,Referral,0,48,30,80.5,0,0,0,49,50.5,25.5,80.5,0,52,50.5,25.5,52.0
1126,2025-02-09,Enterprise,North America,Retail,Referral,1,94,13,85.45,0,0,0,399,100.7,12.5,85.45,0,598,100.7,12.5,598.0
1127,2026-01-27,Growth,Latin America,Manufacturing,Paid Search,1,48,21,69.44444444444444,1,0,0,129,46.666666666666664,19.11111111111111,69.44444444444444,1,246,46.666666666666664,19.11111111111111,246.0
1128,2025-04-18,Starter,Asia Pacific,Retail,Referral,1,74,4,46.72222222222222,0,0,0,49,75.5,3.4444444444444446,46.72222222222222,0,530,75.5,3.4444444444444446,530.0
1129,2025-09-01,Starter,Asia Pacific,Retail,Paid Search,1,40,20,33.714285714285715,2,0,0,49,38.357142857142854,19.642857142857142,33.714285714285715,2,394,38.357142857142854,19.642857142857142,394.0
1130,2024-11-28,Starter,Latin America,Retail,Referral,1,22,24,86.73913043478261,2,0,0,49,20.0,23.08695652173913,86.73913043478261,2,671,20.0,23.08695652173913,671.0
1131,2024-12-16,Growth,Asia Pacific,Education,Referral,1,62,17,44.36363636363637,4,0,0,129,62.27272727272727,16.454545454545453,44.36363636363637,4,653,62.27272727272727,16.454545454545453,653.0
1132,2025-09-27,Growth,Asia Pacific,Retail,Partner,1,48,25,64.15384615384616,2,0,0,129,46.61538461538461,21.615384615384617,64.15384615384616,2,368,46.61538461538461,21.615384615384617,368.0
1133,2024-12-26,Enterprise,Latin America,Education,Referral,0,28,20,55.63636363636363,0,0,0,399,26.90909090909091,20.045454545454547,55.63636363636363,0,643,26.90909090909091,20.045454545454547,643.0
1134,2025-08-26,Enterprise,Asia Pacific,Finance,Paid Search,0,49,13,71.07142857142857,3,0,0,399,47.5,11.785714285714286,71.07142857142857,3,400,47.5,11.785714285714286,400.0
1135,2025-11-01,Starter,Latin America,Finance,Paid Search,0,18,10,24.25,0,0,0,49,18.0,9.416666666666666,24.25,0,333,18.0,9.416666666666666,333.0
1136,2025-11-17,Enterprise,Asia Pacific,Retail,Outbound Sales,1,18,25,63.72727272727273,3,0,0,399,16.454545454545453,24.09090909090909,63.72727272727273,3,317,16.454545454545453,24.09090909090909,317.0
1137,2026-01-14,Starter,Latin America,SaaS,Outbound Sales,0,56,17,72.66666666666667,0,0,0,49,54.44444444444444,17.0,72.66666666666667,0,259,54.44444444444444,17.0,259.0
1138,2025-03-28,Enterprise,Asia Pacific,Education,Outbound Sales,1,48,18,32.68421052631579,0,0,0,399,46.10526315789474,19.57894736842105,32.68421052631579,0,551,46.10526315789474,19.57894736842105,551.0
1139,2025-07-07,Growth,North America,Healthcare,Paid Search,1,34,14,63.625,4,0,0,129,33.5,11.9375,63.625,4,450,33.5,11.9375,450.0
1140,2026-04-26,Starter,Latin America,Retail,Organic,1,24,19,42.0,0,0,0,49,24.0,19.333333333333332,42.0,0,157,24.0,19.333333333333332,157.0
1141,2025-12-25,Starter,North America,Education,Referral,1,82,2,49.9,1,0,0,49,75.4,1.6,49.9,1,279,75.4,1.6,279.0
1142,2026-06-01,Starter,Latin America,Retail,Partner,0,44,24,55.0,0,0,0,49,42.4,21.8,55.0,0,121,42.4,21.8,121.0
1143,2026-09-28,Starter,North America,Finance,Partner,1,59,15,32.0,0,0,0,49,57.0,16.0,32.0,0,2,57.0,16.0,2.0
1144,2025-05-02,Starter,Asia Pacific,Manufacturing,Paid Search,0,63,22,82.22222222222223,0,0,0,49,66.61111111111111,24.77777777777778,82.22222222222223,0,516,66.61111111111111,24.77777777777778,516.0
1145,2025-04-22,Starter,Latin America,Finance,Organic,1,53,15,45.888888888888886,4,0,0,49,52.27777777777778,14.055555555555555,45.888888888888886,4,526,52.27777777777778,14.055555555555555,526.0
1146,2025-04-27,Growth,Asia Pacific,Manufacturing,Paid Search,1,42,18,56.05555555555556,0,0,0,129,43.55555555555556,17.11111111111111,56.05555555555556,0,521,43.55555555555556,17.11111111111111,521.0
1147,2025-01-18,Starter,North America,Education,Partner,1,83,19,74.14285714285714,0,0,0,49,82.47619047619048,16.142857142857142,74.14285714285714,0,620,82.47619047619048,16.142857142857142,620.0
1148,2026-07-16,Growth,Europe,Finance,Outbound Sales,1,49,9,36.0,8,0,0,129,42.0,6.333333333333333,36.0,8,76,42.0,6.333333333333333,76.0
1149,2025-11-25,Starter,Europe,Healthcare,Paid Search,1,74,18,58.72727272727273,0,0,0,49,75.27272727272727,18.272727272727273,58.72727272727273,0,309,75.27272727272727,18.272727272727273,309.0
1150,2026-07-26,Starter,Asia Pacific,Manufacturing,Referral,0,50,21,43.333333333333336,3,0,0,49,53.333333333333336,19.666666666666668,43.333333333333336,3,66,53.333333333333336,19.666666666666668,66.0
1151,2026-09-29,Starter,North America,SaaS,Partner,1,28,14,68.0,1,0,0,49,28.0,8.0,68.0,1,1,28.0,8.0,1.0
1152,2025-07-03,Starter,Europe,Finance,Paid Search,1,40,30,81.3125,3,0,0,49,38.625,28.5625,81.3125,3,454,38.625,28.5625,454.0
1153,2026-03-23,Starter,North America,Finance,Paid Search,1,66,29,80.0,6,0,0,49,70.71428571428571,28.142857142857142,80.0,6,191,70.71428571428571,28.142857142857142,191.0
1154,2026-06-19,Growth,Europe,Manufacturing,Partner,0,50,20,44.25,1,0,0,129,59.25,18.5,44.25,1,103,59.25,18.5,103.0
1155,2025-03-25,Growth,North America,SaaS,Referral,1,0,24,76.78947368421052,0,0,0,129,0.0,22.68421052631579,76.78947368421052,0,554,0.0,22.68421052631579,554.0
1156,2025-06-24,Starter,Latin America,Manufacturing,Referral,0,55,23,71.625,0,0,0,49,54.1875,21.3125,71.625,0,463,54.1875,21.3125,463.0
1157,2026-02-14,Starter,North America,Manufacturing,Outbound Sales,1,94,9,77.875,1,0,0,49,94.25,8.125,77.875,1,228,94.25,8.125,228.0
1158,2026-08-14,Enterprise,Europe,Finance,Referral,1,0,21,50.0,1,0,0,399,0.0,27.5,50.0,1,47,0.0,27.5,47.0
1159,2025-07-17,Starter,North America,Finance,Outbound Sales,1,78,21,54.2,1,0,0,49,75.46666666666667,19.066666666666666,54.2,1,440,75.46666666666667,19.066666666666666,440.0
1160,2026-02-12,Starter,Asia Pacific,Retail,Referral,1,33,14,56.875,0,0,0,49,32.375,13.625,56.875,0,230,32.375,13.625,230.0
1161,2025-07-18,Growth,Latin America,Education,Organic,1,60,9,74.4,0,0,0,129,59.666666666666664,8.0,74.4,0,439,59.666666666666664,8.0,439.0
1162,2026-09-12,Starter,Asia Pacific,Education,Organic,0,36,19,85.0,2,0,0,49,29.0,24.0,85.0,2,18,29.0,24.0,18.0
1163,2024-11-08,Growth,Asia Pacific,Education,Referral,1,65,14,59.25,1,0,0,129,64.91666666666667,13.958333333333334,59.25,1,691,64.91666666666667,13.958333333333334,691.0
1164,2026-02-18,Starter,Latin America,Healthcare,Partner,1,27,14,52.25,2,0,0,49,28.875,13.75,52.25,2,224,28.875,13.75,224.0
1165,2025-08-20,Growth,Asia Pacific,Manufacturing,Referral,1,82,5,39.785714285714285,3,0,0,129,85.71428571428571,4.642857142857143,39.785714285714285,3,406,85.71428571428571,4.642857142857143,406.0
1166,2026-09-23,Enterprise,Asia Pacific,Healthcare,Organic,1,51,22,34.0,2,0,0,399,45.0,21.0,34.0,2,7,45.0,21.0,7.0
1167,2026-05-12,Starter,Asia Pacific,Manufacturing,Paid Search,1,28,18,84.2,2,0,0,49,26.2,19.2,84.2,2,141,26.2,19.2,141.0
1168,2025-04-09,Starter,Europe,Retail,Referral,1,46,32,62.22222222222222,5,1,2025-06-15 00:00:00,49,46.22222222222222,28.666666666666668,62.22222222222222,5,539,46.22222222222222,28.666666666666668,67.0
1169,2026-01-25,Starter,Europe,Education,Organic,1,39,21,36.666666666666664,0,0,0,49,36.888888888888886,22.77777777777778,36.666666666666664,0,248,36.888888888888886,22.77777777777778,248.0
1170,2025-10-18,Starter,Asia Pacific,SaaS,Outbound Sales,0,55,24,67.25,3,0,0,49,55.5,25.916666666666668,67.25,3,347,55.5,25.916666666666668,347.0
1171,2026-06-23,Starter,Latin America,Healthcare,Partner,1,72,22,93.25,1,0,0,49,80.25,25.0,93.25,1,99,80.25,25.0,99.0
1172,2025-09-01,Starter,Europe,Manufacturing,Referral,1,27,23,39.07142857142857,0,0,0,49,25.714285714285715,23.642857142857142,39.07142857142857,0,394,25.714285714285715,23.642857142857142,394.0
1173,2026-08-15,Starter,North America,Finance,Outbound Sales,1,76,10,48.5,3,0,0,49,82.0,9.0,48.5,3,46,82.0,9.0,46.0
1174,2026-01-07,Starter,Europe,Education,Organic,1,83,11,78.33333333333333,2,0,0,49,80.44444444444444,9.333333333333334,78.33333333333333,2,266,80.44444444444444,9.333333333333334,266.0
1175,2025-07-13,Starter,North America,Education,Partner,0,51,8,88.8,1,0,0,49,53.266666666666666,7.8,88.8,1,444,53.266666666666666,7.8,444.0
1176,2026-02-09,Starter,Latin America,SaaS,Partner,1,41,18,46.625,4,0,0,49,43.875,14.75,46.625,4,233,43.875,14.75,233.0
1177,2025-09-04,Growth,North America,Manufacturing,Outbound Sales,0,52,14,37.357142857142854,2,0,0,129,56.214285714285715,15.142857142857142,37.357142857142854,2,391,56.214285714285715,15.142857142857142,391.0
1178,2025-05-21,Starter,Europe,Retail,Referral,1,82,23,49.1764705882353,1,0,0,49,78.0,22.41176470588235,49.1764705882353,1,497,78.0,22.41176470588235,497.0
1179,2025-11-27,Starter,North America,Education,Organic,1,99,5,46.18181818181818,1,0,0,49,94.0,4.636363636363637,46.18181818181818,1,307,94.0,4.636363636363637,307.0
1180,2026-03-08,Growth,Asia Pacific,Healthcare,Referral,1,27,30,47.42857142857143,5,0,0,129,27.142857142857142,26.142857142857142,47.42857142857143,5,206,27.142857142857142,26.142857142857142,206.0
1181,2025-02-16,Growth,North America,Retail,Outbound Sales,0,84,9,73.6,5,0,0,129,81.85,8.35,73.6,5,591,81.85,8.35,591.0
1182,2025-06-29,Starter,Europe,SaaS,Paid Search,1,57,19,49.125,0,0,0,49,52.625,17.3125,49.125,0,458,52.625,17.3125,458.0
1183,2025-11-24,Growth,Europe,Finance,Outbound Sales,1,65,16,39.18181818181818,3,0,0,129,62.81818181818182,14.454545454545455,39.18181818181818,3,310,62.81818181818182,14.454545454545455,310.0
1184,2026-06-07,Starter,North America,Finance,Partner,0,33,21,82.0,4,0,0,49,35.75,17.5,82.0,4,115,35.75,17.5,115.0
1185,2025-11-01,Starter,Latin America,Retail,Organic,0,0,17,75.83333333333333,0,0,0,49,0.0,16.083333333333332,75.83333333333333,0,333,0.0,16.083333333333332,333.0
1186,2026-06-10,Starter,Europe,Manufacturing,Outbound Sales,1,45,25,4.5,1,0,0,49,42.0,27.0,4.5,1,112,42.0,27.0,112.0
1187,2025-08-28,Growth,Europe,Healthcare,Outbound Sales,1,31,18,39.07142857142857,0,0,0,129,32.642857142857146,18.071428571428573,39.07142857142857,0,398,32.642857142857146,18.071428571428573,398.0
1188,2025-08-28,Starter,Europe,Finance,Outbound Sales,1,25,6,61.214285714285715,2,0,0,49,24.071428571428573,5.142857142857143,61.214285714285715,2,398,24.071428571428573,5.142857142857143,398.0
1189,2024-11-21,Growth,North America,Finance,Outbound Sales,1,55,31,63.04347826086956,1,0,0,129,53.608695652173914,33.0,63.04347826086956,1,678,53.608695652173914,33.0,678.0
1190,2026-09-04,Growth,Asia Pacific,Healthcare,Partner,0,23,29,48.0,0,0,0,129,18.0,18.0,48.0,0,26,18.0,18.0,26.0
1191,2025-12-09,Starter,North America,Manufacturing,Paid Search,1,43,12,75.9,1,0,0,49,41.7,12.5,75.9,1,295,41.7,12.5,295.0
1192,2025-08-07,Starter,Asia Pacific,Retail,Referral,0,39,39,47.214285714285715,4,0,0,49,40.857142857142854,41.642857142857146,47.214285714285715,4,419,40.857142857142854,41.642857142857146,419.0
1193,2024-11-07,Enterprise,Asia Pacific,Healthcare,Organic,1,50,7,61.25,0,0,0,399,50.25,6.083333333333333,61.25,0,692,50.25,6.083333333333333,692.0
1194,2026-06-01,Growth,Asia Pacific,Finance,Partner,1,52,22,87.0,0,1,2026-09-26 00:00:00,129,50.6,21.6,87.0,0,121,50.6,21.6,117.0
1195,2024-12-19,Starter,Europe,SaaS,Paid Search,1,7,16,45.13636363636363,0,0,0,49,6.363636363636363,16.636363636363637,45.13636363636363,0,650,6.363636363636363,16.636363636363637,650.0
1196,2026-07-12,Starter,Latin America,Healthcare,Outbound Sales,0,71,8,53.333333333333336,1,0,0,49,71.66666666666667,7.0,53.333333333333336,1,80,71.66666666666667,7.0,80.0
1197,2026-03-22,Starter,Latin America,Manufacturing,Partner,0,34,18,74.28571428571429,1,0,0,49,31.142857142857142,16.142857142857142,74.28571428571429,1,192,31.142857142857142,16.142857142857142,192.0
1198,2025-08-19,Starter,Latin America,SaaS,Paid Search,1,31,16,61.07142857142857,2,0,0,49,32.142857142857146,16.285714285714285,61.07142857142857,2,407,32.142857142857146,16.285714285714285,407.0
1199,2025-06-22,Growth,North America,Retail,Outbound Sales,1,63,9,36.6875,0,0,0,129,62.1875,9.0625,36.6875,0,465,62.1875,9.0625,465.0
1200,2026-07-13,Enterprise,Europe,Education,Referral,1,34,19,48.666666666666664,0,0,0,399,30.333333333333332,18.0,48.666666666666664,0,79,30.333333333333332,18.0,79.0
1201,2025-10-25,Enterprise,Asia Pacific,Finance,Referral,0,41,14,37.666666666666664,0,0,0,399,41.083333333333336,12.75,37.666666666666664,0,340,41.083333333333336,12.75,340.0
1202,2025-06-11,Growth,Europe,SaaS,Referral,0,32,16,53.5,0,0,0,129,32.5625,16.4375,53.5,0,476,32.5625,16.4375,476.0
1203,2026-08-12,Growth,Latin America,SaaS,Outbound Sales,1,54,19,60.5,0,0,0,129,49.0,21.5,60.5,0,49,49.0,21.5,49.0
1204,2025-05-12,Starter,Latin America,Retail,Paid Search,1,50,27,20.41176470588235,0,0,0,49,46.705882352941174,26.58823529411765,20.41176470588235,0,506,46.705882352941174,26.58823529411765,506.0
1205,2026-07-27,Growth,Latin America,Manufacturing,Partner,0,40,5,55.0,1,0,0,129,37.666666666666664,5.0,55.0,1,65,37.666666666666664,5.0,65.0
1206,2025-07-13,Growth,Europe,SaaS,Organic,0,48,13,70.0,0,0,0,129,49.06666666666667,12.933333333333334,70.0,0,444,49.06666666666667,12.933333333333334,444.0
1207,2026-09-24,Starter,Europe,Manufacturing,Outbound Sales,1,23,26,100.0,0,0,0,49,19.0,24.0,100.0,0,6,19.0,24.0,6.0
1208,2026-09-05,Enterprise,Europe,Finance,Paid Search,1,49,0,91.0,1,0,0,399,63.0,0.0,91.0,1,25,63.0,0.0,25.0
1209,2026-09-27,Growth,Asia Pacific,Education,Partner,1,43,17,34.0,6,0,0,129,53.0,12.0,34.0,6,3,53.0,12.0,3.0
1210,2025-03-19,Growth,North America,Finance,Paid Search,1,40,11,83.26315789473684,0,0,0,129,39.63157894736842,9.421052631578947,83.26315789473684,0,560,39.63157894736842,9.421052631578947,560.0
1211,2026-08-04,Growth,Asia Pacific,Healthcare,Outbound Sales,1,59,20,57.5,0,0,0,129,53.5,15.0,57.5,0,57,53.5,15.0,57.0
1212,2025-02-06,Starter,Europe,Retail,Referral,1,36,25,68.38095238095238,1,0,0,49,35.142857142857146,23.0,68.38095238095238,1,601,35.142857142857146,23.0,601.0
1213,2026-08-03,Growth,Europe,SaaS,Outbound Sales,1,55,4,77.5,0,0,0,129,69.5,2.0,77.5,0,58,69.5,2.0,58.0
1214,2026-08-22,Starter,Europe,SaaS,Referral,1,35,26,75.0,1,0,0,49,39.5,26.0,75.0,1,39,39.5,26.0,39.0
1215,2024-12-09,Growth,Asia Pacific,Finance,Referral,1,31,11,55.21739130434783,0,0,0,129,30.217391304347824,9.782608695652174,55.21739130434783,0,660,30.217391304347824,9.782608695652174,660.0
1216,2025-09-11,Growth,Asia Pacific,Healthcare,Paid Search,1,43,22,59.07692307692308,0,0,0,129,41.0,21.384615384615383,59.07692307692308,0,384,41.0,21.384615384615383,384.0
1217,2026-01-24,Enterprise,Europe,Manufacturing,Outbound Sales,1,67,15,28.444444444444443,2,0,0,399,71.88888888888889,16.77777777777778,28.444444444444443,2,249,71.88888888888889,16.77777777777778,249.0
1218,2024-12-03,Growth,North America,Manufacturing,Partner,1,15,10,41.34782608695652,0,0,0,129,14.26086956521739,9.869565217391305,41.34782608695652,0,666,14.26086956521739,9.869565217391305,666.0
1219,2026-06-15,Starter,Europe,SaaS,Partner,0,66,14,86.0,1,0,0,49,65.5,14.0,86.0,1,107,65.5,14.0,107.0
1220,2025-11-07,Starter,Europe,Manufacturing,Outbound Sales,1,67,2,70.72727272727273,2,0,0,49,67.9090909090909,1.3636363636363635,70.72727272727273,2,327,67.9090909090909,1.3636363636363635,327.0
1221,2025-03-13,Growth,Latin America,Healthcare,Paid Search,1,78,14,74.36842105263158,3,0,0,129,75.84210526315789,13.31578947368421,74.36842105263158,3,566,75.84210526315789,13.31578947368421,566.0
1222,2025-01-30,Starter,Europe,Healthcare,Referral,1,49,19,57.23809523809524,0,0,0,49,48.38095238095238,18.476190476190474,57.23809523809524,0,608,48.38095238095238,18.476190476190474,608.0
1223,2025-08-28,Growth,North America,SaaS,Partner,0,40,21,50.357142857142854,0,0,0,129,38.5,20.571428571428573,50.357142857142854,0,398,38.5,20.571428571428573,398.0
1224,2025-09-29,Enterprise,Latin America,Healthcare,Partner,1,42,15,32.07692307692308,5,0,0,399,41.84615384615385,13.538461538461538,32.07692307692308,5,366,41.84615384615385,13.538461538461538,366.0
1225,2025-12-29,Growth,Asia Pacific,SaaS,Outbound Sales,1,53,28,6.7,0,0,0,129,52.2,27.8,6.7,0,275,52.2,27.8,275.0
1226,2025-04-27,Starter,Latin America,Education,Partner,1,33,25,91.22222222222223,1,0,0,49,30.666666666666668,25.5,91.22222222222223,1,521,30.666666666666668,25.5,521.0
1227,2025-05-23,Starter,Europe,Education,Referral,0,35,31,32.64705882352941,2,0,0,49,36.8235294117647,32.1764705882353,32.64705882352941,2,495,36.8235294117647,32.1764705882353,495.0
1228,2025-03-14,Starter,Europe,Manufacturing,Organic,0,53,21,81.0,2,0,0,49,54.578947368421055,19.894736842105264,81.0,2,565,54.578947368421055,19.894736842105264,565.0
1229,2026-05-05,Starter,Asia Pacific,Finance,Outbound Sales,1,91,6,60.4,0,0,0,49,84.8,5.4,60.4,0,148,84.8,5.4,148.0
1230,2025-11-08,Growth,North America,Manufacturing,Partner,1,54,20,64.36363636363636,0,0,0,129,51.36363636363637,20.545454545454547,64.36363636363636,0,326,51.36363636363637,20.545454545454547,326.0
1231,2026-04-26,Growth,Asia Pacific,Retail,Partner,0,37,14,51.666666666666664,1,0,0,129,35.833333333333336,13.666666666666666,51.666666666666664,1,157,35.833333333333336,13.666666666666666,157.0
1232,2026-03-27,Starter,North America,Healthcare,Paid Search,1,54,13,92.85714285714286,1,0,0,49,52.285714285714285,14.571428571428571,92.85714285714286,1,187,52.285714285714285,14.571428571428571,187.0
1233,2025-08-05,Starter,Latin America,Education,Paid Search,1,36,21,77.33333333333333,0,1,2025-11-27 00:00:00,49,37.6,19.266666666666666,77.33333333333333,0,421,37.6,19.266666666666666,114.0
1234,2025-07-20,Starter,Latin America,SaaS,Referral,1,39,18,57.13333333333333,2,0,0,49,36.93333333333333,18.133333333333333,57.13333333333333,2,437,36.93333333333333,18.133333333333333,437.0
1235,2026-03-07,Starter,Latin America,SaaS,Paid Search,1,51,9,50.142857142857146,0,1,2026-06-20 00:00:00,49,48.285714285714285,8.142857142857142,50.142857142857146,0,207,48.285714285714285,8.142857142857142,105.0
1236,2025-10-11,Starter,Latin America,Retail,Paid Search,0,3,11,61.916666666666664,1,0,0,49,2.4166666666666665,10.916666666666666,61.916666666666664,1,354,2.4166666666666665,10.916666666666666,354.0
1237,2025-02-24,Starter,Asia Pacific,Manufacturing,Partner,1,60,21,78.0,0,0,0,49,56.05,21.25,78.0,0,583,56.05,21.25,583.0
1238,2026-02-21,Enterprise,Asia Pacific,Retail,Organic,1,35,18,73.625,1,0,0,399,33.625,15.875,73.625,1,221,33.625,15.875,221.0
1239,2025-01-15,Starter,Asia Pacific,Healthcare,Partner,1,45,6,64.33333333333333,0,0,0,49,42.285714285714285,5.666666666666667,64.33333333333333,0,623,42.285714285714285,5.666666666666667,623.0
1240,2025-03-23,Starter,Latin America,Healthcare,Outbound Sales,1,53,17,63.31578947368421,0,0,0,49,54.26315789473684,16.473684210526315,63.31578947368421,0,556,54.26315789473684,16.473684210526315,556.0
1241,2025-06-18,Enterprise,Europe,Education,Organic,1,54,21,53.875,0,0,0,399,52.4375,20.4375,53.875,0,469,52.4375,20.4375,469.0
1242,2026-09-22,Growth,Asia Pacific,SaaS,Referral,0,51,11,59.0,1,0,0,129,54.0,12.0,59.0,1,8,54.0,12.0,8.0
1243,2026-09-20,Growth,Asia Pacific,Finance,Outbound Sales,1,41,13,18.0,2,0,0,129,28.0,17.0,18.0,2,10,28.0,17.0,10.0
1244,2025-12-10,Enterprise,Asia Pacific,Finance,Paid Search,1,37,5,78.5,2,0,0,399,34.7,5.2,78.5,2,294,34.7,5.2,294.0
1245,2026-05-23,Enterprise,Europe,Finance,Partner,1,57,12,45.2,0,0,0,399,65.6,10.8,45.2,0,130,65.6,10.8,130.0
1246,2025-11-08,Enterprise,Asia Pacific,SaaS,Organic,1,29,25,88.27272727272727,0,0,0,399,28.272727272727273,26.727272727272727,88.27272727272727,0,326,28.272727272727273,26.727272727272727,326.0
1247,2025-01-30,Growth,Latin America,SaaS,Organic,1,55,20,77.66666666666667,0,0,0,129,56.95238095238095,20.0,77.66666666666667,0,608,56.95238095238095,20.0,608.0
1248,2025-12-08,Growth,Europe,Education,Outbound Sales,1,38,14,65.6,3,1,2026-01-14 00:00:00,129,42.8,12.9,65.6,3,296,42.8,12.9,37.0
1249,2025-07-27,Starter,Asia Pacific,Retail,Outbound Sales,1,0,8,53.86666666666667,2,0,0,49,0.0,6.733333333333333,53.86666666666667,2,430,0.0,6.733333333333333,430.0
1250,2026-05-02,Growth,Latin America,Finance,Outbound Sales,1,42,9,80.66666666666667,0,0,0,129,46.5,8.0,80.66666666666667,0,151,46.5,8.0,151.0
1251,2025-03-05,Starter,Europe,Healthcare,Outbound Sales,1,74,24,26.35,1,1,2025-11-22 00:00:00,49,74.45,22.05,26.35,1,574,74.45,22.05,262.0
1252,2025-11-11,Growth,North America,Finance,Partner,1,38,5,43.0,1,0,0,129,33.54545454545455,4.909090909090909,43.0,1,323,33.54545454545455,4.909090909090909,323.0
1253,2026-09-18,Starter,Europe,Retail,Paid Search,0,10,14,22.0,4,0,0,49,7.0,12.0,22.0,4,12,7.0,12.0,12.0
1254,2026-09-18,Starter,Europe,Retail,Referral,1,63,18,62.0,1,0,0,49,73.0,21.0,62.0,1,12,73.0,21.0,12.0
1255,2025-07-25,Starter,Latin America,Retail,Organic,1,25,38,88.4,6,0,0,49,25.0,34.13333333333333,88.4,6,432,25.0,34.13333333333333,432.0
1256,2026-06-20,Enterprise,Asia Pacific,Healthcare,Paid Search,1,32,14,73.25,0,0,0,399,33.5,14.25,73.25,0,102,33.5,14.25,102.0
1257,2025-11-24,Starter,North America,Healthcare,Referral,0,33,15,50.18181818181818,2,0,0,49,28.363636363636363,14.636363636363637,50.18181818181818,2,310,28.363636363636363,14.636363636363637,310.0
1258,2026-08-14,Starter,North America,Manufacturing,Referral,1,55,14,46.5,1,0,0,49,55.5,15.0,46.5,1,47,55.5,15.0,47.0
1259,2025-11-14,Starter,Asia Pacific,Retail,Partner,1,53,19,76.81818181818181,4,0,0,49,54.72727272727273,18.454545454545453,76.81818181818181,4,320,54.72727272727273,18.454545454545453,320.0
1260,2025-02-17,Starter,Europe,Retail,Referral,0,41,11,54.15,2,0,0,49,41.8,11.55,54.15,2,590,41.8,11.55,590.0
1261,2026-09-21,Starter,Asia Pacific,Education,Organic,1,43,29,100.0,0,0,0,49,47.0,18.0,100.0,0,9,47.0,18.0,9.0
1262,2025-06-26,Growth,Latin America,Retail,Paid Search,1,55,11,40.3125,1,0,0,129,54.375,11.1875,40.3125,1,461,54.375,11.1875,461.0
1263,2026-02-24,Starter,Asia Pacific,Healthcare,Paid Search,1,65,11,68.5,4,0,0,49,57.5,12.0,68.5,4,218,57.5,12.0,218.0
1264,2024-11-24,Starter,Europe,Manufacturing,Paid Search,0,26,17,67.8695652173913,1,0,0,49,25.130434782608695,16.782608695652176,67.8695652173913,1,675,25.130434782608695,16.782608695652176,675.0
1265,2026-07-26,Starter,Asia Pacific,Manufacturing,Paid Search,1,43,25,57.0,2,0,0,49,40.666666666666664,19.0,57.0,2,66,40.666666666666664,19.0,66.0
1266,2026-05-27,Enterprise,Latin America,Manufacturing,Outbound Sales,1,47,17,62.4,1,0,0,399,43.0,16.4,62.4,1,126,43.0,16.4,126.0
1267,2025-09-30,Starter,Europe,Finance,Outbound Sales,1,53,11,90.53846153846153,2,0,0,49,51.61538461538461,10.846153846153847,90.53846153846153,2,365,51.61538461538461,10.846153846153847,365.0
1268,2026-07-16,Growth,North America,Retail,Referral,1,39,19,50.0,4,0,0,129,39.0,21.0,50.0,4,76,39.0,21.0,76.0
1269,2025-06-13,Growth,North America,SaaS,Outbound Sales,1,46,26,36.4375,0,0,0,129,43.0,25.6875,36.4375,0,474,43.0,25.6875,474.0
1270,2026-08-24,Growth,North America,Education,Partner,1,23,23,21.5,5,0,0,129,26.5,23.5,21.5,5,37,26.5,23.5,37.0
1271,2025-01-02,Starter,Asia Pacific,Retail,Referral,1,44,23,64.36363636363636,0,0,0,49,40.40909090909091,21.5,64.36363636363636,0,636,40.40909090909091,21.5,636.0
1272,2026-08-11,Starter,Europe,Finance,Paid Search,1,41,27,100.0,3,0,0,49,48.5,21.0,100.0,3,50,48.5,21.0,50.0
1273,2026-02-17,Starter,Europe,SaaS,Outbound Sales,1,80,19,83.875,2,1,2026-09-14 00:00:00,49,72.0,19.0,83.875,2,225,72.0,19.0,209.0
1274,2025-09-04,Growth,Asia Pacific,Manufacturing,Partner,1,48,17,81.5,4,0,0,129,46.714285714285715,16.857142857142858,81.5,4,391,46.714285714285715,16.857142857142858,391.0
1275,2026-08-25,Starter,North America,Retail,Partner,1,9,27,67.0,1,0,0,49,10.0,27.5,67.0,1,36,10.0,27.5,36.0
1276,2025-12-22,Growth,North America,Finance,Organic,0,49,14,44.1,0,0,0,129,47.6,13.4,44.1,0,282,47.6,13.4,282.0
1277,2025-02-26,Starter,Europe,Education,Paid Search,1,35,19,35.05,1,0,0,49,35.5,19.6,35.05,1,581,35.5,19.6,581.0
1278,2025-03-22,Enterprise,Latin America,Finance,Outbound Sales,1,27,23,34.473684210526315,0,0,0,399,27.157894736842106,24.789473684210527,34.473684210526315,0,557,27.157894736842106,24.789473684210527,557.0
1279,2024-12-15,Starter,Asia Pacific,Finance,Paid Search,0,53,7,58.54545454545455,2,0,0,49,53.18181818181818,6.2272727272727275,58.54545454545455,2,654,53.18181818181818,6.2272727272727275,654.0
1280,2024-12-07,Starter,Latin America,Retail,Organic,1,41,24,83.47826086956522,0,0,0,49,40.608695652173914,23.565217391304348,83.47826086956522,0,662,40.608695652173914,23.565217391304348,662.0
1281,2025-09-06,Starter,North America,Healthcare,Outbound Sales,0,0,17,67.76923076923077,0,0,0,49,0.0,16.692307692307693,67.76923076923077,0,389,0.0,16.692307692307693,389.0
1282,2026-03-18,Growth,Europe,Manufacturing,Partner,1,31,16,56.857142857142854,1,0,0,129,28.714285714285715,13.857142857142858,56.857142857142854,1,196,28.714285714285715,13.857142857142858,196.0
1283,2025-02-25,Enterprise,Asia Pacific,Retail,Paid Search,0,27,7,22.1,0,0,0,399,27.4,6.25,22.1,0,582,27.4,6.25,582.0
1284,2025-02-06,Starter,Asia Pacific,Finance,Organic,1,65,11,56.142857142857146,0,0,0,49,63.76190476190476,11.142857142857142,56.142857142857146,0,601,63.76190476190476,11.142857142857142,601.0
1285,2025-06-27,Starter,North America,Finance,Partner,1,22,18,69.0,0,0,0,49,21.0625,15.375,69.0,0,460,21.0625,15.375,460.0
1286,2026-05-03,Starter,Asia Pacific,Finance,Partner,1,24,29,73.33333333333333,2,0,0,49,24.166666666666668,30.166666666666668,73.33333333333333,2,150,24.166666666666668,30.166666666666668,150.0
1287,2025-03-17,Growth,Asia Pacific,Manufacturing,Partner,1,86,14,53.21052631578947,0,0,0,129,86.6842105263158,13.052631578947368,53.21052631578947,0,562,86.6842105263158,13.052631578947368,562.0
1288,2025-12-01,Starter,Asia Pacific,Education,Referral,1,48,16,30.90909090909091,0,0,0,49,45.09090909090909,15.454545454545455,30.90909090909091,0,303,45.09090909090909,15.454545454545455,303.0
1289,2026-02-06,Starter,Asia Pacific,Retail,Partner,1,33,26,37.125,1,0,0,49,35.625,28.0,37.125,1,236,35.625,28.0,236.0
1290,2025-11-13,Starter,Asia Pacific,Manufacturing,Paid Search,1,85,31,59.18181818181818,0,1,2026-09-15 00:00:00,49,80.0909090909091,29.818181818181817,59.18181818181818,0,321,80.0909090909091,29.818181818181817,306.0
1291,2026-01-02,Growth,Latin America,SaaS,Paid Search,1,44,9,23.4,5,0,0,129,45.5,8.4,23.4,5,271,45.5,8.4,271.0
1292,2026-06-23,Starter,Europe,Healthcare,Outbound Sales,1,20,5,65.5,1,0,0,49,20.5,4.75,65.5,1,99,20.5,4.75,99.0
1293,2025-04-06,Growth,Latin America,Manufacturing,Organic,1,41,18,73.36842105263158,0,0,0,129,38.05263157894737,18.05263157894737,73.36842105263158,0,542,38.05263157894737,18.05263157894737,542.0
1294,2025-12-28,Enterprise,Asia Pacific,Retail,Organic,1,0,7,81.1,0,0,0,399,0.0,6.3,81.1,0,276,0.0,6.3,276.0
1295,2026-08-31,Starter,Latin America,Retail,Paid Search,1,24,14,78.5,0,0,0,49,24.0,18.5,78.5,0,30,24.0,18.5,30.0
1296,2025-02-08,Growth,Europe,Manufacturing,Referral,1,78,17,69.9,1,0,0,129,76.4,15.8,69.9,1,599,76.4,15.8,599.0
1297,2026-03-15,Starter,Asia Pacific,Finance,Paid Search,0,50,25,55.42857142857143,3,0,0,49,50.0,21.857142857142858,55.42857142857143,3,199,50.0,21.857142857142858,199.0
1298,2026-07-22,Starter,Asia Pacific,SaaS,Paid Search,1,48,14,47.0,3,0,0,49,46.0,12.333333333333334,47.0,3,70,46.0,12.333333333333334,70.0
1299,2025-12-21,Growth,Latin America,Manufacturing,Organic,1,6,32,33.7,0,1,2026-09-17 00:00:00,129,5.8,32.9,33.7,0,283,5.8,32.9,270.0
1300,2025-08-12,Starter,Asia Pacific,Manufacturing,Referral,1,82,27,74.92857142857143,0,0,0,49,77.28571428571429,25.285714285714285,74.92857142857143,0,414,77.28571428571429,25.285714285714285,414.0
1301,2024-12-02,Starter,Asia Pacific,SaaS,Outbound Sales,0,54,21,53.82608695652174,1,0,0,49,55.47826086956522,20.304347826086957,53.82608695652174,1,667,55.47826086956522,20.304347826086957,667.0
1302,2025-11-13,Starter,Asia Pacific,Finance,Organic,0,64,0,79.18181818181819,3,0,0,49,66.18181818181819,0.0,79.18181818181819,3,321,66.18181818181819,0.0,321.0
1303,2025-06-09,Growth,Europe,Manufacturing,Referral,1,11,24,37.3125,1,0,0,129,10.6875,23.0,37.3125,1,478,10.6875,23.0,478.0
1304,2026-01-27,Enterprise,Asia Pacific,Finance,Outbound Sales,0,50,30,55.333333333333336,0,1,2026-06-19 00:00:00,399,53.55555555555556,26.88888888888889,55.333333333333336,0,246,53.55555555555556,26.88888888888889,143.0
1305,2025-06-28,Growth,Asia Pacific,Retail,Organic,1,41,25,68.5625,1,0,0,129,43.625,24.0625,68.5625,1,459,43.625,24.0625,459.0
1306,2025-11-05,Growth,North America,Healthcare,Paid Search,0,32,11,73.0,4,0,0,129,31.636363636363637,10.0,73.0,4,329,31.636363636363637,10.0,329.0
1307,2025-02-08,Starter,North America,Finance,Partner,1,22,13,60.45,0,0,0,49,20.35,12.9,60.45,0,599,20.35,12.9,599.0
1308,2025-11-10,Growth,Latin America,Finance,Referral,1,17,19,40.54545454545455,4,0,0,129,16.454545454545453,17.181818181818183,40.54545454545455,4,324,16.454545454545453,17.181818181818183,324.0
1309,2026-05-10,Growth,Asia Pacific,Healthcare,Paid Search,1,82,20,32.4,0,0,0,129,78.4,16.6,32.4,0,143,78.4,16.6,143.0
1310,2026-08-21,Starter,North America,Education,Referral,1,41,12,49.0,0,0,0,49,34.0,11.5,49.0,0,40,34.0,11.5,40.0
1311,2025-11-01,Growth,Europe,Healthcare,Outbound Sales,0,68,14,55.166666666666664,2,0,0,129,71.16666666666667,12.916666666666666,55.166666666666664,2,333,71.16666666666667,12.916666666666666,333.0
1312,2024-12-31,Growth,Europe,Education,Outbound Sales,1,62,11,37.81818181818182,3,0,0,129,64.5,9.818181818181818,37.81818181818182,3,638,64.5,9.818181818181818,638.0
1313,2025-12-11,Starter,Latin America,Healthcare,Referral,1,62,31,75.2,4,0,0,49,62.5,29.8,75.2,4,293,62.5,29.8,293.0
1314,2025-08-08,Starter,Asia Pacific,SaaS,Referral,0,59,24,46.57142857142857,2,0,0,49,61.0,26.357142857142858,46.57142857142857,2,418,61.0,26.357142857142858,418.0
1315,2025-05-12,Enterprise,Asia Pacific,Finance,Partner,0,52,23,33.8235294117647,4,1,2025-08-12 00:00:00,399,48.529411764705884,21.235294117647058,33.8235294117647,4,506,48.529411764705884,21.235294117647058,92.0
1316,2026-02-07,Enterprise,Asia Pacific,Education,Paid Search,0,66,21,74.125,2,0,0,399,65.375,20.375,74.125,2,235,65.375,20.375,235.0
1317,2025-01-31,Starter,Latin America,Finance,Outbound Sales,1,60,18,56.57142857142857,0,0,0,49,59.857142857142854,16.523809523809526,56.57142857142857,0,607,59.857142857142854,16.523809523809526,607.0
1318,2026-09-08,Growth,Europe,Healthcare,Partner,1,34,11,68.0,3,0,0,129,35.0,14.0,68.0,3,22,35.0,14.0,22.0
1319,2025-06-04,Starter,North America,Healthcare,Organic,1,53,26,59.705882352941174,0,0,0,49,53.588235294117645,27.176470588235293,59.705882352941174,0,483,53.588235294117645,27.176470588235293,483.0
1320,2026-08-18,Starter,Latin America,Finance,Partner,1,8,11,51.0,3,0,0,49,8.0,10.0,51.0,3,43,8.0,10.0,43.0
1321,2026-08-15,Enterprise,Europe,Healthcare,Referral,1,19,28,73.5,0,0,0,399,17.0,24.5,73.5,0,46,17.0,24.5,46.0
1322,2026-07-03,Starter,Latin America,Retail,Referral,0,39,21,74.0,3,0,0,49,43.0,21.333333333333332,74.0,3,89,43.0,21.333333333333332,89.0
1323,2024-11-20,Starter,Europe,Retail,Partner,0,33,16,77.73913043478261,6,1,2025-01-14 00:00:00,49,32.56521739130435,14.956521739130435,77.73913043478261,6,679,32.56521739130435,14.956521739130435,55.0
1324,2025-10-06,Growth,Latin America,Retail,Referral,1,67,11,44.833333333333336,0,0,0,129,68.25,10.0,44.833333333333336,0,359,68.25,10.0,359.0
1325,2025-07-06,Starter,Latin America,Healthcare,Partner,1,32,9,71.125,1,0,0,49,31.9375,8.5,71.125,1,451,31.9375,8.5,451.0
1326,2025-03-07,Growth,Europe,Finance,Paid Search,0,37,18,49.75,0,0,0,129,35.9,17.65,49.75,0,572,35.9,17.65,572.0
1327,2026-05-31,Enterprise,Asia Pacific,Healthcare,Organic,1,40,15,0.0,1,0,0,399,40.2,15.6,0.0,1,122,40.2,15.6,122.0
1328,2025-05-28,Starter,Europe,Manufacturing,Partner,1,33,13,14.294117647058824,1,0,0,49,35.23529411764706,12.411764705882353,14.294117647058824,1,490,35.23529411764706,12.411764705882353,490.0
1329,2025-01-08,Starter,Asia Pacific,Healthcare,Partner,1,75,17,31.727272727272727,0,0,0,49,70.0,16.40909090909091,31.727272727272727,0,630,70.0,16.40909090909091,630.0
1330,2026-05-20,Starter,North America,Manufacturing,Paid Search,1,56,37,76.2,2,0,0,49,65.4,37.2,76.2,2,133,65.4,37.2,133.0
1331,2025-05-30,Growth,Asia Pacific,Finance,Paid Search,1,81,1,43.0,0,0,0,129,82.52941176470588,0.47058823529411764,43.0,0,488,82.52941176470588,0.47058823529411764,488.0
1332,2026-06-22,Growth,Europe,SaaS,Paid Search,1,0,8,81.25,0,0,0,129,0.0,6.5,81.25,0,100,0.0,6.5,100.0
1333,2025-06-08,Enterprise,North America,Manufacturing,Outbound Sales,1,40,16,51.375,0,0,0,399,39.3125,14.5625,51.375,0,479,39.3125,14.5625,479.0
1334,2025-06-25,Starter,Asia Pacific,Retail,Partner,0,40,20,34.5625,0,0,0,49,39.0625,18.875,34.5625,0,462,39.0625,18.875,462.0
1335,2025-10-01,Enterprise,Europe,Finance,Referral,1,37,16,76.53846153846153,0,0,0,399,38.53846153846154,15.923076923076923,76.53846153846153,0,364,38.53846153846154,15.923076923076923,364.0
1336,2025-03-30,Growth,Asia Pacific,Retail,Referral,1,53,20,87.47368421052632,0,0,0,129,55.63157894736842,19.894736842105264,87.47368421052632,0,549,55.63157894736842,19.894736842105264,549.0
1337,2026-07-02,Growth,Europe,Education,Partner,1,28,21,63.0,0,0,0,129,27.75,20.25,63.0,0,90,27.75,20.25,90.0
1338,2024-11-01,Starter,Asia Pacific,Education,Partner,1,37,13,42.791666666666664,0,0,0,49,35.041666666666664,12.666666666666666,42.791666666666664,0,698,35.041666666666664,12.666666666666666,698.0
1339,2025-08-09,Growth,Europe,Retail,Referral,1,32,26,64.0,3,0,0,129,29.214285714285715,23.0,64.0,3,417,29.214285714285715,23.0,417.0
1340,2025-03-27,Growth,Latin America,Education,Partner,1,15,18,52.68421052631579,1,0,0,129,12.68421052631579,17.05263157894737,52.68421052631579,1,552,12.68421052631579,17.05263157894737,552.0
1341,2025-03-12,Enterprise,Latin America,Education,Paid Search,1,48,8,78.3157894736842,0,0,0,399,46.473684210526315,7.473684210526316,78.3157894736842,0,567,46.473684210526315,7.473684210526316,567.0
1342,2026-05-06,Growth,Europe,Retail,Partner,1,44,13,92.0,2,0,0,129,40.2,14.6,92.0,2,147,40.2,14.6,147.0
1343,2025-07-13,Starter,Europe,Manufacturing,Referral,1,66,23,82.66666666666667,2,0,0,49,67.86666666666666,22.133333333333333,82.66666666666667,2,444,67.86666666666666,22.133333333333333,444.0
1344,2025-04-26,Growth,Europe,Education,Outbound Sales,1,38,22,37.22222222222222,3,0,0,129,40.111111111111114,21.27777777777778,37.22222222222222,3,522,40.111111111111114,21.27777777777778,522.0
1345,2025-02-19,Growth,North America,SaaS,Organic,1,32,6,45.55,4,0,0,129,30.7,5.6,45.55,4,588,30.7,5.6,588.0
1346,2026-09-06,Growth,North America,Education,Paid Search,1,42,6,98.0,0,0,0,129,49.0,8.0,98.0,0,24,49.0,8.0,24.0
1347,2024-11-25,Growth,Europe,Education,Paid Search,1,54,10,52.608695652173914,0,0,0,129,52.52173913043478,9.08695652173913,52.608695652173914,0,674,52.52173913043478,9.08695652173913,674.0
1348,2025-03-13,Growth,North America,Retail,Paid Search,1,63,20,81.94736842105263,1,0,0,129,68.15789473684211,18.789473684210527,81.94736842105263,1,566,68.15789473684211,18.789473684210527,566.0
1349,2024-11-14,Starter,Latin America,Manufacturing,Partner,1,64,19,69.08695652173913,0,0,0,49,64.82608695652173,18.73913043478261,69.08695652173913,0,685,64.82608695652173,18.73913043478261,685.0
1350,2025-10-31,Starter,Latin America,Education,Paid Search,1,41,30,0.0,2,1,2026-03-31 00:00:00,49,42.666666666666664,28.25,0.0,2,334,42.666666666666664,28.25,151.0
1351,2026-06-24,Starter,Latin America,Education,Paid Search,0,16,30,84.0,0,0,0,49,17.0,20.25,84.0,0,98,17.0,20.25,98.0
1352,2025-09-26,Growth,Asia Pacific,Education,Organic,1,42,28,32.15384615384615,2,0,0,129,40.23076923076923,24.923076923076923,32.15384615384615,2,369,40.23076923076923,24.923076923076923,369.0
1353,2024-11-15,Starter,Asia Pacific,Retail,Organic,1,71,22,61.869565217391305,0,0,0,49,74.21739130434783,19.434782608695652,61.869565217391305,0,684,74.21739130434783,19.434782608695652,684.0
1354,2025-04-26,Starter,Latin America,Finance,Referral,1,36,22,31.055555555555557,1,0,0,49,33.44444444444444,22.055555555555557,31.055555555555557,1,522,33.44444444444444,22.055555555555557,522.0
1355,2025-07-28,Starter,Latin America,Finance,Outbound Sales,0,55,22,13.533333333333333,1,0,0,49,49.666666666666664,22.666666666666668,13.533333333333333,1,429,49.666666666666664,22.666666666666668,429.0
1356,2024-12-22,Starter,North America,SaaS,Paid Search,1,0,15,83.45454545454545,3,0,0,49,0.0,14.863636363636363,83.45454545454545,3,647,0.0,14.863636363636363,647.0
1357,2025-03-08,Starter,Latin America,Healthcare,Organic,1,33,6,68.2,1,0,0,49,31.35,4.9,68.2,1,571,31.35,4.9,571.0
1358,2026-01-04,Growth,Latin America,Retail,Partner,1,17,27,61.55555555555556,1,0,0,129,16.77777777777778,27.77777777777778,61.55555555555556,1,269,16.77777777777778,27.77777777777778,269.0
1359,2026-04-21,Starter,Europe,Education,Partner,1,28,31,33.0,0,0,0,49,25.833333333333332,33.333333333333336,33.0,0,162,25.833333333333332,33.333333333333336,162.0
1360,2025-02-23,Starter,Asia Pacific,SaaS,Referral,0,38,16,57.1,1,0,0,49,36.6,13.95,57.1,1,584,36.6,13.95,584.0
1361,2025-01-03,Starter,Asia Pacific,Retail,Paid Search,1,49,22,63.22727272727273,3,0,0,49,44.77272727272727,21.636363636363637,63.22727272727273,3,635,44.77272727272727,21.636363636363637,635.0
1362,2026-03-01,Starter,Europe,Finance,Outbound Sales,1,29,9,48.5,2,0,0,49,30.375,9.75,48.5,2,213,30.375,9.75,213.0
1363,2026-02-01,Growth,Europe,Manufacturing,Partner,1,50,4,61.0,2,0,0,129,46.22222222222222,3.0,61.0,2,241,46.22222222222222,3.0,241.0
1364,2025-11-04,Growth,North America,Finance,Partner,1,37,21,26.5,0,0,0,129,34.666666666666664,23.25,26.5,0,330,34.666666666666664,23.25,330.0
1365,2026-04-08,Starter,Latin America,Healthcare,Partner,1,6,23,51.333333333333336,0,0,0,49,5.0,26.833333333333332,51.333333333333336,0,175,5.0,26.833333333333332,175.0
1366,2026-06-29,Starter,Asia Pacific,SaaS,Outbound Sales,0,65,17,47.5,1,0,0,49,69.5,17.0,47.5,1,93,69.5,17.0,93.0
1367,2025-02-18,Starter,Asia Pacific,Education,Partner,0,28,14,13.5,1,0,0,49,28.4,14.3,13.5,1,589,28.4,14.3,589.0
1368,2026-02-04,Growth,North America,Education,Referral,1,62,31,26.625,1,0,0,129,62.25,32.5,26.625,1,238,62.25,32.5,238.0
1369,2026-03-29,Starter,Europe,Retail,Partner,0,25,14,89.57142857142857,0,0,0,49,22.714285714285715,14.857142857142858,89.57142857142857,0,185,22.714285714285715,14.857142857142858,185.0
1370,2025-06-13,Growth,North America,Healthcare,Partner,0,107,34,90.5625,1,0,0,129,101.4375,34.9375,90.5625,1,474,101.4375,34.9375,474.0
1371,2026-07-21,Growth,North America,Healthcare,Referral,1,36,28,46.333333333333336,0,0,0,129,34.666666666666664,24.333333333333332,46.333333333333336,0,71,34.666666666666664,24.333333333333332,71.0
1372,2024-12-13,Starter,Asia Pacific,Manufacturing,Referral,1,52,20,66.95454545454545,1,0,0,49,51.45454545454545,18.636363636363637,66.95454545454545,1,656,51.45454545454545,18.636363636363637,656.0
1373,2026-09-04,Starter,Latin America,Healthcare,Organic,1,56,10,71.0,0,0,0,49,42.0,9.0,71.0,0,26,42.0,9.0,26.0
1374,2026-04-16,Starter,Europe,Finance,Paid Search,1,49,21,60.0,0,0,0,49,46.0,19.333333333333332,60.0,0,167,46.0,19.333333333333332,167.0
1375,2025-09-03,Growth,Asia Pacific,Manufacturing,Organic,1,40,26,62.285714285714285,1,0,0,129,40.142857142857146,25.214285714285715,62.285714285714285,1,392,40.142857142857146,25.214285714285715,392.0
1376,2026-02-11,Growth,Asia Pacific,Retail,Organic,1,24,15,87.625,1,0,0,129,23.25,16.5,87.625,1,231,23.25,16.5,231.0
1377,2026-08-19,Starter,Latin America,Healthcare,Referral,0,39,11,69.5,0,0,0,49,33.0,12.5,69.5,0,42,33.0,12.5,42.0
1378,2024-11-30,Starter,North America,SaaS,Outbound Sales,1,59,19,50.08695652173913,1,0,0,49,55.34782608695652,17.08695652173913,50.08695652173913,1,669,55.34782608695652,17.08695652173913,669.0
1379,2024-12-31,Starter,Europe,SaaS,Partner,0,66,19,37.31818181818182,1,0,0,49,64.0909090909091,18.40909090909091,37.31818181818182,1,638,64.0909090909091,18.40909090909091,638.0
1380,2026-03-04,Growth,Europe,Healthcare,Paid Search,1,48,16,96.625,0,0,0,129,49.75,17.875,96.625,0,210,49.75,17.875,210.0
1381,2025-12-15,Starter,Asia Pacific,Education,Organic,1,33,23,90.1,1,0,0,49,33.1,21.4,90.1,1,289,33.1,21.4,289.0
1382,2026-01-09,Starter,North America,Healthcare,Outbound Sales,1,22,22,46.888888888888886,4,0,0,49,21.0,21.88888888888889,46.888888888888886,4,264,21.0,21.88888888888889,264.0
1383,2025-02-17,Growth,Europe,Healthcare,Outbound Sales,1,20,12,80.8,2,0,0,129,19.8,12.0,80.8,2,590,19.8,12.0,590.0
1384,2026-03-16,Enterprise,Europe,Healthcare,Paid Search,1,62,9,74.0,0,0,0,399,62.714285714285715,6.714285714285714,74.0,0,198,62.714285714285715,6.714285714285714,198.0
1385,2026-01-27,Starter,Asia Pacific,SaaS,Organic,1,23,23,61.77777777777778,0,0,0,49,21.444444444444443,24.333333333333332,61.77777777777778,0,246,21.444444444444443,24.333333333333332,246.0
1386,2025-01-13,Growth,Europe,SaaS,Partner,1,33,34,62.333333333333336,0,0,0,129,32.904761904761905,33.904761904761905,62.333333333333336,0,625,32.904761904761905,33.904761904761905,625.0
1387,2025-01-20,Starter,Europe,Education,Partner,1,43,9,52.61904761904762,0,0,0,49,44.04761904761905,8.571428571428571,52.61904761904762,0,618,44.04761904761905,8.571428571428571,618.0
1388,2025-09-24,Enterprise,Latin America,Retail,Paid Search,1,64,19,23.23076923076923,0,0,0,399,61.53846153846154,18.307692307692307,23.23076923076923,0,371,61.53846153846154,18.307692307692307,371.0
1389,2026-07-14,Starter,Asia Pacific,Finance,Paid Search,1,29,32,68.66666666666667,1,0,0,49,25.0,31.0,68.66666666666667,1,78,25.0,31.0,78.0
1390,2025-03-30,Starter,Europe,Education,Organic,1,45,19,31.157894736842106,4,0,0,49,46.31578947368421,17.57894736842105,31.157894736842106,4,549,46.31578947368421,17.57894736842105,549.0
1391,2025-01-05,Starter,North America,SaaS,Organic,0,48,7,57.59090909090909,0,0,0,49,46.72727272727273,6.7727272727272725,57.59090909090909,0,633,46.72727272727273,6.7727272727272725,633.0
1392,2025-03-08,Starter,Europe,Retail,Outbound Sales,1,51,21,72.95,3,0,0,49,48.05,20.65,72.95,3,571,48.05,20.65,571.0
1393,2025-08-07,Starter,Europe,Manufacturing,Partner,1,61,0,53.92857142857143,1,0,0,49,60.42857142857143,0.0,53.92857142857143,1,419,60.42857142857143,0.0,419.0
1394,2026-07-31,Enterprise,Asia Pacific,Manufacturing,Partner,0,63,24,39.666666666666664,0,1,2026-09-19 00:00:00,399,53.333333333333336,25.666666666666668,39.666666666666664,0,61,53.333333333333336,25.666666666666668,50.0
1395,2025-11-24,Growth,Asia Pacific,Education,Organic,1,46,19,58.27272727272727,2,0,0,129,45.72727272727273,18.818181818181817,58.27272727272727,2,310,45.72727272727273,18.818181818181817,310.0
1396,2026-07-03,Growth,Latin America,SaaS,Outbound Sales,1,23,19,50.333333333333336,3,0,0,129,22.333333333333332,19.0,50.333333333333336,3,89,22.333333333333332,19.0,89.0
1397,2026-04-26,Enterprise,Europe,SaaS,Organic,1,19,28,63.833333333333336,7,0,0,399,20.166666666666668,27.5,63.833333333333336,7,157,20.166666666666668,27.5,157.0
1398,2025-08-27,Growth,North America,SaaS,Partner,0,66,26,81.28571428571429,0,0,0,129,64.64285714285714,23.357142857142858,81.28571428571429,0,399,64.64285714285714,23.357142857142858,399.0
1399,2026-02-06,Starter,North America,Healthcare,Organic,1,4,23,69.75,1,0,0,49,3.875,20.125,69.75,1,236,3.875,20.125,236.0
1400,2026-03-31,Growth,Europe,SaaS,Outbound Sales,0,4,21,90.14285714285714,1,0,0,129,3.4285714285714284,21.285714285714285,90.14285714285714,1,183,3.4285714285714284,21.285714285714285,183.0
1401,2026-07-11,Starter,Europe,Finance,Organic,1,26,8,48.333333333333336,2,0,0,49,25.333333333333332,8.333333333333334,48.333333333333336,2,81,25.333333333333332,8.333333333333334,81.0
1402,2026-01-13,Growth,Latin America,SaaS,Partner,1,62,11,87.44444444444444,0,1,2026-03-09 00:00:00,129,64.0,11.0,87.44444444444444,0,260,64.0,11.0,55.0
1403,2025-02-24,Growth,Latin America,Retail,Referral,1,28,17,26.8,3,0,0,129,27.15,15.9,26.8,3,583,27.15,15.9,583.0
1404,2026-08-31,Growth,Asia Pacific,Finance,Outbound Sales,1,48,17,60.0,0,0,0,129,49.5,18.5,60.0,0,30,49.5,18.5,30.0
1405,2026-08-27,Growth,Asia Pacific,Education,Organic,1,59,16,91.5,0,0,0,129,64.5,18.5,91.5,0,34,64.5,18.5,34.0
1406,2026-05-17,Growth,North America,Healthcare,Referral,0,65,29,35.4,1,0,0,129,70.0,26.4,35.4,1,136,70.0,26.4,136.0
1407,2025-06-07,Growth,Latin America,Education,Referral,1,47,29,54.23529411764706,1,0,0,129,49.11764705882353,25.529411764705884,54.23529411764706,1,480,49.11764705882353,25.529411764705884,480.0
1408,2026-01-13,Starter,Asia Pacific,Retail,Referral,1,53,26,40.77777777777778,2,0,0,49,52.888888888888886,23.444444444444443,40.77777777777778,2,260,52.888888888888886,23.444444444444443,260.0
1409,2026-02-04,Growth,Asia Pacific,Finance,Organic,1,68,13,68.75,1,0,0,129,61.625,12.5,68.75,1,238,61.625,12.5,238.0
1410,2025-06-20,Starter,Latin America,Finance,Paid Search,1,29,19,53.9375,0,0,0,49,29.875,17.625,53.9375,0,467,29.875,17.625,467.0
1411,2025-12-27,Growth,Latin America,Healthcare,Organic,1,59,31,65.5,2,0,0,129,56.3,32.7,65.5,2,277,56.3,32.7,277.0
1412,2025-10-12,Starter,Asia Pacific,Retail,Organic,1,43,12,47.833333333333336,0,0,0,49,43.0,12.666666666666666,47.833333333333336,0,353,43.0,12.666666666666666,353.0
1413,2026-02-06,Growth,Latin America,SaaS,Outbound Sales,1,54,26,69.625,6,0,0,129,61.375,21.375,69.625,6,236,61.375,21.375,236.0
1414,2025-12-12,Growth,Europe,Healthcare,Outbound Sales,1,71,30,39.7,2,0,0,129,77.8,31.0,39.7,2,292,77.8,31.0,292.0
1415,2025-12-29,Starter,Europe,Retail,Paid Search,1,54,1,68.4,3,0,0,49,51.0,0.2,68.4,3,275,51.0,0.2,275.0
1416,2025-02-04,Starter,North America,Education,Partner,1,72,15,65.0952380952381,0,0,0,49,69.85714285714286,14.857142857142858,65.0952380952381,0,603,69.85714285714286,14.857142857142858,603.0
1417,2025-09-15,Enterprise,North America,Education,Paid Search,1,73,20,87.76923076923077,1,1,2026-05-21 00:00:00,399,74.92307692307692,19.153846153846153,87.76923076923077,1,380,74.92307692307692,19.153846153846153,248.0
1418,2025-09-15,Growth,Latin America,Retail,Organic,0,17,22,75.23076923076923,0,0,0,129,15.384615384615385,19.53846153846154,75.23076923076923,0,380,15.384615384615385,19.53846153846154,380.0
1419,2026-09-11,Growth,North America,Finance,Paid Search,1,76,41,70.0,0,0,0,129,68.0,53.0,70.0,0,19,68.0,53.0,19.0
1420,2025-07-18,Starter,Europe,Finance,Partner,1,50,36,84.46666666666667,1,1,2026-02-24 00:00:00,49,47.266666666666666,36.6,84.46666666666667,1,439,47.266666666666666,36.6,221.0
1421,2025-04-04,Growth,Asia Pacific,SaaS,Partner,0,65,24,53.0,0,0,0,129,65.73684210526316,23.42105263157895,53.0,0,544,65.73684210526316,23.42105263157895,544.0
1422,2026-02-27,Enterprise,Europe,SaaS,Outbound Sales,0,22,5,55.125,1,0,0,399,21.75,4.75,55.125,1,215,21.75,4.75,215.0
1423,2025-01-06,Starter,Latin America,Healthcare,Organic,0,62,25,54.68181818181818,0,0,0,49,62.13636363636363,24.40909090909091,54.68181818181818,0,632,62.13636363636363,24.40909090909091,632.0
1424,2025-01-31,Enterprise,Latin America,Healthcare,Organic,1,63,4,58.23809523809524,3,0,0,399,65.19047619047619,3.9047619047619047,58.23809523809524,3,607,65.19047619047619,3.9047619047619047,607.0
1425,2025-01-25,Enterprise,North America,Education,Paid Search,1,67,30,44.285714285714285,1,0,0,399,67.19047619047619,32.57142857142857,44.285714285714285,1,613,67.19047619047619,32.57142857142857,613.0
1426,2025-02-02,Growth,Europe,Retail,Referral,0,37,28,63.857142857142854,0,0,0,129,36.476190476190474,26.142857142857142,63.857142857142854,0,605,36.476190476190474,26.142857142857142,605.0
1427,2026-01-15,Growth,Asia Pacific,Education,Organic,1,61,33,11.333333333333334,1,0,0,129,60.44444444444444,35.888888888888886,11.333333333333334,1,258,60.44444444444444,35.888888888888886,258.0
1428,2025-02-05,Starter,Europe,Retail,Referral,1,19,2,48.285714285714285,2,0,0,49,19.095238095238095,1.2857142857142858,48.285714285714285,2,602,19.095238095238095,1.2857142857142858,602.0
1429,2025-11-15,Starter,North America,Healthcare,Partner,1,36,22,71.63636363636364,0,0,0,49,36.45454545454545,21.09090909090909,71.63636363636364,0,319,36.45454545454545,21.09090909090909,319.0
1430,2025-03-12,Growth,Latin America,Retail,Partner,1,40,32,91.36842105263158,1,0,0,129,38.78947368421053,34.526315789473685,91.36842105263158,1,567,38.78947368421053,34.526315789473685,567.0
1431,2026-05-22,Starter,North America,Healthcare,Paid Search,1,34,27,73.2,1,0,0,49,31.6,29.8,73.2,1,131,31.6,29.8,131.0
1432,2024-12-30,Enterprise,Asia Pacific,Manufacturing,Paid Search,1,59,23,61.5,0,0,0,399,55.54545454545455,24.272727272727273,61.5,0,639,55.54545454545455,24.272727272727273,639.0
1433,2026-06-22,Growth,North America,Healthcare,Organic,1,52,7,58.5,0,0,0,129,43.5,8.0,58.5,0,100,43.5,8.0,100.0
1434,2026-05-28,Starter,Latin America,SaaS,Referral,1,51,12,73.0,3,0,0,49,50.0,9.8,73.0,3,125,50.0,9.8,125.0
1435,2026-05-28,Growth,Europe,Healthcare,Organic,1,36,19,71.4,5,0,0,129,37.2,17.8,71.4,5,125,37.2,17.8,125.0
1436,2025-10-02,Starter,Latin America,Manufacturing,Outbound Sales,1,43,12,79.6923076923077,1,0,0,49,43.0,11.76923076923077,79.6923076923077,1,363,43.0,11.76923076923077,363.0
1437,2026-09-16,Growth,North America,Manufacturing,Referral,1,80,16,100.0,0,0,0,129,90.0,20.0,100.0,0,14,90.0,20.0,14.0
1438,2025-03-04,Starter,North America,Retail,Partner,1,58,11,75.65,0,0,0,49,55.7,11.4,75.65,0,575,55.7,11.4,575.0
1439,2025-12-24,Enterprise,Latin America,Manufacturing,Partner,1,39,27,59.0,0,0,0,399,41.4,25.1,59.0,0,280,41.4,25.1,280.0
1440,2025-10-27,Growth,Asia Pacific,Manufacturing,Organic,0,28,8,76.83333333333333,0,1,2026-06-30 00:00:00,129,26.666666666666668,7.083333333333333,76.83333333333333,0,338,26.666666666666668,7.083333333333333,246.0
1441,2024-12-21,Starter,Europe,Retail,Organic,1,40,15,43.31818181818182,5,0,0,49,37.86363636363637,14.727272727272727,43.31818181818182,5,648,37.86363636363637,14.727272727272727,648.0
1442,2025-08-20,Starter,Asia Pacific,Manufacturing,Organic,1,18,20,28.071428571428573,1,0,0,49,16.214285714285715,19.357142857142858,28.071428571428573,1,406,16.214285714285715,19.357142857142858,406.0
1443,2026-07-06,Growth,Asia Pacific,Finance,Organic,1,20,7,46.666666666666664,1,0,0,129,20.333333333333332,6.333333333333333,46.666666666666664,1,86,20.333333333333332,6.333333333333333,86.0
1444,2025-09-14,Starter,Asia Pacific,Manufacturing,Referral,1,52,27,90.92307692307692,1,0,0,49,46.53846153846154,25.0,90.92307692307692,1,381,46.53846153846154,25.0,381.0
1445,2025-10-25,Starter,Asia Pacific,Finance,Outbound Sales,0,39,21,55.833333333333336,0,0,0,49,37.083333333333336,19.75,55.833333333333336,0,340,37.083333333333336,19.75,340.0
1446,2025-02-13,Starter,Europe,Retail,Organic,1,33,20,64.6,3,0,0,49,31.6,19.05,64.6,3,594,31.6,19.05,594.0
1447,2026-06-13,Starter,Latin America,Education,Partner,1,44,27,73.25,0,0,0,49,41.0,22.75,73.25,0,109,41.0,22.75,109.0
1448,2026-04-02,Starter,Asia Pacific,Education,Referral,1,51,16,31.0,0,0,0,49,47.42857142857143,16.0,31.0,0,181,47.42857142857143,16.0,181.0
1449,2025-06-04,Starter,Asia Pacific,Retail,Organic,1,19,16,55.294117647058826,0,0,0,49,19.235294117647058,17.647058823529413,55.294117647058826,0,483,19.235294117647058,17.647058823529413,483.0
1450,2025-04-06,Enterprise,Latin America,Education,Outbound Sales,1,50,16,74.63157894736842,2,0,0,399,48.68421052631579,14.421052631578947,74.63157894736842,2,542,48.68421052631579,14.421052631578947,542.0
1451,2026-09-02,Enterprise,Europe,Education,Paid Search,1,20,16,75.0,1,0,0,399,14.0,18.0,75.0,1,28,14.0,18.0,28.0
1452,2026-03-07,Growth,Latin America,SaaS,Referral,1,29,10,46.714285714285715,0,0,0,129,28.0,10.0,46.714285714285715,0,207,28.0,10.0,207.0
1453,2025-06-16,Starter,Europe,SaaS,Partner,1,85,28,36.625,2,0,0,49,85.1875,29.9375,36.625,2,471,85.1875,29.9375,471.0
1454,2025-02-17,Starter,Asia Pacific,Finance,Paid Search,1,41,11,44.65,0,0,0,49,38.8,11.85,44.65,0,590,38.8,11.85,590.0
1455,2025-10-23,Enterprise,Europe,SaaS,Outbound Sales,1,40,19,76.25,1,0,0,399,40.833333333333336,19.5,76.25,1,342,40.833333333333336,19.5,342.0
1456,2026-05-22,Enterprise,North America,Healthcare,Outbound Sales,1,50,3,51.4,0,0,0,399,49.6,2.6,51.4,0,131,49.6,2.6,131.0
1457,2025-11-10,Starter,North America,Healthcare,Partner,1,59,15,53.18181818181818,0,0,0,49,65.54545454545455,13.909090909090908,53.18181818181818,0,324,65.54545454545455,13.909090909090908,324.0
1458,2025-02-24,Starter,North America,Retail,Referral,1,43,9,84.6,0,0,0,49,43.7,9.4,84.6,0,583,43.7,9.4,583.0
1459,2025-08-11,Starter,Europe,Retail,Outbound Sales,0,36,12,50.785714285714285,0,0,0,49,34.285714285714285,10.071428571428571,50.785714285714285,0,415,34.285714285714285,10.071428571428571,415.0
1460,2026-06-09,Starter,Latin America,Education,Outbound Sales,1,78,0,57.5,0,0,0,49,78.75,0.0,57.5,0,113,78.75,0.0,113.0
1461,2025-06-18,Growth,Asia Pacific,Retail,Partner,1,35,16,69.5625,3,0,0,129,35.4375,17.5,69.5625,3,469,35.4375,17.5,469.0
1462,2026-01-12,Starter,North America,Manufacturing,Partner,1,76,5,86.66666666666667,3,0,0,49,67.55555555555556,4.555555555555555,86.66666666666667,3,261,67.55555555555556,4.555555555555555,261.0
1463,2026-05-27,Growth,North America,Healthcare,Outbound Sales,1,42,5,11.4,0,1,2026-09-13 00:00:00,129,41.6,5.2,11.4,0,126,41.6,5.2,109.0
1464,2026-07-20,Starter,Europe,Education,Organic,1,53,33,49.333333333333336,0,0,0,49,52.0,32.0,49.333333333333336,0,72,52.0,32.0,72.0
1465,2026-09-21,Growth,Europe,Retail,Referral,1,42,26,58.0,0,0,0,129,30.0,35.0,58.0,0,9,30.0,35.0,9.0
1466,2026-08-19,Growth,Latin America,Finance,Paid Search,1,65,10,70.5,1,0,0,129,61.0,11.5,70.5,1,42,61.0,11.5,42.0
1467,2026-05-23,Starter,Latin America,Healthcare,Referral,1,75,21,68.8,1,0,0,49,79.8,21.0,68.8,1,130,79.8,21.0,130.0
1468,2024-11-25,Starter,North America,Healthcare,Paid Search,1,54,14,79.26086956521739,3,0,0,49,54.04347826086956,12.782608695652174,79.26086956521739,3,674,54.04347826086956,12.782608695652174,674.0
1469,2026-07-15,Enterprise,Asia Pacific,Finance,Referral,1,54,18,63.333333333333336,2,0,0,399,53.0,21.0,63.333333333333336,2,77,53.0,21.0,77.0
1470,2026-09-03,Starter,North America,Finance,Paid Search,1,41,12,67.0,6,0,0,49,41.0,16.0,67.0,6,27,41.0,16.0,27.0
1471,2025-07-30,Growth,Europe,Manufacturing,Referral,1,34,32,58.93333333333333,0,0,0,129,34.4,31.8,58.93333333333333,0,427,34.4,31.8,427.0
1472,2024-11-28,Growth,Europe,SaaS,Organic,0,21,15,19.130434782608695,0,0,0,129,21.08695652173913,15.304347826086957,19.130434782608695,0,671,21.08695652173913,15.304347826086957,671.0
1473,2025-05-02,Starter,Asia Pacific,Healthcare,Outbound Sales,1,2,0,59.666666666666664,2,0,0,49,1.7222222222222223,0.0,59.666666666666664,2,516,1.7222222222222223,0.0,516.0
1474,2025-08-05,Starter,Asia Pacific,Finance,Outbound Sales,1,44,32,60.266666666666666,0,0,0,49,42.666666666666664,32.46666666666667,60.266666666666666,0,421,42.666666666666664,32.46666666666667,421.0
1475,2025-09-11,Growth,North America,Education,Partner,1,51,12,69.92307692307692,0,0,0,129,49.61538461538461,11.615384615384615,69.92307692307692,0,384,49.61538461538461,11.615384615384615,384.0
1476,2025-10-12,Starter,Asia Pacific,Retail,Paid Search,0,43,9,84.0,3,0,0,49,46.0,7.25,84.0,3,353,46.0,7.25,353.0
1477,2025-10-24,Growth,Asia Pacific,Healthcare,Referral,1,74,15,74.33333333333333,1,0,0,129,70.33333333333333,14.833333333333334,74.33333333333333,1,341,70.33333333333333,14.833333333333334,341.0
1478,2024-11-05,Starter,Europe,Education,Partner,1,67,6,90.29166666666667,0,0,0,49,63.875,5.833333333333333,90.29166666666667,0,694,63.875,5.833333333333333,694.0
1479,2025-05-03,Enterprise,Latin America,Manufacturing,Outbound Sales,1,22,26,89.88888888888889,7,0,0,399,21.166666666666668,24.72222222222222,89.88888888888889,7,515,21.166666666666668,24.72222222222222,515.0
1480,2025-03-25,Growth,Asia Pacific,Healthcare,Partner,0,51,13,52.31578947368421,1,0,0,129,53.73684210526316,12.0,52.31578947368421,1,554,53.73684210526316,12.0,554.0
1481,2026-06-01,Starter,Asia Pacific,Finance,Organic,1,13,20,59.6,0,0,0,49,13.6,21.8,59.6,0,121,13.6,21.8,121.0
1482,2026-09-03,Growth,North America,Education,Partner,1,35,7,77.0,0,0,0,129,26.0,5.0,77.0,0,27,26.0,5.0,27.0
1483,2025-12-14,Starter,Europe,Finance,Referral,0,25,25,62.4,3,0,0,49,24.1,22.5,62.4,3,290,24.1,22.5,290.0
1484,2025-01-09,Growth,Asia Pacific,SaaS,Partner,1,59,9,51.80952380952381,0,0,0,129,58.142857142857146,7.714285714285714,51.80952380952381,0,629,58.142857142857146,7.714285714285714,629.0
1485,2025-03-24,Starter,North America,Retail,Organic,1,37,19,51.21052631578947,0,0,0,49,37.05263157894737,16.526315789473685,51.21052631578947,0,555,37.05263157894737,16.526315789473685,555.0
1486,2026-08-09,Enterprise,North America,Retail,Referral,0,79,32,65.0,0,0,0,399,61.5,37.5,65.0,0,52,61.5,37.5,52.0
1487,2024-11-30,Enterprise,North America,Manufacturing,Paid Search,1,65,18,77.6086956521739,1,0,0,399,63.391304347826086,17.391304347826086,77.6086956521739,1,669,63.391304347826086,17.391304347826086,669.0
1488,2025-01-31,Growth,Europe,Retail,Referral,1,78,22,47.095238095238095,4,0,0,129,76.42857142857143,18.571428571428573,47.095238095238095,4,607,76.42857142857143,18.571428571428573,607.0
1489,2026-04-26,Starter,Asia Pacific,Healthcare,Organic,1,81,8,89.0,2,0,0,49,82.5,7.0,89.0,2,157,82.5,7.0,157.0
1490,2025-06-07,Starter,Asia Pacific,Retail,Partner,0,80,18,16.88235294117647,2,1,2026-01-15 00:00:00,49,76.29411764705883,16.823529411764707,16.88235294117647,2,480,76.29411764705883,16.823529411764707,222.0
1491,2026-01-02,Starter,Asia Pacific,Healthcare,Outbound Sales,0,49,19,65.4,0,0,0,49,47.5,18.4,65.4,0,271,47.5,18.4,271.0
1492,2026-02-06,Growth,North America,Finance,Outbound Sales,1,48,5,76.625,1,0,0,129,46.0,4.0,76.625,1,236,46.0,4.0,236.0
1493,2025-10-14,Starter,Asia Pacific,Finance,Paid Search,1,24,19,57.5,0,0,0,49,23.916666666666668,19.0,57.5,0,351,23.916666666666668,19.0,351.0
1494,2025-04-09,Starter,Asia Pacific,Retail,Paid Search,1,56,22,69.44444444444444,0,0,0,49,52.833333333333336,21.11111111111111,69.44444444444444,0,539,52.833333333333336,21.11111111111111,539.0
1495,2025-11-12,Growth,Asia Pacific,Retail,Partner,1,36,5,88.36363636363636,0,0,0,129,36.45454545454545,4.181818181818182,88.36363636363636,0,322,36.45454545454545,4.181818181818182,322.0
1496,2025-09-14,Starter,Europe,Education,Organic,0,55,16,64.0,0,0,0,49,54.76923076923077,15.23076923076923,64.0,0,381,54.76923076923077,15.23076923076923,381.0
1497,2025-09-27,Starter,Latin America,Retail,Outbound Sales,1,46,15,45.46153846153846,1,0,0,49,48.0,13.384615384615385,45.46153846153846,1,368,48.0,13.384615384615385,368.0
1498,2026-06-03,Starter,North America,Finance,Outbound Sales,1,23,16,72.0,1,1,2026-09-17 00:00:00,49,24.0,14.75,72.0,1,119,24.0,14.75,106.0
1499,2025-01-24,Starter,Latin America,Healthcare,Referral,1,44,6,84.23809523809524,2,0,0,49,44.42857142857143,5.428571428571429,84.23809523809524,2,614,44.42857142857143,5.428571428571429,614.0
1500,2024-12-22,Growth,North America,Manufacturing,Organic,0,64,13,77.81818181818181,3,0,0,129,64.31818181818181,12.5,77.81818181818181,3,647,64.31818181818181,12.5,647.0
1501,2025-04-07,Enterprise,Europe,Healthcare,Organic,1,87,8,74.26315789473684,0,0,0,399,85.05263157894737,7.052631578947368,74.26315789473684,0,541,85.05263157894737,7.052631578947368,541.0
1502,2025-04-09,Starter,Asia Pacific,Retail,Paid Search,1,57,14,50.833333333333336,0,0,0,49,58.833333333333336,14.944444444444445,50.833333333333336,0,539,58.833333333333336,14.944444444444445,539.0
1503,2026-07-24,Starter,Latin America,Manufacturing,Outbound Sales,0,67,15,67.0,0,0,0,49,63.333333333333336,13.666666666666666,67.0,0,68,63.333333333333336,13.666666666666666,68.0
1504,2024-12-19,Growth,Latin America,Education,Referral,1,60,5,38.0,3,0,0,129,57.63636363636363,4.409090909090909,38.0,3,650,57.63636363636363,4.409090909090909,650.0
1505,2026-09-20,Growth,Asia Pacific,Manufacturing,Paid Search,1,35,21,28.0,0,0,0,129,24.0,24.0,28.0,0,10,24.0,24.0,10.0
1506,2025-01-21,Starter,Asia Pacific,Manufacturing,Referral,1,8,12,67.52380952380952,0,0,0,49,7.476190476190476,11.666666666666666,67.52380952380952,0,617,7.476190476190476,11.666666666666666,617.0
1507,2025-08-04,Growth,Europe,SaaS,Organic,1,7,11,79.86666666666666,0,0,0,129,6.466666666666667,9.933333333333334,79.86666666666666,0,422,6.466666666666667,9.933333333333334,422.0
1508,2026-01-26,Growth,Latin America,Education,Partner,1,38,27,22.333333333333332,2,0,0,129,38.333333333333336,28.77777777777778,22.333333333333332,2,247,38.333333333333336,28.77777777777778,247.0
1509,2026-09-07,Enterprise,Latin America,Finance,Paid Search,1,89,12,21.0,0,0,0,399,112.0,15.0,21.0,0,23,112.0,15.0,23.0
1510,2026-01-07,Starter,Latin America,Education,Partner,0,54,35,93.77777777777777,0,0,0,49,53.888888888888886,34.77777777777778,93.77777777777777,0,266,53.888888888888886,34.77777777777778,266.0
1511,2026-03-11,Starter,Asia Pacific,Retail,Outbound Sales,1,27,14,36.714285714285715,0,0,0,49,28.285714285714285,14.857142857142858,36.714285714285715,0,203,28.285714285714285,14.857142857142858,203.0
1512,2026-07-13,Growth,Europe,Education,Paid Search,0,75,34,80.66666666666667,1,0,0,129,78.0,34.0,80.66666666666667,1,79,78.0,34.0,79.0
1513,2026-01-25,Starter,Latin America,SaaS,Referral,1,68,6,56.333333333333336,1,0,0,49,62.22222222222222,5.444444444444445,56.333333333333336,1,248,62.22222222222222,5.444444444444445,248.0
1514,2025-12-28,Enterprise,Latin America,Healthcare,Referral,1,78,13,52.7,1,0,0,399,77.5,10.8,52.7,1,276,77.5,10.8,276.0
1515,2025-08-05,Growth,Latin America,Manufacturing,Paid Search,1,28,19,73.26666666666667,1,0,0,129,28.2,17.8,73.26666666666667,1,421,28.2,17.8,421.0
1516,2025-06-07,Enterprise,Latin America,Education,Referral,1,65,14,61.411764705882355,0,0,0,399,65.3529411764706,13.529411764705882,61.411764705882355,0,480,65.3529411764706,13.529411764705882,480.0
1517,2026-04-07,Growth,Europe,SaaS,Referral,1,56,8,57.5,0,0,0,129,53.5,8.166666666666666,57.5,0,176,53.5,8.166666666666666,176.0
1518,2025-02-23,Starter,North America,SaaS,Outbound Sales,1,17,3,72.85,0,0,0,49,16.85,2.95,72.85,0,584,16.85,2.95,584.0
1519,2025-10-18,Starter,Latin America,SaaS,Partner,0,62,16,87.83333333333333,2,0,0,49,62.333333333333336,13.583333333333334,87.83333333333333,2,347,62.333333333333336,13.583333333333334,347.0
1520,2026-01-13,Starter,North America,Retail,Organic,1,43,28,49.77777777777778,0,0,0,49,44.0,28.666666666666668,49.77777777777778,0,260,44.0,28.666666666666668,260.0
1521,2025-02-20,Enterprise,Asia Pacific,SaaS,Outbound Sales,0,25,0,59.0,2,0,0,399,25.15,0.0,59.0,2,587,25.15,0.0,587.0
1522,2025-08-16,Enterprise,Europe,Retail,Organic,1,39,13,74.21428571428571,1,0,0,399,39.785714285714285,12.857142857142858,74.21428571428571,1,410,39.785714285714285,12.857142857142858,410.0
1523,2026-09-24,Growth,Europe,Retail,Outbound Sales,1,57,29,71.0,0,0,0,129,45.0,29.0,71.0,0,6,45.0,29.0,6.0
1524,2026-09-24,Enterprise,Asia Pacific,Finance,Paid Search,1,44,21,10.0,2,0,0,399,51.0,22.0,10.0,2,6,51.0,22.0,6.0
1525,2026-06-29,Growth,Latin America,Retail,Outbound Sales,1,58,27,91.5,3,0,0,129,60.0,20.75,91.5,3,93,60.0,20.75,93.0
1526,2026-03-12,Enterprise,Latin America,Retail,Paid Search,1,55,23,47.285714285714285,4,0,0,399,52.285714285714285,24.285714285714285,47.285714285714285,4,202,52.285714285714285,24.285714285714285,202.0
1527,2026-04-22,Starter,Latin America,Manufacturing,Referral,1,7,13,66.0,1,0,0,49,6.5,12.333333333333334,66.0,1,161,6.5,12.333333333333334,161.0
1528,2026-09-13,Starter,North America,Finance,Paid Search,1,62,29,31.0,2,0,0,49,69.0,39.0,31.0,2,17,69.0,39.0,17.0
1529,2025-09-10,Starter,Latin America,Education,Partner,1,47,28,82.53846153846153,5,0,0,49,47.46153846153846,26.153846153846153,82.53846153846153,5,385,47.46153846153846,26.153846153846153,385.0
1530,2024-12-15,Growth,North America,Education,Referral,1,46,17,89.63636363636364,0,0,0,129,42.27272727272727,16.5,89.63636363636364,0,654,42.27272727272727,16.5,654.0
1531,2025-06-12,Enterprise,Asia Pacific,Education,Referral,1,47,7,24.3125,0,0,0,399,44.375,6.6875,24.3125,0,475,44.375,6.6875,475.0
1532,2025-12-08,Growth,Europe,Healthcare,Outbound Sales,1,48,16,42.2,2,0,0,129,45.6,15.4,42.2,2,296,45.6,15.4,296.0
1533,2026-07-05,Starter,Europe,Finance,Partner,1,34,18,62.0,2,0,0,49,32.666666666666664,21.666666666666668,62.0,2,87,32.666666666666664,21.666666666666668,87.0
1534,2024-12-25,Growth,Latin America,Manufacturing,Outbound Sales,1,63,14,81.81818181818181,0,0,0,129,61.18181818181818,13.772727272727273,81.81818181818181,0,644,61.18181818181818,13.772727272727273,644.0
1535,2024-11-06,Enterprise,Latin America,Education,Paid Search,0,69,3,50.458333333333336,0,0,0,399,66.41666666666667,2.5,50.458333333333336,0,693,66.41666666666667,2.5,693.0
1536,2025-05-27,Growth,Europe,Education,Outbound Sales,1,41,18,36.529411764705884,0,0,0,129,41.411764705882355,18.529411764705884,36.529411764705884,0,491,41.411764705882355,18.529411764705884,491.0
1537,2025-09-03,Starter,Latin America,Finance,Paid Search,1,46,14,87.35714285714286,4,1,2026-01-19 00:00:00,49,43.357142857142854,12.642857142857142,87.35714285714286,4,392,43.357142857142854,12.642857142857142,138.0
1538,2025-03-19,Enterprise,Europe,Education,Outbound Sales,0,63,16,46.578947368421055,0,0,0,399,61.68421052631579,16.210526315789473,46.578947368421055,0,560,61.68421052631579,16.210526315789473,560.0
1539,2025-07-18,Starter,Latin America,Manufacturing,Organic,1,48,18,52.2,2,0,0,49,48.266666666666666,17.333333333333332,52.2,2,439,48.266666666666666,17.333333333333332,439.0
1540,2025-08-22,Starter,Latin America,Manufacturing,Paid Search,1,61,18,68.28571428571429,0,0,0,49,56.0,17.857142857142858,68.28571428571429,0,404,56.0,17.857142857142858,404.0
1541,2025-09-30,Starter,Asia Pacific,Finance,Referral,1,37,9,41.38461538461539,3,0,0,49,33.69230769230769,7.923076923076923,41.38461538461539,3,365,33.69230769230769,7.923076923076923,365.0
1542,2025-03-01,Growth,Europe,Retail,Outbound Sales,1,63,21,65.95,1,0,0,129,66.95,18.5,65.95,1,578,66.95,18.5,578.0
1543,2024-11-06,Growth,Europe,SaaS,Partner,0,29,14,44.416666666666664,0,0,0,129,28.916666666666668,14.333333333333334,44.416666666666664,0,693,28.916666666666668,14.333333333333334,693.0
1544,2026-03-23,Starter,Latin America,Finance,Referral,1,41,12,55.0,0,0,0,49,39.57142857142857,13.285714285714286,55.0,0,191,39.57142857142857,13.285714285714286,191.0
1545,2026-01-13,Growth,Asia Pacific,Manufacturing,Referral,1,55,12,50.333333333333336,1,0,0,129,56.77777777777778,10.88888888888889,50.333333333333336,1,260,56.77777777777778,10.88888888888889,260.0
1546,2025-04-27,Growth,Europe,Healthcare,Organic,1,30,16,88.55555555555556,1,0,0,129,32.111111111111114,16.22222222222222,88.55555555555556,1,521,32.111111111111114,16.22222222222222,521.0
1547,2025-03-11,Starter,Europe,Healthcare,Partner,1,42,15,64.89473684210526,0,0,0,49,40.26315789473684,14.578947368421053,64.89473684210526,0,568,40.26315789473684,14.578947368421053,568.0
1548,2025-11-23,Growth,Latin America,Finance,Organic,0,42,36,54.72727272727273,0,0,0,129,41.63636363636363,29.818181818181817,54.72727272727273,0,311,41.63636363636363,29.818181818181817,311.0
1549,2026-04-28,Growth,Asia Pacific,Healthcare,Partner,1,67,9,80.83333333333333,0,0,0,129,62.166666666666664,9.0,80.83333333333333,0,155,62.166666666666664,9.0,155.0
1550,2025-06-22,Starter,Europe,Retail,Partner,1,80,7,76.625,2,0,0,49,78.25,7.375,76.625,2,465,78.25,7.375,465.0
1551,2026-03-26,Growth,Latin America,Finance,Paid Search,1,68,21,67.42857142857143,1,0,0,129,61.285714285714285,20.571428571428573,67.42857142857143,1,188,61.285714285714285,20.571428571428573,188.0
1552,2026-05-25,Enterprise,Latin America,Retail,Partner,1,19,21,72.4,3,0,0,399,17.8,21.2,72.4,3,128,17.8,21.2,128.0
1553,2026-09-14,Growth,Europe,SaaS,Outbound Sales,0,4,9,42.0,3,0,0,129,5.0,12.0,42.0,3,16,5.0,12.0,16.0
1554,2025-10-27,Starter,Latin America,Finance,Outbound Sales,1,32,27,74.33333333333333,0,0,0,49,32.833333333333336,29.0,74.33333333333333,0,338,32.833333333333336,29.0,338.0
1555,2025-01-11,Starter,Europe,Education,Partner,0,19,27,80.66666666666667,1,0,0,49,17.333333333333332,25.285714285714285,80.66666666666667,1,627,17.333333333333332,25.285714285714285,627.0
1556,2025-12-10,Growth,Europe,Healthcare,Referral,0,36,7,79.0,0,0,0,129,29.5,6.5,79.0,0,294,29.5,6.5,294.0
1557,2024-12-12,Starter,Latin America,Healthcare,Partner,1,46,24,35.72727272727273,0,0,0,49,43.22727272727273,26.045454545454547,35.72727272727273,0,657,43.22727272727273,26.045454545454547,657.0
1558,2026-01-19,Starter,Latin America,SaaS,Paid Search,1,48,13,63.44444444444444,0,1,2026-02-22 00:00:00,49,45.44444444444444,11.0,63.44444444444444,0,254,45.44444444444444,11.0,34.0
1559,2026-02-12,Enterprise,North America,Finance,Referral,0,29,11,68.0,0,0,0,399,29.75,10.625,68.0,0,230,29.75,10.625,230.0
1560,2025-01-17,Starter,Latin America,Education,Referral,1,52,17,77.52380952380952,0,0,0,49,55.04761904761905,15.142857142857142,77.52380952380952,0,621,55.04761904761905,15.142857142857142,621.0
1561,2025-09-15,Growth,North America,SaaS,Outbound Sales,1,56,18,59.07692307692308,0,0,0,129,58.07692307692308,18.153846153846153,59.07692307692308,0,380,58.07692307692308,18.153846153846153,380.0
1562,2026-06-11,Enterprise,Asia Pacific,Retail,Organic,1,46,16,57.5,1,0,0,399,45.5,15.75,57.5,1,111,45.5,15.75,111.0
1563,2026-01-12,Growth,Asia Pacific,Healthcare,Outbound Sales,1,55,23,62.77777777777778,0,0,0,129,54.55555555555556,18.88888888888889,62.77777777777778,0,261,54.55555555555556,18.88888888888889,261.0
1564,2026-06-09,Starter,Asia Pacific,Retail,Referral,1,59,11,67.25,1,0,0,49,62.25,10.75,67.25,1,113,62.25,10.75,113.0
1565,2025-12-18,Growth,Asia Pacific,Healthcare,Referral,1,56,23,29.7,0,0,0,129,55.2,23.4,29.7,0,286,55.2,23.4,286.0
1566,2026-08-16,Enterprise,Europe,Manufacturing,Organic,1,57,23,51.5,0,0,0,399,50.5,17.5,51.5,0,45,50.5,17.5,45.0
1567,2025-12-31,Starter,North America,Manufacturing,Referral,1,32,26,86.3,1,0,0,49,31.0,23.5,86.3,1,273,31.0,23.5,273.0
1568,2025-08-22,Enterprise,North America,Retail,Paid Search,1,60,27,44.642857142857146,2,0,0,399,56.857142857142854,25.071428571428573,44.642857142857146,2,404,56.857142857142854,25.071428571428573,404.0
1569,2025-02-24,Starter,Europe,Education,Partner,0,74,25,72.15,1,0,0,49,77.0,23.95,72.15,1,583,77.0,23.95,583.0
1570,2025-12-18,Starter,Latin America,Healthcare,Referral,1,24,13,44.9,1,0,0,49,22.8,13.0,44.9,1,286,22.8,13.0,286.0
1571,2024-11-20,Starter,North America,Manufacturing,Paid Search,1,34,14,84.34782608695652,5,0,0,49,33.43478260869565,15.304347826086957,84.34782608695652,5,679,33.43478260869565,15.304347826086957,679.0
1572,2025-09-27,Starter,Europe,SaaS,Outbound Sales,1,50,11,71.84615384615384,0,0,0,49,51.38461538461539,10.461538461538462,71.84615384615384,0,368,51.38461538461539,10.461538461538462,368.0
1573,2025-04-23,Starter,Asia Pacific,Finance,Outbound Sales,1,53,14,39.888888888888886,0,0,0,49,52.5,13.777777777777779,39.888888888888886,0,525,52.5,13.777777777777779,525.0
1574,2026-07-24,Growth,Europe,Education,Referral,1,47,29,79.33333333333333,1,0,0,129,41.666666666666664,27.333333333333332,79.33333333333333,1,68,41.666666666666664,27.333333333333332,68.0
1575,2026-02-13,Growth,Europe,Retail,Organic,1,36,14,78.125,2,0,0,129,31.5,12.875,78.125,2,229,31.5,12.875,229.0
1576,2025-11-04,Enterprise,Asia Pacific,Retail,Paid Search,1,23,13,48.333333333333336,0,0,0,399,21.166666666666668,11.583333333333334,48.333333333333336,0,330,21.166666666666668,11.583333333333334,330.0
1577,2025-01-28,Growth,Latin America,Finance,Paid Search,1,53,3,81.95238095238095,1,0,0,129,54.38095238095238,2.4285714285714284,81.95238095238095,1,610,54.38095238095238,2.4285714285714284,610.0
1578,2026-01-20,Starter,Asia Pacific,Manufacturing,Referral,1,44,14,82.11111111111111,0,0,0,49,46.22222222222222,12.555555555555555,82.11111111111111,0,253,46.22222222222222,12.555555555555555,253.0
1579,2025-02-15,Starter,Latin America,Manufacturing,Referral,1,51,17,31.35,0,0,0,49,49.35,15.9,31.35,0,592,49.35,15.9,592.0
1580,2025-07-06,Starter,Latin America,Education,Outbound Sales,1,57,16,62.125,1,0,0,49,55.3125,17.0625,62.125,1,451,55.3125,17.0625,451.0
1581,2026-01-19,Growth,Latin America,Retail,Partner,1,54,13,70.77777777777777,0,0,0,129,58.111111111111114,13.0,70.77777777777777,0,254,58.111111111111114,13.0,254.0
1582,2026-06-25,Growth,Asia Pacific,Retail,Outbound Sales,1,12,36,93.25,0,0,0,129,11.75,35.25,93.25,0,97,11.75,35.25,97.0
1583,2025-12-14,Starter,North America,Healthcare,Referral,1,45,14,43.9,2,0,0,49,44.2,16.0,43.9,2,290,44.2,16.0,290.0
1584,2026-04-19,Growth,Latin America,Education,Outbound Sales,1,62,12,74.66666666666667,0,1,2026-06-08 00:00:00,129,65.0,11.333333333333334,74.66666666666667,0,164,65.0,11.333333333333334,50.0
1585,2025-12-09,Growth,North America,Healthcare,Partner,1,62,31,49.1,1,0,0,129,60.9,31.1,49.1,1,295,60.9,31.1,295.0
1586,2025-09-12,Starter,Europe,Education,Outbound Sales,1,101,12,29.846153846153847,0,0,0,49,91.15384615384616,11.076923076923077,29.846153846153847,0,383,91.15384615384616,11.076923076923077,383.0
1587,2025-10-12,Growth,North America,Education,Paid Search,1,21,23,39.5,0,0,0,129,20.0,22.25,39.5,0,353,20.0,22.25,353.0
1588,2025-06-13,Starter,Latin America,Education,Paid Search,1,62,25,82.6875,0,0,0,49,60.25,26.375,82.6875,0,474,60.25,26.375,474.0
1589,2025-10-06,Starter,North America,Healthcare,Outbound Sales,0,57,11,57.333333333333336,4,0,0,49,57.666666666666664,10.0,57.333333333333336,4,359,57.666666666666664,10.0,359.0
1590,2025-04-20,Starter,North America,Retail,Organic,1,33,26,78.72222222222223,0,0,0,49,33.111111111111114,27.61111111111111,78.72222222222223,0,528,33.111111111111114,27.61111111111111,528.0
1591,2025-01-16,Growth,Asia Pacific,SaaS,Partner,1,40,25,73.04761904761905,3,0,0,129,39.333333333333336,23.61904761904762,73.04761904761905,3,622,39.333333333333336,23.61904761904762,622.0
1592,2026-04-05,Starter,North America,Education,Outbound Sales,0,2,13,38.5,1,0,0,49,1.5,12.833333333333334,38.5,1,178,1.5,12.833333333333334,178.0
1593,2026-08-09,Starter,Latin America,Education,Paid Search,0,10,20,74.5,3,0,0,49,11.5,20.5,74.5,3,52,11.5,20.5,52.0
1594,2025-02-23,Enterprise,Latin America,SaaS,Paid Search,1,60,2,50.85,2,0,0,399,55.95,1.7,50.85,2,584,55.95,1.7,584.0
1595,2026-04-26,Starter,Asia Pacific,Education,Outbound Sales,1,39,12,54.333333333333336,2,0,0,49,39.666666666666664,11.666666666666666,54.333333333333336,2,157,39.666666666666664,11.666666666666666,157.0
1596,2026-04-05,Starter,Latin America,SaaS,Outbound Sales,1,32,11,90.0,2,0,0,49,35.0,10.833333333333334,90.0,2,178,35.0,10.833333333333334,178.0
1597,2025-05-16,Starter,Latin America,Education,Referral,1,44,17,78.29411764705883,3,0,0,49,41.23529411764706,17.058823529411764,78.29411764705883,3,502,41.23529411764706,17.058823529411764,502.0
1598,2025-10-22,Starter,North America,SaaS,Referral,1,49,28,54.0,0,0,0,49,48.583333333333336,26.5,54.0,0,343,48.583333333333336,26.5,343.0
1599,2025-10-24,Starter,Latin America,Finance,Outbound Sales,1,0,34,64.33333333333333,2,0,0,49,0.0,30.416666666666668,64.33333333333333,2,341,0.0,30.416666666666668,341.0
1600,2026-08-21,Growth,Europe,Retail,Outbound Sales,1,40,20,76.0,0,0,0,129,34.0,18.0,76.0,0,40,34.0,18.0,40.0
1601,2025-03-30,Growth,Europe,Education,Referral,1,44,24,54.89473684210526,3,0,0,129,41.78947368421053,23.68421052631579,54.89473684210526,3,549,41.78947368421053,23.68421052631579,549.0
1602,2025-06-28,Growth,Europe,Healthcare,Partner,0,53,23,88.6875,0,0,0,129,54.0625,20.875,88.6875,0,459,54.0625,20.875,459.0
1603,2025-02-12,Growth,Latin America,SaaS,Organic,0,24,11,41.55,2,0,0,129,22.6,9.35,41.55,2,595,22.6,9.35,595.0
1604,2025-03-28,Growth,North America,Education,Organic,0,48,0,77.89473684210526,0,0,0,129,46.05263157894737,0.0,77.89473684210526,0,551,46.05263157894737,0.0,551.0
1605,2025-07-19,Growth,Europe,Education,Outbound Sales,0,79,38,65.66666666666667,0,0,0,129,73.53333333333333,39.06666666666667,65.66666666666667,0,438,73.53333333333333,39.06666666666667,438.0
1606,2025-05-20,Enterprise,North America,SaaS,Organic,1,65,29,52.94117647058823,0,0,0,399,63.11764705882353,26.941176470588236,52.94117647058823,0,498,63.11764705882353,26.941176470588236,498.0
1607,2025-04-25,Starter,Europe,Retail,Referral,0,54,23,52.166666666666664,4,0,0,49,49.666666666666664,21.166666666666668,52.166666666666664,4,523,49.666666666666664,21.166666666666668,523.0
1608,2026-07-08,Starter,North America,SaaS,Outbound Sales,1,56,26,57.0,4,0,0,49,57.333333333333336,28.0,57.0,4,84,57.333333333333336,28.0,84.0
1609,2025-04-04,Starter,Europe,Retail,Organic,1,44,11,57.68421052631579,1,0,0,49,44.421052631578945,10.789473684210526,57.68421052631579,1,544,44.421052631578945,10.789473684210526,544.0
1610,2026-09-01,Starter,North America,Healthcare,Partner,1,36,22,36.0,0,1,2026-09-30 00:00:00,49,29.0,18.0,36.0,0,29,29.0,18.0,29.0
1611,2025-01-15,Growth,Europe,Education,Partner,1,62,9,58.38095238095238,3,0,0,129,62.142857142857146,8.666666666666666,58.38095238095238,3,623,62.142857142857146,8.666666666666666,623.0
1612,2025-04-29,Starter,North America,Retail,Referral,1,19,17,33.333333333333336,0,0,0,49,18.444444444444443,17.055555555555557,33.333333333333336,0,519,18.444444444444443,17.055555555555557,519.0
1613,2026-08-04,Starter,North America,Education,Paid Search,1,32,24,53.5,1,0,0,49,28.0,26.0,53.5,1,57,28.0,26.0,57.0
1614,2026-03-19,Starter,Latin America,Finance,Paid Search,1,14,15,62.57142857142857,1,0,0,49,13.428571428571429,14.857142857142858,62.57142857142857,1,195,13.428571428571429,14.857142857142858,195.0
1615,2026-02-17,Growth,Europe,Education,Organic,1,48,10,36.0,2,0,0,129,50.875,10.0,36.0,2,225,50.875,10.0,225.0
1616,2026-05-30,Growth,North America,Retail,Paid Search,0,61,18,74.8,0,0,0,129,63.6,17.6,74.8,0,123,63.6,17.6,123.0
1617,2026-06-15,Starter,Europe,Education,Outbound Sales,1,35,34,34.25,0,0,0,49,32.25,35.75,34.25,0,107,32.25,35.75,107.0
1618,2026-02-01,Enterprise,Asia Pacific,Healthcare,Partner,0,46,23,63.111111111111114,1,0,0,399,43.44444444444444,24.666666666666668,63.111111111111114,1,241,43.44444444444444,24.666666666666668,241.0
1619,2026-09-27,Starter,North America,Healthcare,Paid Search,1,51,14,57.0,0,0,0,49,54.0,18.0,57.0,0,3,54.0,18.0,3.0
1620,2026-05-31,Growth,Asia Pacific,Education,Outbound Sales,1,2,8,75.2,1,0,0,129,1.2,8.4,75.2,1,122,1.2,8.4,122.0
1621,2026-08-19,Starter,Latin America,Finance,Outbound Sales,1,36,25,51.5,0,0,0,49,36.0,21.0,51.5,0,42,36.0,21.0,42.0
1622,2026-08-11,Starter,North America,Manufacturing,Partner,1,26,23,90.0,0,0,0,49,25.0,28.0,90.0,0,50,25.0,28.0,50.0
1623,2026-07-31,Growth,North America,Healthcare,Outbound Sales,0,73,20,55.0,2,0,0,129,68.66666666666667,18.666666666666668,55.0,2,61,68.66666666666667,18.666666666666668,61.0
1624,2025-09-25,Starter,Europe,Finance,Partner,1,51,13,72.76923076923077,4,0,0,49,51.53846153846154,13.23076923076923,72.76923076923077,4,370,51.53846153846154,13.23076923076923,370.0
1625,2026-08-03,Growth,North America,Retail,Referral,1,29,10,32.0,0,0,0,129,28.5,10.0,32.0,0,58,28.5,10.0,58.0
1626,2025-09-18,Enterprise,Asia Pacific,Manufacturing,Partner,0,58,16,57.0,0,0,0,399,57.69230769230769,15.692307692307692,57.0,0,377,57.69230769230769,15.692307692307692,377.0
1627,2025-04-02,Enterprise,Asia Pacific,Retail,Referral,0,27,12,38.89473684210526,0,0,0,399,26.736842105263158,12.052631578947368,38.89473684210526,0,546,26.736842105263158,12.052631578947368,546.0
1628,2026-01-23,Enterprise,Latin America,SaaS,Partner,1,64,34,40.55555555555556,4,0,0,399,67.11111111111111,33.55555555555556,40.55555555555556,4,250,67.11111111111111,33.55555555555556,250.0
1629,2025-01-07,Growth,Latin America,Retail,Referral,0,42,21,48.0,2,0,0,129,41.36363636363637,19.136363636363637,48.0,2,631,41.36363636363637,19.136363636363637,631.0
1630,2026-02-22,Starter,Latin America,SaaS,Organic,0,44,23,67.625,0,0,0,49,43.0,20.125,67.625,0,220,43.0,20.125,220.0
1631,2026-01-25,Starter,North America,Healthcare,Outbound Sales,1,63,20,80.88888888888889,1,0,0,49,68.22222222222223,21.555555555555557,80.88888888888889,1,248,68.22222222222223,21.555555555555557,248.0
1632,2026-08-07,Starter,Latin America,Manufacturing,Organic,1,42,23,64.0,0,0,0,49,49.0,27.0,64.0,0,54,49.0,27.0,54.0
1633,2025-09-05,Starter,Asia Pacific,Healthcare,Outbound Sales,0,82,26,46.285714285714285,0,0,0,49,86.21428571428571,24.142857142857142,46.285714285714285,0,390,86.21428571428571,24.142857142857142,390.0
1634,2025-08-07,Starter,Asia Pacific,Healthcare,Paid Search,1,0,23,76.5,2,0,0,49,0.0,21.357142857142858,76.5,2,419,0.0,21.357142857142858,419.0
1635,2026-06-27,Starter,Latin America,Finance,Referral,0,31,27,46.5,2,0,0,49,27.0,31.75,46.5,2,95,27.0,31.75,95.0
1636,2024-12-26,Growth,Europe,Healthcare,Outbound Sales,1,51,24,57.77272727272727,2,0,0,129,50.54545454545455,24.363636363636363,57.77272727272727,2,643,50.54545454545455,24.363636363636363,643.0
1637,2025-10-25,Starter,North America,Manufacturing,Partner,1,33,8,57.833333333333336,0,0,0,49,31.666666666666668,6.833333333333333,57.833333333333336,0,340,31.666666666666668,6.833333333333333,340.0
1638,2026-04-02,Starter,Asia Pacific,SaaS,Paid Search,1,58,26,50.57142857142857,6,0,0,49,59.142857142857146,26.428571428571427,50.57142857142857,6,181,59.142857142857146,26.428571428571427,181.0
1639,2025-01-13,Growth,North America,SaaS,Outbound Sales,0,51,24,22.095238095238095,1,0,0,129,51.333333333333336,25.238095238095237,22.095238095238095,1,625,51.333333333333336,25.238095238095237,625.0
1640,2025-09-12,Starter,North America,Education,Referral,1,71,18,73.15384615384616,7,0,0,49,70.38461538461539,17.46153846153846,73.15384615384616,7,383,70.38461538461539,17.46153846153846,383.0
1641,2026-02-14,Enterprise,North America,Retail,Referral,0,5,10,33.5,2,1,2026-07-09 00:00:00,399,4.5,10.0,33.5,2,228,4.5,10.0,145.0
1642,2024-12-07,Growth,Europe,SaaS,Referral,1,40,19,28.565217391304348,0,0,0,129,41.91304347826087,18.391304347826086,28.565217391304348,0,662,41.91304347826087,18.391304347826086,662.0
1643,2024-12-27,Growth,Latin America,Retail,Referral,1,56,11,72.13636363636364,3,1,2025-08-02 00:00:00,129,54.22727272727273,10.136363636363637,72.13636363636364,3,642,54.22727272727273,10.136363636363637,218.0
1644,2025-08-19,Starter,Latin America,Healthcare,Referral,1,60,24,80.5,1,0,0,49,64.92857142857143,23.928571428571427,80.5,1,407,64.92857142857143,23.928571428571427,407.0
1645,2025-01-16,Growth,Latin America,Education,Partner,1,41,22,58.095238095238095,3,0,0,129,40.523809523809526,21.428571428571427,58.095238095238095,3,622,40.523809523809526,21.428571428571427,622.0
1646,2026-08-21,Growth,North America,Education,Outbound Sales,1,0,22,66.0,2,0,0,129,0.0,23.5,66.0,2,40,0.0,23.5,40.0
1647,2025-01-30,Starter,North America,Healthcare,Referral,0,50,27,45.61904761904762,2,0,0,49,51.0,24.904761904761905,45.61904761904762,2,608,51.0,24.904761904761905,608.0
1648,2026-07-21,Starter,Latin America,Manufacturing,Outbound Sales,1,14,6,60.333333333333336,0,0,0,49,12.666666666666666,5.333333333333333,60.333333333333336,0,71,12.666666666666666,5.333333333333333,71.0
1649,2026-06-30,Enterprise,Europe,Healthcare,Outbound Sales,1,51,14,74.25,1,0,0,399,49.25,15.25,74.25,1,92,49.25,15.25,92.0
1650,2026-04-02,Starter,Europe,Education,Referral,1,51,13,45.42857142857143,1,0,0,49,50.142857142857146,11.857142857142858,45.42857142857143,1,181,50.142857142857146,11.857142857142858,181.0
1651,2025-11-27,Enterprise,Europe,Finance,Outbound Sales,1,51,16,50.90909090909091,2,0,0,399,53.27272727272727,15.636363636363637,50.90909090909091,2,307,53.27272727272727,15.636363636363637,307.0
1652,2026-02-15,Starter,Asia Pacific,Healthcare,Referral,1,8,13,83.625,3,0,0,49,7.875,11.125,83.625,3,227,7.875,11.125,227.0
1653,2026-06-16,Enterprise,North America,Education,Partner,0,47,11,68.75,0,0,0,399,42.25,10.25,68.75,0,106,42.25,10.25,106.0
1654,2026-05-20,Starter,Latin America,SaaS,Referral,1,36,17,83.4,1,0,0,49,35.6,17.6,83.4,1,133,35.6,17.6,133.0
1655,2024-12-11,Growth,Latin America,Manufacturing,Partner,0,12,28,89.72727272727273,0,0,0,129,11.318181818181818,24.40909090909091,89.72727272727273,0,658,11.318181818181818,24.40909090909091,658.0
1656,2026-02-02,Starter,Asia Pacific,Manufacturing,Organic,1,39,11,53.44444444444444,2,0,0,49,40.55555555555556,9.88888888888889,53.44444444444444,2,240,40.55555555555556,9.88888888888889,240.0
1657,2026-06-07,Growth,Latin America,Retail,Referral,1,62,17,43.75,0,0,0,129,53.25,12.75,43.75,0,115,53.25,12.75,115.0
1658,2026-08-28,Growth,Asia Pacific,Education,Paid Search,1,79,28,23.5,0,0,0,129,71.0,20.0,23.5,0,33,71.0,20.0,33.0
1659,2025-05-10,Starter,Europe,Manufacturing,Outbound Sales,0,29,6,47.470588235294116,2,0,0,49,27.529411764705884,5.176470588235294,47.470588235294116,2,508,27.529411764705884,5.176470588235294,508.0
1660,2025-09-24,Growth,Latin America,Finance,Partner,1,38,9,69.0,0,0,0,129,36.76923076923077,8.923076923076923,69.0,0,371,36.76923076923077,8.923076923076923,371.0
1661,2026-07-11,Growth,North America,Education,Referral,1,64,16,76.0,2,0,0,129,59.333333333333336,13.333333333333334,76.0,2,81,59.333333333333336,13.333333333333334,81.0
1662,2026-03-01,Growth,North America,Finance,Organic,1,8,26,81.5,0,0,0,129,7.75,30.625,81.5,0,213,7.75,30.625,213.0
1663,2026-03-27,Starter,Europe,Manufacturing,Outbound Sales,1,49,9,34.857142857142854,0,0,0,49,47.285714285714285,8.142857142857142,34.857142857142854,0,187,47.285714285714285,8.142857142857142,187.0
1664,2025-04-02,Starter,North America,Finance,Partner,1,35,16,58.68421052631579,0,0,0,49,35.21052631578947,14.842105263157896,58.68421052631579,0,546,35.21052631578947,14.842105263157896,546.0
1665,2025-01-01,Starter,Asia Pacific,Education,Organic,1,56,23,55.09090909090909,0,0,0,49,50.63636363636363,23.227272727272727,55.09090909090909,0,637,50.63636363636363,23.227272727272727,637.0
1666,2026-02-03,Growth,Asia Pacific,Healthcare,Paid Search,0,17,26,40.5,1,0,0,129,16.375,23.25,40.5,1,239,16.375,23.25,239.0
1667,2025-02-12,Starter,North America,Education,Partner,0,48,35,36.15,0,0,0,49,44.75,32.7,36.15,0,595,44.75,32.7,595.0
1668,2025-10-16,Growth,Europe,Healthcare,Referral,1,53,33,71.08333333333333,0,0,0,129,54.416666666666664,28.416666666666668,71.08333333333333,0,349,54.416666666666664,28.416666666666668,349.0
1669,2025-01-24,Enterprise,Latin America,SaaS,Partner,1,69,15,68.47619047619048,0,0,0,399,69.80952380952381,14.380952380952381,68.47619047619048,0,614,69.80952380952381,14.380952380952381,614.0
1670,2026-03-30,Starter,Latin America,Education,Paid Search,1,33,23,87.28571428571429,0,0,0,49,35.285714285714285,21.285714285714285,87.28571428571429,0,184,35.285714285714285,21.285714285714285,184.0
1671,2026-08-22,Enterprise,North America,SaaS,Paid Search,1,41,32,99.0,0,0,0,399,43.0,34.5,99.0,0,39,43.0,34.5,39.0
1672,2025-04-24,Starter,Latin America,Finance,Organic,1,37,14,49.888888888888886,2,0,0,49,35.888888888888886,13.833333333333334,49.888888888888886,2,524,35.888888888888886,13.833333333333334,524.0
1673,2024-12-09,Starter,Europe,Finance,Paid Search,1,66,23,19.82608695652174,2,0,0,49,62.08695652173913,22.434782608695652,19.82608695652174,2,660,62.08695652173913,22.434782608695652,660.0
1674,2025-07-10,Growth,Asia Pacific,Retail,Referral,1,20,24,86.33333333333333,2,0,0,129,19.066666666666666,23.533333333333335,86.33333333333333,2,447,19.066666666666666,23.533333333333335,447.0
1675,2026-01-21,Starter,North America,Manufacturing,Partner,0,55,15,37.55555555555556,2,0,0,49,53.111111111111114,14.222222222222221,37.55555555555556,2,252,53.111111111111114,14.222222222222221,252.0
1676,2026-01-22,Starter,North America,SaaS,Partner,1,52,25,59.22222222222222,0,0,0,49,55.111111111111114,25.22222222222222,59.22222222222222,0,251,55.111111111111114,25.22222222222222,251.0
1677,2026-04-19,Growth,Asia Pacific,Retail,Organic,1,82,26,17.5,0,0,0,129,91.83333333333333,27.333333333333332,17.5,0,164,91.83333333333333,27.333333333333332,164.0
1678,2026-04-18,Starter,North America,Healthcare,Partner,1,39,10,52.333333333333336,1,0,0,49,41.666666666666664,10.333333333333334,52.333333333333336,1,165,41.666666666666664,10.333333333333334,165.0
1679,2026-07-16,Growth,Asia Pacific,Education,Referral,1,46,24,87.33333333333333,1,0,0,129,45.0,21.0,87.33333333333333,1,76,45.0,21.0,76.0
1680,2025-04-10,Starter,Latin America,Healthcare,Organic,1,22,27,30.166666666666668,6,0,0,49,21.38888888888889,26.555555555555557,30.166666666666668,6,538,21.38888888888889,26.555555555555557,538.0
1681,2025-11-06,Growth,Europe,SaaS,Organic,1,62,20,42.63636363636363,0,0,0,129,62.18181818181818,20.0,42.63636363636363,0,328,62.18181818181818,20.0,328.0
1682,2025-11-15,Starter,Latin America,Retail,Referral,1,42,24,82.81818181818181,0,0,0,49,40.18181818181818,21.09090909090909,82.81818181818181,0,319,40.18181818181818,21.09090909090909,319.0
1683,2025-08-15,Growth,Latin America,Retail,Referral,1,31,22,58.714285714285715,1,0,0,129,33.42857142857143,20.285714285714285,58.714285714285715,1,411,33.42857142857143,20.285714285714285,411.0
1684,2025-11-30,Enterprise,Europe,Manufacturing,Outbound Sales,1,63,23,70.27272727272727,0,0,0,399,59.45454545454545,22.09090909090909,70.27272727272727,0,304,59.45454545454545,22.09090909090909,304.0
1685,2025-12-22,Growth,North America,Healthcare,Paid Search,1,49,15,96.9,1,0,0,129,47.9,12.8,96.9,1,282,47.9,12.8,282.0
1686,2025-10-11,Starter,North America,Retail,Organic,0,35,19,76.16666666666667,2,0,0,49,33.5,18.166666666666668,76.16666666666667,2,354,33.5,18.166666666666668,354.0
1687,2026-09-25,Starter,Asia Pacific,Manufacturing,Outbound Sales,1,51,22,66.0,1,0,0,49,62.0,22.0,66.0,1,5,62.0,22.0,5.0
1688,2026-07-04,Starter,North America,Education,Paid Search,1,26,20,80.66666666666667,1,0,0,49,24.666666666666668,17.0,80.66666666666667,1,88,24.666666666666668,17.0,88.0
1689,2024-12-22,Starter,Asia Pacific,Healthcare,Partner,1,79,7,54.45454545454545,2,0,0,49,76.77272727272727,6.954545454545454,54.45454545454545,2,647,76.77272727272727,6.954545454545454,647.0
1690,2026-08-07,Starter,Europe,Retail,Referral,0,28,8,61.5,1,0,0,49,35.0,9.5,61.5,1,54,35.0,9.5,54.0
1691,2026-08-23,Starter,Asia Pacific,Finance,Organic,1,41,20,100.0,0,1,2026-09-27 00:00:00,49,39.0,16.0,100.0,0,38,39.0,16.0,35.0
1692,2025-01-05,Starter,Asia Pacific,Healthcare,Partner,1,49,8,60.68181818181818,0,0,0,49,50.31818181818182,7.454545454545454,60.68181818181818,0,633,50.31818181818182,7.454545454545454,633.0
1693,2025-10-02,Growth,Europe,SaaS,Paid Search,1,24,25,51.46153846153846,1,0,0,129,23.307692307692307,28.76923076923077,51.46153846153846,1,363,23.307692307692307,28.76923076923077,363.0
1694,2025-02-03,Growth,Europe,Manufacturing,Referral,0,38,4,66.23809523809524,0,0,0,129,37.04761904761905,3.142857142857143,66.23809523809524,0,604,37.04761904761905,3.142857142857143,604.0
1695,2026-05-24,Growth,Asia Pacific,Finance,Partner,1,53,21,56.2,0,0,0,129,57.0,21.0,56.2,0,129,57.0,21.0,129.0
1696,2026-09-24,Growth,Europe,Education,Outbound Sales,1,64,14,95.0,0,0,0,129,80.0,11.0,95.0,0,6,80.0,11.0,6.0
1697,2025-11-29,Starter,Europe,SaaS,Outbound Sales,0,31,22,51.36363636363637,1,0,0,49,28.454545454545453,23.363636363636363,51.36363636363637,1,305,28.454545454545453,23.363636363636363,305.0
1698,2025-08-16,Growth,Asia Pacific,Finance,Organic,1,32,12,77.21428571428571,0,0,0,129,31.0,12.071428571428571,77.21428571428571,0,410,31.0,12.071428571428571,410.0
1699,2025-07-15,Growth,Europe,Finance,Organic,1,66,21,64.66666666666667,0,0,0,129,67.73333333333333,20.533333333333335,64.66666666666667,0,442,67.73333333333333,20.533333333333335,442.0
1700,2026-09-02,Starter,Asia Pacific,Education,Paid Search,1,60,31,50.0,0,0,0,49,72.0,20.0,50.0,0,28,72.0,20.0,28.0
1701,2026-07-09,Growth,Europe,Finance,Partner,1,0,0,63.0,0,0,0,129,0.0,0.0,63.0,0,83,0.0,0.0,83.0
1702,2025-04-01,Starter,Europe,Healthcare,Organic,1,54,2,46.421052631578945,3,0,0,49,52.0,1.5263157894736843,46.421052631578945,3,547,52.0,1.5263157894736843,547.0
1703,2025-10-06,Growth,Asia Pacific,Manufacturing,Paid Search,0,43,29,53.333333333333336,1,0,0,129,45.75,30.416666666666668,53.333333333333336,1,359,45.75,30.416666666666668,359.0
1704,2025-01-21,Growth,Latin America,Manufacturing,Partner,0,12,23,63.523809523809526,1,0,0,129,10.857142857142858,23.19047619047619,63.523809523809526,1,617,10.857142857142858,23.19047619047619,617.0
1705,2026-06-18,Starter,Europe,Retail,Outbound Sales,1,46,15,64.0,3,0,0,49,46.0,13.5,64.0,3,104,46.0,13.5,104.0
1706,2026-09-09,Enterprise,Latin America,Finance,Referral,0,33,18,22.0,5,0,0,399,39.0,11.0,22.0,5,21,39.0,11.0,21.0
1707,2025-03-23,Growth,Asia Pacific,Manufacturing,Partner,0,63,10,66.57894736842105,0,0,0,129,61.10526315789474,9.105263157894736,66.57894736842105,0,556,61.10526315789474,9.105263157894736,556.0
1708,2025-10-23,Starter,Asia Pacific,Healthcare,Paid Search,1,56,33,47.583333333333336,1,0,0,49,55.083333333333336,33.583333333333336,47.583333333333336,1,342,55.083333333333336,33.583333333333336,342.0
1709,2025-09-12,Starter,North America,SaaS,Referral,0,51,32,54.0,0,0,0,49,49.92307692307692,33.15384615384615,54.0,0,383,49.92307692307692,33.15384615384615,383.0
1710,2026-09-01,Growth,Asia Pacific,Education,Referral,1,42,16,63.0,0,0,0,129,38.0,21.0,63.0,0,29,38.0,21.0,29.0
1711,2026-09-08,Growth,Latin America,Manufacturing,Referral,1,69,22,99.0,3,0,0,129,52.0,15.0,99.0,3,22,52.0,15.0,22.0
1712,2025-12-05,Starter,Europe,Manufacturing,Referral,0,8,18,49.5,0,0,0,49,7.7,19.0,49.5,0,299,7.7,19.0,299.0
1713,2025-03-11,Growth,Europe,Finance,Paid Search,0,75,22,33.578947368421055,0,0,0,129,76.21052631578948,20.526315789473685,33.578947368421055,0,568,76.21052631578948,20.526315789473685,568.0
1714,2026-07-01,Starter,Europe,Education,Organic,1,27,20,76.25,2,0,0,49,26.75,18.75,76.25,2,91,26.75,18.75,91.0
1715,2025-01-24,Starter,Latin America,Education,Outbound Sales,0,17,17,72.47619047619048,0,0,0,49,14.666666666666666,15.571428571428571,72.47619047619048,0,614,14.666666666666666,15.571428571428571,614.0
1716,2025-09-12,Starter,North America,Finance,Referral,1,51,25,56.30769230769231,0,0,0,49,51.92307692307692,23.53846153846154,56.30769230769231,0,383,51.92307692307692,23.53846153846154,383.0
1717,2026-05-25,Starter,Latin America,Retail,Organic,1,32,11,45.2,0,0,0,49,29.4,9.8,45.2,0,128,29.4,9.8,128.0
1718,2025-11-19,Starter,Asia Pacific,Retail,Outbound Sales,0,48,21,83.27272727272727,2,0,0,49,49.18181818181818,19.90909090909091,83.27272727272727,2,315,49.18181818181818,19.90909090909091,315.0
1719,2026-08-19,Starter,North America,Finance,Referral,1,49,16,59.5,0,0,0,49,49.0,13.5,59.5,0,42,49.0,13.5,42.0
1720,2025-10-01,Starter,Asia Pacific,Education,Organic,1,55,16,55.61538461538461,1,0,0,49,53.07692307692308,16.076923076923077,55.61538461538461,1,364,53.07692307692308,16.076923076923077,364.0
1721,2025-03-09,Growth,North America,Finance,Organic,1,35,13,50.05,0,1,2026-03-17 00:00:00,129,35.65,12.0,50.05,0,570,35.65,12.0,373.0
1722,2026-04-22,Growth,North America,Finance,Partner,0,22,0,38.833333333333336,1,0,0,129,19.0,0.0,38.833333333333336,1,161,19.0,0.0,161.0
1723,2025-02-02,Starter,Latin America,Education,Outbound Sales,1,53,17,84.61904761904762,1,1,2026-01-28 00:00:00,49,51.095238095238095,15.952380952380953,84.61904761904762,1,605,51.095238095238095,15.952380952380953,360.0
1724,2026-09-16,Starter,Latin America,Manufacturing,Paid Search,1,73,17,86.0,1,0,0,49,89.0,19.0,86.0,1,14,89.0,19.0,14.0
1725,2026-01-06,Growth,Europe,Retail,Referral,1,80,8,45.44444444444444,0,0,0,129,86.66666666666667,8.11111111111111,45.44444444444444,0,267,86.66666666666667,8.11111111111111,267.0
1726,2026-04-03,Enterprise,Europe,Manufacturing,Paid Search,1,71,18,87.57142857142857,2,0,0,399,66.14285714285714,21.428571428571427,87.57142857142857,2,180,66.14285714285714,21.428571428571427,180.0
1727,2025-11-04,Starter,Latin America,Manufacturing,Outbound Sales,1,44,30,75.16666666666667,0,0,0,49,44.083333333333336,31.333333333333332,75.16666666666667,0,330,44.083333333333336,31.333333333333332,330.0
1728,2024-11-17,Starter,Europe,Manufacturing,Organic,0,34,28,71.65217391304348,1,0,0,49,34.43478260869565,27.043478260869566,71.65217391304348,1,682,34.43478260869565,27.043478260869566,682.0
1729,2025-11-05,Starter,Asia Pacific,Healthcare,Paid Search,1,39,18,86.9090909090909,0,0,0,49,40.72727272727273,16.727272727272727,86.9090909090909,0,329,40.72727272727273,16.727272727272727,329.0
1730,2025-09-11,Starter,North America,Education,Partner,1,29,0,63.92307692307692,0,0,0,49,31.384615384615383,0.0,63.92307692307692,0,384,31.384615384615383,0.0,384.0
1731,2025-05-02,Enterprise,Europe,Retail,Referral,1,83,13,69.55555555555556,0,0,0,399,77.72222222222223,12.166666666666666,69.55555555555556,0,516,77.72222222222223,12.166666666666666,516.0
1732,2025-06-06,Enterprise,Latin America,Finance,Referral,1,42,21,65.94117647058823,0,0,0,399,40.470588235294116,19.529411764705884,65.94117647058823,0,481,40.470588235294116,19.529411764705884,481.0
1733,2025-10-14,Growth,Europe,Retail,Outbound Sales,1,32,18,79.16666666666667,4,0,0,129,30.333333333333332,16.916666666666668,79.16666666666667,4,351,30.333333333333332,16.916666666666668,351.0
1734,2026-03-11,Starter,North America,Education,Referral,0,60,16,61.0,0,0,0,49,60.57142857142857,14.142857142857142,61.0,0,203,60.57142857142857,14.142857142857142,203.0
1735,2025-05-14,Starter,Latin America,Healthcare,Outbound Sales,1,42,18,80.6470588235294,1,0,0,49,44.1764705882353,17.823529411764707,80.6470588235294,1,504,44.1764705882353,17.823529411764707,504.0
1736,2025-06-18,Starter,Latin America,SaaS,Paid Search,1,52,24,73.5625,3,0,0,49,54.1875,22.125,73.5625,3,469,54.1875,22.125,469.0
1737,2025-03-19,Growth,North America,SaaS,Referral,0,78,14,70.78947368421052,2,0,0,129,77.84210526315789,14.052631578947368,70.78947368421052,2,560,77.84210526315789,14.052631578947368,560.0
1738,2025-04-06,Starter,Asia Pacific,Manufacturing,Partner,0,33,19,46.421052631578945,1,0,0,49,32.73684210526316,18.789473684210527,46.421052631578945,1,542,32.73684210526316,18.789473684210527,542.0
1739,2025-01-17,Growth,Latin America,SaaS,Outbound Sales,1,109,31,67.80952380952381,0,0,0,129,105.76190476190476,32.23809523809524,67.80952380952381,0,621,105.76190476190476,32.23809523809524,621.0
1740,2025-08-28,Growth,Asia Pacific,Education,Outbound Sales,1,48,24,56.642857142857146,0,0,0,129,47.357142857142854,23.428571428571427,56.642857142857146,0,398,47.357142857142854,23.428571428571427,398.0
1741,2025-02-10,Starter,Asia Pacific,Finance,Outbound Sales,1,38,14,41.5,1,1,2025-11-26 00:00:00,49,37.35,14.05,41.5,1,597,37.35,14.05,289.0
1742,2026-05-05,Enterprise,Europe,Manufacturing,Paid Search,1,36,31,73.2,0,0,0,399,32.0,24.4,73.2,0,148,32.0,24.4,148.0
1743,2026-04-22,Starter,Europe,Education,Outbound Sales,1,25,16,17.5,0,0,0,49,27.166666666666668,13.166666666666666,17.5,0,161,27.166666666666668,13.166666666666666,161.0
1744,2024-12-07,Starter,Europe,Retail,Outbound Sales,1,31,25,82.08695652173913,0,0,0,49,31.82608695652174,22.565217391304348,82.08695652173913,0,662,31.82608695652174,22.565217391304348,662.0
1745,2026-09-07,Starter,Europe,Retail,Partner,1,58,24,70.0,0,0,0,49,48.0,32.0,70.0,0,23,48.0,32.0,23.0
1746,2025-10-09,Growth,Latin America,Finance,Outbound Sales,1,51,17,72.16666666666667,3,0,0,129,51.583333333333336,15.0,72.16666666666667,3,356,51.583333333333336,15.0,356.0
1747,2026-07-24,Growth,Europe,Finance,Paid Search,1,32,13,20.333333333333332,4,0,0,129,27.0,11.333333333333334,20.333333333333332,4,68,27.0,11.333333333333334,68.0
1748,2025-03-13,Growth,North America,Manufacturing,Outbound Sales,1,54,23,63.36842105263158,5,0,0,129,53.421052631578945,21.94736842105263,63.36842105263158,5,566,53.421052631578945,21.94736842105263,566.0
1749,2026-07-03,Growth,North America,Retail,Partner,0,99,34,83.66666666666667,3,0,0,129,115.0,30.666666666666668,83.66666666666667,3,89,115.0,30.666666666666668,89.0
1750,2025-11-19,Growth,Asia Pacific,Manufacturing,Outbound Sales,1,2,13,42.63636363636363,0,0,0,129,1.4545454545454546,13.454545454545455,42.63636363636363,0,315,1.4545454545454546,13.454545454545455,315.0
1751,2025-04-05,Growth,Europe,Retail,Organic,1,37,21,66.15789473684211,2,0,0,129,35.73684210526316,17.842105263157894,66.15789473684211,2,543,35.73684210526316,17.842105263157894,543.0
1752,2025-04-14,Growth,North America,Manufacturing,Referral,0,31,12,54.55555555555556,4,0,0,129,31.22222222222222,11.777777777777779,54.55555555555556,4,534,31.22222222222222,11.777777777777779,534.0
1753,2025-05-03,Starter,Latin America,Education,Referral,1,6,12,89.27777777777777,0,0,0,49,5.777777777777778,11.61111111111111,89.27777777777777,0,515,5.777777777777778,11.61111111111111,515.0
1754,2026-07-31,Growth,North America,Education,Organic,1,15,4,89.0,2,0,0,129,16.0,3.6666666666666665,89.0,2,61,16.0,3.6666666666666665,61.0
1755,2025-04-17,Growth,Latin America,Healthcare,Outbound Sales,1,75,14,71.66666666666667,3,0,0,129,76.77777777777777,13.833333333333334,71.66666666666667,3,531,76.77777777777777,13.833333333333334,531.0
1756,2026-01-21,Growth,Latin America,Education,Organic,1,70,17,74.88888888888889,1,0,0,129,74.77777777777777,16.666666666666668,74.88888888888889,1,252,74.77777777777777,16.666666666666668,252.0
1757,2024-12-13,Growth,North America,Finance,Outbound Sales,1,0,34,45.40909090909091,0,0,0,129,0.0,31.636363636363637,45.40909090909091,0,656,0.0,31.636363636363637,656.0
1758,2025-12-24,Starter,Europe,Education,Outbound Sales,0,71,15,72.7,4,0,0,49,60.3,14.6,72.7,4,280,60.3,14.6,280.0
1759,2025-11-07,Starter,Europe,SaaS,Paid Search,1,80,18,50.0,0,0,0,49,79.63636363636364,15.090909090909092,50.0,0,327,79.63636363636364,15.090909090909092,327.0
1760,2026-09-22,Growth,Europe,SaaS,Partner,1,53,15,37.0,2,0,0,129,38.0,9.0,37.0,2,8,38.0,9.0,8.0
1761,2025-06-30,Growth,Latin America,Healthcare,Referral,0,25,11,18.9375,0,0,0,129,23.4375,11.25,18.9375,0,457,23.4375,11.25,457.0
1762,2026-01-27,Starter,Latin America,Manufacturing,Referral,1,16,29,80.0,4,0,0,49,13.555555555555555,28.0,80.0,4,246,13.555555555555555,28.0,246.0
1763,2026-07-17,Growth,North America,SaaS,Paid Search,1,80,17,84.66666666666667,0,0,0,129,89.0,17.333333333333332,84.66666666666667,0,75,89.0,17.333333333333332,75.0
1764,2025-08-17,Growth,Europe,SaaS,Paid Search,1,52,20,86.5,0,0,0,129,55.07142857142857,19.214285714285715,86.5,0,409,55.07142857142857,19.214285714285715,409.0
1765,2026-02-01,Growth,North America,Manufacturing,Partner,1,37,18,41.44444444444444,0,0,0,129,33.0,19.11111111111111,41.44444444444444,0,241,33.0,19.11111111111111,241.0
1766,2025-06-26,Starter,Asia Pacific,SaaS,Partner,1,48,11,60.8125,0,0,0,49,52.0,10.4375,60.8125,0,461,52.0,10.4375,461.0
1767,2026-04-29,Enterprise,Latin America,Finance,Organic,0,90,19,58.333333333333336,0,0,0,399,86.66666666666667,22.666666666666668,58.333333333333336,0,154,86.66666666666667,22.666666666666668,154.0
1768,2025-07-01,Growth,Asia Pacific,Education,Paid Search,1,64,10,49.5625,3,0,0,129,61.125,9.5,49.5625,3,456,61.125,9.5,456.0
1769,2025-09-11,Starter,Asia Pacific,Manufacturing,Organic,0,32,15,66.84615384615384,0,0,0,49,32.92307692307692,14.846153846153847,66.84615384615384,0,384,32.92307692307692,14.846153846153847,384.0
1770,2026-02-22,Starter,Latin America,Healthcare,Organic,1,58,22,59.75,0,0,0,49,57.375,19.875,59.75,0,220,57.375,19.875,220.0
1771,2025-05-16,Starter,North America,Healthcare,Referral,1,19,13,63.64705882352941,2,0,0,49,18.294117647058822,12.941176470588236,63.64705882352941,2,502,18.294117647058822,12.941176470588236,502.0
1772,2025-11-10,Starter,Europe,SaaS,Outbound Sales,0,72,9,75.81818181818181,0,0,0,49,71.81818181818181,8.0,75.81818181818181,0,324,71.81818181818181,8.0,324.0
1773,2026-09-24,Enterprise,Asia Pacific,Retail,Organic,1,58,23,51.0,1,0,0,399,48.0,26.0,51.0,1,6,48.0,26.0,6.0
1774,2026-06-06,Growth,North America,Healthcare,Organic,0,80,26,55.0,0,0,0,129,86.5,26.75,55.0,0,116,86.5,26.75,116.0
1775,2026-01-24,Starter,Europe,Education,Referral,1,11,13,58.333333333333336,1,0,0,49,10.0,13.11111111111111,58.333333333333336,1,249,10.0,13.11111111111111,249.0
1776,2026-02-14,Enterprise,North America,Finance,Paid Search,0,49,13,82.625,1,0,0,399,49.25,13.5,82.625,1,228,49.25,13.5,228.0
1777,2025-08-14,Enterprise,Asia Pacific,Healthcare,Outbound Sales,0,36,17,45.785714285714285,2,0,0,399,35.214285714285715,17.357142857142858,45.785714285714285,2,412,35.214285714285715,17.357142857142858,412.0
1778,2025-11-25,Starter,Asia Pacific,Finance,Referral,1,33,12,29.454545454545453,4,0,0,49,31.90909090909091,12.181818181818182,29.454545454545453,4,309,31.90909090909091,12.181818181818182,309.0
1779,2026-03-28,Growth,Latin America,SaaS,Organic,1,37,16,82.14285714285714,2,0,0,129,35.714285714285715,14.571428571428571,82.14285714285714,2,186,35.714285714285715,14.571428571428571,186.0
1780,2026-04-23,Starter,North America,Education,Partner,1,75,27,33.0,4,0,0,49,75.16666666666667,26.666666666666668,33.0,4,160,75.16666666666667,26.666666666666668,160.0
1781,2026-01-01,Growth,North America,Retail,Organic,1,37,24,42.3,0,0,0,129,34.6,22.4,42.3,0,272,34.6,22.4,272.0
1782,2025-04-13,Starter,Latin America,Healthcare,Paid Search,0,26,13,82.27777777777777,1,0,0,49,27.166666666666668,11.277777777777779,82.27777777777777,1,535,27.166666666666668,11.277777777777779,535.0
1783,2025-05-22,Enterprise,North America,Manufacturing,Referral,0,20,29,14.352941176470589,2,0,0,399,19.0,27.88235294117647,14.352941176470589,2,496,19.0,27.88235294117647,496.0
1784,2026-07-11,Starter,Europe,Manufacturing,Organic,0,36,31,64.33333333333333,4,0,0,49,31.0,35.666666666666664,64.33333333333333,4,81,31.0,35.666666666666664,81.0
1785,2025-03-20,Growth,Asia Pacific,SaaS,Outbound Sales,1,52,36,85.57894736842105,6,0,0,129,53.36842105263158,36.1578947368421,85.57894736842105,6,559,53.36842105263158,36.1578947368421,559.0
1786,2025-07-13,Starter,Asia Pacific,Healthcare,Partner,1,63,19,70.93333333333334,0,0,0,49,66.06666666666666,18.4,70.93333333333334,0,444,66.06666666666666,18.4,444.0
1787,2024-12-22,Enterprise,North America,Retail,Paid Search,1,78,13,72.04545454545455,0,0,0,399,72.31818181818181,12.045454545454545,72.04545454545455,0,647,72.31818181818181,12.045454545454545,647.0
1788,2026-08-17,Starter,Latin America,Healthcare,Referral,1,53,8,20.5,0,0,0,49,57.0,6.5,20.5,0,44,57.0,6.5,44.0
1789,2026-03-06,Starter,North America,Healthcare,Paid Search,1,80,17,45.857142857142854,0,0,0,49,80.28571428571429,15.285714285714286,45.857142857142854,0,208,80.28571428571429,15.285714285714286,208.0
1790,2025-11-14,Growth,Asia Pacific,Retail,Paid Search,1,65,21,55.36363636363637,2,0,0,129,59.72727272727273,20.90909090909091,55.36363636363637,2,320,59.72727272727273,20.90909090909091,320.0
1791,2026-05-20,Starter,Asia Pacific,Manufacturing,Partner,0,39,15,45.4,0,0,0,49,45.0,15.4,45.4,0,133,45.0,15.4,133.0
1792,2025-02-12,Starter,Europe,Healthcare,Referral,0,5,19,72.45,1,0,0,49,4.8,18.05,72.45,1,595,4.8,18.05,595.0
1793,2026-04-11,Enterprise,Latin America,Finance,Referral,1,54,4,60.666666666666664,0,0,0,399,56.0,3.0,60.666666666666664,0,172,56.0,3.0,172.0
1794,2025-03-06,Starter,Latin America,SaaS,Outbound Sales,0,6,3,65.2,1,0,0,49,5.4,2.3,65.2,1,573,5.4,2.3,573.0
1795,2025-08-17,Starter,Latin America,Retail,Partner,1,27,16,32.714285714285715,6,0,0,49,26.285714285714285,14.928571428571429,32.714285714285715,6,409,26.285714285714285,14.928571428571429,409.0
1796,2025-01-23,Starter,Latin America,Retail,Partner,1,52,15,75.19047619047619,1,0,0,49,51.0,15.19047619047619,75.19047619047619,1,615,51.0,15.19047619047619,615.0
1797,2025-04-12,Starter,Asia Pacific,Manufacturing,Referral,0,13,28,74.11111111111111,0,0,0,49,12.277777777777779,27.11111111111111,74.11111111111111,0,536,12.277777777777779,27.11111111111111,536.0
1798,2025-08-05,Starter,Europe,Education,Outbound Sales,0,36,6,70.53333333333333,0,0,0,49,37.0,5.533333333333333,70.53333333333333,0,421,37.0,5.533333333333333,421.0
1799,2026-02-02,Starter,Latin America,Manufacturing,Partner,1,38,7,74.0,2,0,0,49,38.77777777777778,6.444444444444445,74.0,2,240,38.77777777777778,6.444444444444445,240.0
1800,2026-04-08,Starter,Europe,Manufacturing,Outbound Sales,1,16,14,87.33333333333333,0,0,0,49,16.5,13.666666666666666,87.33333333333333,0,175,16.5,13.666666666666666,175.0
1801,2025-03-29,Starter,North America,Manufacturing,Organic,1,22,24,78.26315789473684,2,0,0,49,20.789473684210527,22.842105263157894,78.26315789473684,2,550,20.789473684210527,22.842105263157894,550.0
1802,2026-01-20,Starter,Europe,Finance,Partner,1,14,17,41.888888888888886,0,0,0,49,12.666666666666666,15.777777777777779,41.888888888888886,0,253,12.666666666666666,15.777777777777779,253.0
1803,2025-01-31,Starter,Asia Pacific,Education,Paid Search,1,9,20,72.33333333333333,1,0,0,49,8.285714285714286,19.714285714285715,72.33333333333333,1,607,8.285714285714286,19.714285714285715,607.0
1804,2025-06-14,Starter,Europe,Finance,Referral,1,23,13,42.0625,1,0,0,49,22.3125,12.4375,42.0625,1,473,22.3125,12.4375,473.0
1805,2026-02-03,Starter,North America,Education,Organic,1,9,8,44.625,1,0,0,49,8.125,7.75,44.625,1,239,8.125,7.75,239.0
1806,2025-10-22,Growth,North America,Healthcare,Organic,0,58,6,40.25,0,0,0,129,56.583333333333336,5.0,40.25,0,343,56.583333333333336,5.0,343.0
1807,2024-11-26,Growth,North America,Finance,Outbound Sales,1,18,26,38.08695652173913,6,0,0,129,17.52173913043478,23.347826086956523,38.08695652173913,6,673,17.52173913043478,23.347826086956523,673.0
1808,2025-12-28,Starter,North America,Retail,Paid Search,1,15,0,66.7,0,0,0,49,14.8,0.0,66.7,0,276,14.8,0.0,276.0
1809,2024-12-23,Starter,Latin America,Manufacturing,Referral,1,11,32,60.59090909090909,0,0,0,49,11.045454545454545,33.18181818181818,60.59090909090909,0,646,11.045454545454545,33.18181818181818,646.0
1810,2025-12-09,Growth,North America,Manufacturing,Paid Search,1,62,22,70.1,0,0,0,129,59.6,18.6,70.1,0,295,59.6,18.6,295.0
1811,2026-03-28,Starter,Latin America,Finance,Organic,1,12,18,61.285714285714285,2,1,2026-07-31 00:00:00,49,10.428571428571429,18.857142857142858,61.285714285714285,2,186,10.428571428571429,18.857142857142858,125.0
1812,2025-06-28,Enterprise,Latin America,Education,Paid Search,1,69,24,38.6875,0,0,0,399,65.75,25.6875,38.6875,0,459,65.75,25.6875,459.0
1813,2025-11-29,Starter,Europe,Education,Organic,1,45,23,68.36363636363636,1,0,0,49,41.54545454545455,21.272727272727273,68.36363636363636,1,305,41.54545454545455,21.272727272727273,305.0
1814,2025-01-21,Growth,North America,Manufacturing,Outbound Sales,0,41,17,54.904761904761905,1,0,0,129,41.523809523809526,16.523809523809526,54.904761904761905,1,617,41.523809523809526,16.523809523809526,617.0
1815,2025-11-17,Starter,North America,SaaS,Partner,0,42,18,39.27272727272727,0,0,0,49,45.18181818181818,17.181818181818183,39.27272727272727,0,317,45.18181818181818,17.181818181818183,317.0
1816,2025-06-16,Starter,Asia Pacific,Healthcare,Referral,1,13,24,22.1875,3,0,0,49,12.8125,25.25,22.1875,3,471,12.8125,25.25,471.0
1817,2024-11-27,Starter,Europe,Education,Partner,0,28,28,48.08695652173913,2,0,0,49,27.608695652173914,28.304347826086957,48.08695652173913,2,672,27.608695652173914,28.304347826086957,672.0
1818,2025-09-21,Starter,North America,Retail,Outbound Sales,1,49,12,59.23076923076923,1,0,0,49,49.38461538461539,11.153846153846153,59.23076923076923,1,374,49.38461538461539,11.153846153846153,374.0
1819,2025-02-08,Growth,North America,Retail,Paid Search,1,41,19,46.55,0,0,0,129,42.4,19.2,46.55,0,599,42.4,19.2,599.0
1820,2026-08-26,Growth,Latin America,Education,Partner,1,50,20,71.0,0,0,0,129,38.5,22.5,71.0,0,35,38.5,22.5,35.0
1821,2025-10-08,Growth,Latin America,Retail,Paid Search,1,59,21,39.25,2,0,0,129,53.75,22.166666666666668,39.25,2,357,53.75,22.166666666666668,357.0
1822,2025-03-28,Growth,Europe,Finance,Partner,1,72,14,48.578947368421055,0,0,0,129,76.26315789473684,12.578947368421053,48.578947368421055,0,551,76.26315789473684,12.578947368421053,551.0
1823,2025-03-19,Enterprise,North America,Finance,Outbound Sales,1,63,11,74.84210526315789,0,0,0,399,57.526315789473685,9.947368421052632,74.84210526315789,0,560,57.526315789473685,9.947368421052632,560.0
1824,2024-12-08,Growth,North America,Manufacturing,Paid Search,1,58,9,47.95652173913044,0,0,0,129,57.30434782608695,8.73913043478261,47.95652173913044,0,661,57.30434782608695,8.73913043478261,661.0
1825,2025-08-19,Growth,Latin America,Education,Outbound Sales,1,80,13,84.14285714285714,0,0,0,129,83.85714285714286,11.785714285714286,84.14285714285714,0,407,83.85714285714286,11.785714285714286,407.0
1826,2026-02-25,Growth,North America,Healthcare,Partner,1,53,13,62.875,0,0,0,129,54.5,12.375,62.875,0,217,54.5,12.375,217.0
1827,2025-03-21,Enterprise,Asia Pacific,Retail,Partner,1,40,23,34.73684210526316,0,0,0,399,40.31578947368421,23.36842105263158,34.73684210526316,0,558,40.31578947368421,23.36842105263158,558.0
1828,2026-02-22,Enterprise,Europe,Education,Partner,1,52,25,56.75,2,0,0,399,50.25,24.125,56.75,2,220,50.25,24.125,220.0
1829,2026-02-01,Enterprise,Latin America,Finance,Referral,1,70,9,56.333333333333336,1,1,2026-08-07 00:00:00,399,74.33333333333333,7.444444444444445,56.333333333333336,1,241,74.33333333333333,7.444444444444445,187.0
1830,2024-11-04,Enterprise,Europe,Finance,Partner,1,53,16,90.0,5,0,0,399,50.458333333333336,15.791666666666666,90.0,5,695,50.458333333333336,15.791666666666666,695.0
1831,2025-01-19,Starter,Europe,Retail,Referral,1,48,19,61.80952380952381,0,0,0,49,46.476190476190474,18.476190476190474,61.80952380952381,0,619,46.476190476190474,18.476190476190474,619.0
1832,2024-11-18,Enterprise,Asia Pacific,Healthcare,Outbound Sales,1,51,14,46.78260869565217,3,0,0,399,50.17391304347826,13.217391304347826,46.78260869565217,3,681,50.17391304347826,13.217391304347826,681.0
1833,2025-07-19,Starter,North America,Retail,Outbound Sales,1,52,15,66.86666666666666,0,0,0,49,55.2,14.0,66.86666666666666,0,438,55.2,14.0,438.0
1834,2025-06-07,Starter,North America,Retail,Organic,1,29,18,29.823529411764707,1,0,0,49,30.529411764705884,16.705882352941178,29.823529411764707,1,480,30.529411764705884,16.705882352941178,480.0
1835,2025-04-01,Growth,Asia Pacific,SaaS,Outbound Sales,1,57,10,42.1578947368421,0,0,0,129,55.578947368421055,9.105263157894736,42.1578947368421,0,547,55.578947368421055,9.105263157894736,547.0
1836,2026-05-14,Starter,Latin America,Education,Organic,1,38,33,81.0,1,0,0,49,36.8,31.8,81.0,1,139,36.8,31.8,139.0
1837,2026-07-15,Growth,Europe,Manufacturing,Outbound Sales,0,78,12,27.666666666666668,1,0,0,129,80.33333333333333,10.0,27.666666666666668,1,77,80.33333333333333,10.0,77.0
1838,2026-04-23,Growth,Asia Pacific,Finance,Outbound Sales,1,47,13,90.5,3,0,0,129,49.833333333333336,10.5,90.5,3,160,49.833333333333336,10.5,160.0
1839,2026-01-06,Enterprise,North America,Retail,Referral,1,95,17,42.111111111111114,2,0,0,399,102.55555555555556,14.88888888888889,42.111111111111114,2,267,102.55555555555556,14.88888888888889,267.0
1840,2025-02-20,Enterprise,Latin America,Education,Outbound Sales,1,37,11,58.4,1,0,0,399,37.55,10.05,58.4,1,587,37.55,10.05,587.0
1841,2025-08-21,Enterprise,Europe,Education,Outbound Sales,1,36,19,37.785714285714285,0,1,2026-01-19 00:00:00,399,34.07142857142857,18.5,37.785714285714285,0,405,34.07142857142857,18.5,151.0
1842,2025-09-03,Growth,Europe,Manufacturing,Organic,0,66,21,61.714285714285715,4,0,0,129,64.85714285714286,19.142857142857142,61.714285714285715,4,392,64.85714285714286,19.142857142857142,392.0
1843,2025-03-03,Starter,Europe,Retail,Paid Search,1,17,24,90.3,0,0,0,49,18.05,24.7,90.3,0,576,18.05,24.7,576.0
1844,2024-12-17,Starter,Latin America,Manufacturing,Referral,1,28,22,11.772727272727273,0,0,0,49,27.40909090909091,21.727272727272727,11.772727272727273,0,652,27.40909090909091,21.727272727272727,652.0
1845,2025-07-01,Starter,Europe,Manufacturing,Partner,1,38,9,43.875,0,0,0,49,38.375,7.0,43.875,0,456,38.375,7.0,456.0
1846,2026-01-02,Growth,Asia Pacific,Finance,Outbound Sales,1,33,14,77.9,1,0,0,129,36.7,15.2,77.9,1,271,36.7,15.2,271.0
1847,2026-08-15,Growth,Asia Pacific,SaaS,Outbound Sales,1,22,29,52.0,1,0,0,129,22.5,23.5,52.0,1,46,22.5,23.5,46.0
1848,2026-07-29,Starter,Latin America,Healthcare,Organic,0,32,25,92.66666666666667,0,0,0,49,34.333333333333336,21.0,92.66666666666667,0,63,34.333333333333336,21.0,63.0
1849,2026-02-10,Starter,Asia Pacific,Healthcare,Paid Search,0,71,12,70.625,3,0,0,49,69.625,11.5,70.625,3,232,69.625,11.5,232.0
1850,2025-01-02,Growth,Latin America,Finance,Organic,1,64,20,62.40909090909091,0,0,0,129,64.81818181818181,18.454545454545453,62.40909090909091,0,636,64.81818181818181,18.454545454545453,636.0
1851,2025-02-20,Growth,Asia Pacific,Retail,Paid Search,0,50,25,67.85,2,0,0,129,53.05,24.75,67.85,2,587,53.05,24.75,587.0
1852,2026-03-25,Starter,Asia Pacific,Education,Referral,1,24,9,47.57142857142857,2,0,0,49,25.714285714285715,8.285714285714286,47.57142857142857,2,189,25.714285714285715,8.285714285714286,189.0
1853,2026-07-03,Growth,North America,Manufacturing,Paid Search,0,60,18,63.0,0,0,0,129,60.0,20.0,63.0,0,89,60.0,20.0,89.0
1854,2026-05-01,Starter,Europe,Finance,Partner,0,26,12,74.0,0,0,0,49,28.0,12.166666666666666,74.0,0,152,28.0,12.166666666666666,152.0
1855,2024-11-15,Growth,Asia Pacific,Manufacturing,Partner,0,20,23,50.21739130434783,0,0,0,129,20.304347826086957,21.391304347826086,50.21739130434783,0,684,20.304347826086957,21.391304347826086,684.0
1856,2026-08-08,Growth,Asia Pacific,Healthcare,Paid Search,0,13,10,43.5,3,0,0,129,13.0,7.0,43.5,3,53,13.0,7.0,53.0
1857,2026-04-10,Starter,North America,Finance,Outbound Sales,1,27,29,78.16666666666667,0,0,0,49,28.333333333333332,33.833333333333336,78.16666666666667,0,173,28.333333333333332,33.833333333333336,173.0
1858,2026-06-10,Starter,Asia Pacific,Finance,Outbound Sales,1,47,24,52.5,1,0,0,49,46.75,26.25,52.5,1,112,46.75,26.25,112.0
1859,2025-07-04,Growth,North America,Finance,Paid Search,0,28,10,63.5,0,0,0,129,28.1875,8.5,63.5,0,453,28.1875,8.5,453.0
1860,2025-03-26,Starter,Asia Pacific,Healthcare,Paid Search,1,73,13,86.21052631578948,0,0,0,49,68.84210526315789,12.526315789473685,86.21052631578948,0,553,68.84210526315789,12.526315789473685,553.0
1861,2025-08-24,Enterprise,Europe,Retail,Outbound Sales,1,5,27,58.642857142857146,0,0,0,399,4.142857142857143,27.5,58.642857142857146,0,402,4.142857142857143,27.5,402.0
1862,2026-01-12,Starter,Europe,SaaS,Partner,0,58,16,72.66666666666667,1,0,0,49,58.55555555555556,13.11111111111111,72.66666666666667,1,261,58.55555555555556,13.11111111111111,261.0
1863,2024-10-31,Starter,Europe,SaaS,Referral,1,26,8,80.45833333333333,0,0,0,49,25.25,7.875,80.45833333333333,0,699,25.25,7.875,699.0
1864,2026-07-21,Starter,Europe,Retail,Partner,1,21,14,85.66666666666667,0,0,0,49,23.333333333333332,13.0,85.66666666666667,0,71,23.333333333333332,13.0,71.0
1865,2025-10-26,Starter,North America,Retail,Outbound Sales,0,59,3,59.333333333333336,0,0,0,49,59.416666666666664,3.0,59.333333333333336,0,339,59.416666666666664,3.0,339.0
1866,2025-07-03,Starter,North America,Retail,Paid Search,0,42,12,89.875,0,0,0,49,40.25,10.625,89.875,0,454,40.25,10.625,454.0
1867,2026-06-06,Starter,Europe,SaaS,Outbound Sales,1,27,28,52.5,0,0,0,49,29.75,27.75,52.5,0,116,29.75,27.75,116.0
1868,2025-12-30,Starter,Europe,Retail,Partner,1,1,20,81.1,1,0,0,49,0.4,18.6,81.1,1,274,0.4,18.6,274.0
1869,2025-05-09,Starter,Asia Pacific,SaaS,Partner,1,69,17,47.76470588235294,0,0,0,49,70.58823529411765,15.529411764705882,47.76470588235294,0,509,70.58823529411765,15.529411764705882,509.0
1870,2026-09-10,Starter,Latin America,Retail,Referral,0,51,12,38.0,0,0,0,49,40.0,10.0,38.0,0,20,40.0,10.0,20.0
1871,2026-09-14,Growth,North America,Retail,Outbound Sales,1,50,16,78.0,1,0,0,129,42.0,15.0,78.0,1,16,42.0,15.0,16.0
1872,2025-01-25,Starter,North America,Education,Partner,0,61,15,48.42857142857143,3,0,0,49,58.80952380952381,14.619047619047619,48.42857142857143,3,613,58.80952380952381,14.619047619047619,613.0
1873,2026-04-19,Starter,Latin America,Manufacturing,Outbound Sales,1,52,28,92.33333333333333,0,0,0,49,50.0,24.166666666666668,92.33333333333333,0,164,50.0,24.166666666666668,164.0
1874,2025-11-03,Enterprise,Latin America,Finance,Outbound Sales,1,36,19,55.166666666666664,3,0,0,399,33.083333333333336,17.916666666666668,55.166666666666664,3,331,33.083333333333336,17.916666666666668,331.0
1875,2025-01-07,Growth,Asia Pacific,Education,Outbound Sales,1,13,24,59.09090909090909,1,0,0,129,12.409090909090908,24.09090909090909,59.09090909090909,1,631,12.409090909090908,24.09090909090909,631.0
1876,2026-04-21,Growth,Europe,Retail,Partner,1,30,12,54.833333333333336,3,0,0,129,27.166666666666668,11.0,54.833333333333336,3,162,27.166666666666668,11.0,162.0
1877,2026-05-10,Starter,Latin America,SaaS,Referral,1,64,11,75.0,0,0,0,49,60.2,10.4,75.0,0,143,60.2,10.4,143.0
1878,2026-04-02,Enterprise,North America,Manufacturing,Outbound Sales,1,56,21,26.0,0,0,0,399,50.857142857142854,18.857142857142858,26.0,0,181,50.857142857142854,18.857142857142858,181.0
1879,2026-04-02,Growth,North America,Finance,Paid Search,1,38,22,34.714285714285715,1,0,0,129,37.857142857142854,21.571428571428573,34.714285714285715,1,181,37.857142857142854,21.571428571428573,181.0
1880,2026-05-20,Enterprise,Europe,Education,Partner,0,78,31,45.6,0,0,0,399,72.4,29.4,45.6,0,133,72.4,29.4,133.0
1881,2024-11-19,Starter,Europe,Finance,Paid Search,1,42,25,39.95652173913044,0,0,0,49,41.43478260869565,25.26086956521739,39.95652173913044,0,680,41.43478260869565,25.26086956521739,680.0
1882,2025-12-03,Starter,North America,Manufacturing,Referral,1,50,19,76.18181818181819,1,0,0,49,51.27272727272727,18.727272727272727,76.18181818181819,1,301,51.27272727272727,18.727272727272727,301.0
1883,2026-02-23,Growth,North America,Healthcare,Paid Search,1,77,18,83.875,0,0,0,129,78.875,17.625,83.875,0,219,78.875,17.625,219.0
1884,2024-12-13,Growth,Europe,Retail,Organic,1,42,15,34.77272727272727,2,0,0,129,39.0,14.045454545454545,34.77272727272727,2,656,39.0,14.045454545454545,656.0
1885,2026-08-11,Growth,Asia Pacific,Healthcare,Partner,1,54,26,46.5,0,0,0,129,46.0,27.0,46.5,0,50,46.0,27.0,50.0
1886,2025-11-30,Starter,North America,Finance,Partner,1,60,27,66.27272727272727,0,0,0,49,57.90909090909091,26.09090909090909,66.27272727272727,0,304,57.90909090909091,26.09090909090909,304.0
1887,2025-11-16,Starter,Europe,Retail,Partner,1,56,25,69.0,0,0,0,49,56.09090909090909,26.818181818181817,69.0,0,318,56.09090909090909,26.818181818181817,318.0
1888,2025-07-16,Enterprise,Latin America,Education,Referral,1,43,29,51.8,0,1,2026-09-01 00:00:00,399,42.46666666666667,26.733333333333334,51.8,0,441,42.46666666666667,26.733333333333334,412.0
1889,2024-11-15,Starter,Latin America,Healthcare,Partner,1,58,10,26.391304347826086,1,0,0,49,58.21739130434783,9.652173913043478,26.391304347826086,1,684,58.21739130434783,9.652173913043478,684.0
1890,2025-10-30,Growth,Latin America,Retail,Organic,0,43,35,42.833333333333336,1,0,0,129,43.916666666666664,36.5,42.833333333333336,1,335,43.916666666666664,36.5,335.0
1891,2025-01-07,Growth,Europe,Healthcare,Outbound Sales,1,31,6,72.22727272727273,0,0,0,129,29.181818181818183,5.2272727272727275,72.22727272727273,0,631,29.181818181818183,5.2272727272727275,631.0
1892,2025-10-18,Growth,Asia Pacific,Healthcare,Partner,1,14,2,61.583333333333336,3,0,0,129,13.583333333333334,1.5833333333333333,61.583333333333336,3,347,13.583333333333334,1.5833333333333333,347.0
1893,2025-07-03,Growth,Latin America,Finance,Referral,0,46,12,54.6875,0,0,0,129,40.875,10.875,54.6875,0,454,40.875,10.875,454.0
1894,2026-09-02,Starter,Europe,Manufacturing,Partner,1,25,17,51.0,0,0,0,49,23.0,22.0,51.0,0,28,23.0,22.0,28.0
1895,2026-08-04,Enterprise,Latin America,Manufacturing,Referral,1,42,29,49.0,1,0,0,399,35.5,32.0,49.0,1,57,35.5,32.0,57.0
1896,2025-02-13,Growth,North America,Retail,Outbound Sales,1,60,2,47.75,2,1,2026-04-14 00:00:00,129,60.0,1.55,47.75,2,594,60.0,1.55,425.0
1897,2026-06-17,Starter,Europe,Manufacturing,Partner,1,25,13,68.75,0,0,0,49,20.75,12.25,68.75,0,105,20.75,12.25,105.0
1898,2025-10-05,Growth,Latin America,Retail,Outbound Sales,1,63,14,58.84615384615385,0,0,0,129,59.61538461538461,14.846153846153847,58.84615384615385,0,360,59.61538461538461,14.846153846153847,360.0
1899,2025-03-15,Enterprise,Europe,Finance,Paid Search,0,19,12,43.578947368421055,3,0,0,399,20.05263157894737,10.631578947368421,43.578947368421055,3,564,20.05263157894737,10.631578947368421,564.0
1900,2024-12-14,Enterprise,North America,Finance,Partner,1,50,22,52.09090909090909,1,0,0,399,46.45454545454545,20.454545454545453,52.09090909090909,1,655,46.45454545454545,20.454545454545453,655.0
1901,2025-10-25,Growth,North America,Healthcare,Referral,0,53,15,72.25,0,0,0,129,53.5,16.083333333333332,72.25,0,340,53.5,16.083333333333332,340.0
1902,2026-05-12,Growth,Latin America,Manufacturing,Paid Search,1,71,20,71.2,1,0,0,129,72.6,22.8,71.2,1,141,72.6,22.8,141.0
1903,2025-10-11,Growth,Europe,Education,Partner,1,1,16,28.416666666666668,3,0,0,129,0.3333333333333333,15.5,28.416666666666668,3,354,0.3333333333333333,15.5,354.0
1904,2026-08-19,Growth,Latin America,Finance,Partner,1,27,15,54.5,4,0,0,129,31.5,11.0,54.5,4,42,31.5,11.0,42.0
1905,2025-04-27,Growth,Latin America,SaaS,Paid Search,1,36,7,66.66666666666667,1,1,2026-07-26 00:00:00,129,35.77777777777778,6.833333333333333,66.66666666666667,1,521,35.77777777777778,6.833333333333333,455.0
1906,2026-02-17,Enterprise,North America,Finance,Paid Search,0,74,19,31.125,0,0,0,399,72.75,18.0,31.125,0,225,72.75,18.0,225.0
1907,2026-03-04,Growth,Asia Pacific,Healthcare,Partner,1,42,23,60.75,2,0,0,129,39.625,23.375,60.75,2,210,39.625,23.375,210.0
1908,2026-08-07,Starter,North America,SaaS,Referral,0,53,35,56.0,1,0,0,49,52.0,39.5,56.0,1,54,52.0,39.5,54.0
1909,2025-05-04,Starter,Asia Pacific,Education,Paid Search,1,66,9,77.38888888888889,1,0,0,49,64.05555555555556,7.944444444444445,77.38888888888889,1,514,64.05555555555556,7.944444444444445,514.0
1910,2025-03-17,Starter,Latin America,Education,Outbound Sales,1,41,16,77.42105263157895,1,0,0,49,40.63157894736842,15.473684210526315,77.42105263157895,1,562,40.63157894736842,15.473684210526315,562.0
1911,2025-01-02,Starter,Europe,Finance,Outbound Sales,1,45,5,91.86363636363636,1,0,0,49,45.27272727272727,4.409090909090909,91.86363636363636,1,636,45.27272727272727,4.409090909090909,636.0
1912,2026-02-10,Enterprise,North America,Manufacturing,Outbound Sales,1,53,37,56.875,2,0,0,399,51.0,38.25,56.875,2,232,51.0,38.25,232.0
1913,2024-12-06,Enterprise,Latin America,Manufacturing,Outbound Sales,1,29,0,57.69565217391305,1,0,0,399,29.043478260869566,0.0,57.69565217391305,1,663,29.043478260869566,0.0,663.0
1914,2025-08-26,Growth,Latin America,Healthcare,Outbound Sales,1,87,19,47.0,2,0,0,129,79.71428571428571,18.357142857142858,47.0,2,400,79.71428571428571,18.357142857142858,400.0
1915,2025-05-24,Enterprise,Europe,Education,Organic,0,50,12,40.76470588235294,0,0,0,399,47.705882352941174,10.352941176470589,40.76470588235294,0,494,47.705882352941174,10.352941176470589,494.0
1916,2024-12-13,Starter,Asia Pacific,Finance,Partner,1,53,18,73.72727272727273,4,0,0,49,53.0,17.727272727272727,73.72727272727273,4,656,53.0,17.727272727272727,656.0
1917,2025-05-22,Growth,Latin America,Healthcare,Organic,1,23,16,42.76470588235294,2,0,0,129,23.235294117647058,15.117647058823529,42.76470588235294,2,496,23.235294117647058,15.117647058823529,496.0
1918,2024-12-11,Starter,North America,Education,Outbound Sales,1,42,17,90.36363636363636,1,0,0,49,39.95454545454545,16.772727272727273,90.36363636363636,1,658,39.95454545454545,16.772727272727273,658.0
1919,2025-09-18,Starter,Latin America,Education,Paid Search,0,35,2,66.3076923076923,2,0,0,49,34.76923076923077,1.6153846153846154,66.3076923076923,2,377,34.76923076923077,1.6153846153846154,377.0
1920,2025-09-12,Starter,Latin America,Education,Partner,0,17,24,46.0,0,0,0,49,16.384615384615383,24.692307692307693,46.0,0,383,16.384615384615383,24.692307692307693,383.0
1921,2026-04-10,Starter,North America,Manufacturing,Outbound Sales,1,41,21,62.833333333333336,1,0,0,49,38.333333333333336,20.166666666666668,62.833333333333336,1,173,38.333333333333336,20.166666666666668,173.0
1922,2025-12-11,Growth,Asia Pacific,SaaS,Partner,1,52,14,66.4,0,0,0,129,51.2,11.8,66.4,0,293,51.2,11.8,293.0
1923,2026-05-09,Starter,Latin America,SaaS,Partner,0,89,15,59.6,0,0,0,49,99.0,14.0,59.6,0,144,99.0,14.0,144.0
1924,2026-02-26,Starter,Latin America,SaaS,Referral,0,48,20,41.75,1,0,0,49,44.875,18.5,41.75,1,216,44.875,18.5,216.0
1925,2025-07-16,Starter,Latin America,SaaS,Paid Search,0,29,30,78.8,0,1,2025-09-02 00:00:00,49,30.6,29.533333333333335,78.8,0,441,30.6,29.533333333333335,48.0
1926,2026-08-23,Enterprise,North America,Finance,Paid Search,1,73,23,39.5,11,0,0,399,62.0,25.0,39.5,11,38,62.0,25.0,38.0
1927,2025-05-13,Starter,North America,Finance,Partner,1,22,19,65.05882352941177,0,0,0,49,21.176470588235293,17.58823529411765,65.05882352941177,0,505,21.176470588235293,17.58823529411765,505.0
1928,2025-08-18,Growth,Asia Pacific,Finance,Paid Search,1,37,14,58.214285714285715,0,0,0,129,35.285714285714285,12.142857142857142,58.214285714285715,0,408,35.285714285714285,12.142857142857142,408.0
1929,2025-10-30,Starter,Asia Pacific,Finance,Outbound Sales,1,61,10,37.416666666666664,2,0,0,49,64.0,7.666666666666667,37.416666666666664,2,335,64.0,7.666666666666667,335.0
1930,2024-12-17,Growth,Europe,Manufacturing,Organic,1,51,22,66.77272727272727,0,0,0,129,51.59090909090909,21.545454545454547,66.77272727272727,0,652,51.59090909090909,21.545454545454547,652.0
1931,2026-09-01,Starter,Asia Pacific,Healthcare,Partner,0,27,8,66.0,0,0,0,49,29.0,10.0,66.0,0,29,29.0,10.0,29.0
1932,2025-10-04,Starter,Europe,Healthcare,Paid Search,1,67,19,41.69230769230769,0,0,0,49,67.0,18.76923076923077,41.69230769230769,0,361,67.0,18.76923076923077,361.0
1933,2025-08-05,Enterprise,Asia Pacific,SaaS,Partner,1,43,14,46.6,0,0,0,399,43.86666666666667,14.133333333333333,46.6,0,421,43.86666666666667,14.133333333333333,421.0
1934,2025-03-06,Growth,Asia Pacific,Education,Organic,1,32,14,19.2,0,0,0,129,30.5,13.65,19.2,0,573,30.5,13.65,573.0
1935,2025-11-10,Growth,North America,Retail,Paid Search,1,30,31,37.81818181818182,2,0,0,129,31.545454545454547,27.454545454545453,37.81818181818182,2,324,31.545454545454547,27.454545454545453,324.0
1936,2026-01-20,Growth,Asia Pacific,Education,Paid Search,0,22,11,73.55555555555556,4,0,0,129,22.555555555555557,9.666666666666666,73.55555555555556,4,253,22.555555555555557,9.666666666666666,253.0
1937,2025-12-13,Growth,Latin America,Healthcare,Referral,1,65,20,64.9,2,0,0,129,68.4,16.3,64.9,2,291,68.4,16.3,291.0
1938,2026-01-23,Starter,Latin America,Retail,Partner,0,34,10,64.88888888888889,3,0,0,49,32.111111111111114,9.555555555555555,64.88888888888889,3,250,32.111111111111114,9.555555555555555,250.0
1939,2025-11-29,Enterprise,Latin America,Education,Organic,1,23,20,34.63636363636363,0,0,0,399,22.363636363636363,18.363636363636363,34.63636363636363,0,305,22.363636363636363,18.363636363636363,305.0
1940,2025-10-12,Starter,Asia Pacific,Finance,Paid Search,0,66,35,16.25,0,0,0,49,62.333333333333336,33.666666666666664,16.25,0,353,62.333333333333336,33.666666666666664,353.0
1941,2025-05-09,Growth,Europe,SaaS,Organic,1,58,17,53.11764705882353,0,0,0,129,60.0,17.11764705882353,53.11764705882353,0,509,60.0,17.11764705882353,509.0
1942,2026-03-22,Starter,North America,SaaS,Organic,1,37,15,39.857142857142854,0,0,0,49,39.42857142857143,17.142857142857142,39.857142857142854,0,192,39.42857142857143,17.142857142857142,192.0
1943,2026-03-23,Enterprise,Europe,Finance,Partner,1,74,28,69.0,1,0,0,399,71.28571428571429,33.0,69.0,1,191,71.28571428571429,33.0,191.0
1944,2025-11-10,Growth,Europe,Manufacturing,Referral,1,75,16,49.18181818181818,4,0,0,129,77.54545454545455,15.545454545454545,49.18181818181818,4,324,77.54545454545455,15.545454545454545,324.0
1945,2026-04-14,Starter,Latin America,Retail,Partner,1,58,23,34.666666666666664,0,0,0,49,58.833333333333336,24.166666666666668,34.666666666666664,0,169,58.833333333333336,24.166666666666668,169.0
1946,2025-07-30,Starter,North America,Healthcare,Referral,1,19,2,27.4,5,0,0,49,17.466666666666665,1.4666666666666666,27.4,5,427,17.466666666666665,1.4666666666666666,427.0
1947,2025-01-22,Growth,North America,Finance,Partner,1,38,18,78.04761904761905,3,0,0,129,38.04761904761905,17.80952380952381,78.04761904761905,3,616,38.04761904761905,17.80952380952381,616.0
1948,2026-01-07,Starter,Europe,SaaS,Outbound Sales,1,58,18,65.77777777777777,3,0,0,49,60.666666666666664,18.333333333333332,65.77777777777777,3,266,60.666666666666664,18.333333333333332,266.0
1949,2025-01-18,Starter,Asia Pacific,Education,Partner,1,30,12,55.0,2,0,0,49,30.476190476190474,11.047619047619047,55.0,2,620,30.476190476190474,11.047619047619047,620.0
1950,2026-01-13,Growth,Asia Pacific,Finance,Outbound Sales,1,31,26,70.33333333333333,3,0,0,129,34.44444444444444,25.555555555555557,70.33333333333333,3,260,34.44444444444444,25.555555555555557,260.0
1951,2026-07-08,Enterprise,North America,Finance,Partner,1,6,23,18.666666666666668,3,0,0,399,6.0,22.333333333333332,18.666666666666668,3,84,6.0,22.333333333333332,84.0
1952,2025-05-02,Growth,North America,Retail,Outbound Sales,1,34,13,28.61111111111111,1,0,0,129,32.0,11.777777777777779,28.61111111111111,1,516,32.0,11.777777777777779,516.0
1953,2026-05-11,Starter,North America,Manufacturing,Outbound Sales,0,49,15,55.6,2,0,0,49,45.8,15.6,55.6,2,142,45.8,15.6,142.0
1954,2025-08-26,Starter,North America,Retail,Partner,0,45,24,56.714285714285715,0,0,0,49,45.57142857142857,23.928571428571427,56.714285714285715,0,400,45.57142857142857,23.928571428571427,400.0
1955,2025-09-23,Starter,Asia Pacific,Finance,Partner,1,46,10,68.6923076923077,0,0,0,49,47.61538461538461,8.923076923076923,68.6923076923077,0,372,47.61538461538461,8.923076923076923,372.0
1956,2025-02-12,Enterprise,Latin America,SaaS,Organic,0,47,24,70.85,2,0,0,399,46.95,22.4,70.85,2,595,46.95,22.4,595.0
1957,2025-01-19,Growth,North America,Education,Organic,1,35,14,61.61904761904762,0,0,0,129,36.76190476190476,13.047619047619047,61.61904761904762,0,619,36.76190476190476,13.047619047619047,619.0
1958,2025-09-30,Enterprise,Latin America,Healthcare,Referral,1,64,13,83.23076923076923,0,0,0,399,64.46153846153847,11.461538461538462,83.23076923076923,0,365,64.46153846153847,11.461538461538462,365.0
1959,2026-09-06,Starter,North America,Education,Organic,1,56,15,42.0,0,0,0,49,68.0,16.0,42.0,0,24,68.0,16.0,24.0
1960,2025-08-28,Growth,Asia Pacific,Manufacturing,Organic,1,63,10,88.14285714285714,0,0,0,129,61.92857142857143,10.5,88.14285714285714,0,398,61.92857142857143,10.5,398.0
1961,2025-09-08,Starter,North America,Education,Partner,0,13,21,80.3076923076923,1,0,0,49,12.384615384615385,21.076923076923077,80.3076923076923,1,387,12.384615384615385,21.076923076923077,387.0
1962,2026-01-29,Starter,North America,Healthcare,Partner,1,28,1,56.22222222222222,0,1,2026-08-01 00:00:00,49,26.77777777777778,0.3333333333333333,56.22222222222222,0,244,26.77777777777778,0.3333333333333333,184.0
1963,2026-01-09,Starter,Latin America,SaaS,Organic,1,83,23,75.0,1,0,0,49,81.44444444444444,22.666666666666668,75.0,1,264,81.44444444444444,22.666666666666668,264.0
1964,2025-04-18,Growth,Asia Pacific,Retail,Outbound Sales,1,46,14,30.333333333333332,1,0,0,129,43.611111111111114,13.0,30.333333333333332,1,530,43.611111111111114,13.0,530.0
1965,2026-01-27,Starter,Latin America,Education,Partner,1,44,9,49.888888888888886,0,0,0,49,48.111111111111114,7.666666666666667,49.888888888888886,0,246,48.111111111111114,7.666666666666667,246.0
1966,2025-10-24,Starter,Asia Pacific,Finance,Organic,1,68,6,60.333333333333336,0,0,0,49,62.416666666666664,6.5,60.333333333333336,0,341,62.416666666666664,6.5,341.0
1967,2026-01-30,Enterprise,North America,SaaS,Partner,0,47,15,91.0,0,0,0,399,46.0,13.555555555555555,91.0,0,243,46.0,13.555555555555555,243.0
1968,2024-12-12,Enterprise,Latin America,Retail,Partner,0,75,13,66.5909090909091,2,0,0,399,74.04545454545455,12.272727272727273,66.5909090909091,2,657,74.04545454545455,12.272727272727273,657.0
1969,2025-10-26,Enterprise,Latin America,Finance,Partner,0,46,1,85.58333333333333,1,0,0,399,46.166666666666664,0.4166666666666667,85.58333333333333,1,339,46.166666666666664,0.4166666666666667,339.0
1970,2026-07-21,Enterprise,Europe,Education,Outbound Sales,1,36,24,52.666666666666664,0,0,0,399,36.0,27.666666666666668,52.666666666666664,0,71,36.0,27.666666666666668,71.0
1971,2026-01-18,Starter,Latin America,Healthcare,Referral,1,68,5,76.66666666666667,0,0,0,49,63.666666666666664,4.444444444444445,76.66666666666667,0,255,63.666666666666664,4.444444444444445,255.0
1972,2025-08-07,Starter,North America,Healthcare,Partner,1,24,32,25.571428571428573,0,0,0,49,24.571428571428573,30.142857142857142,25.571428571428573,0,419,24.571428571428573,30.142857142857142,419.0
1973,2026-08-15,Growth,North America,Retail,Paid Search,0,66,16,34.5,0,0,0,129,72.0,16.0,34.5,0,46,72.0,16.0,46.0
1974,2024-12-27,Growth,Latin America,Retail,Organic,1,55,7,76.5,2,0,0,129,55.13636363636363,6.181818181818182,76.5,2,642,55.13636363636363,6.181818181818182,642.0
1975,2025-01-14,Growth,Asia Pacific,Retail,Organic,1,60,18,66.33333333333333,0,0,0,129,60.57142857142857,16.666666666666668,66.33333333333333,0,624,60.57142857142857,16.666666666666668,624.0
1976,2026-09-17,Starter,North America,SaaS,Organic,0,3,9,36.0,0,1,2026-09-30 00:00:00,49,3.0,8.0,36.0,0,13,3.0,8.0,13.0
1977,2026-08-13,Starter,Latin America,Healthcare,Organic,0,20,26,60.0,0,1,2026-09-24 00:00:00,49,20.5,26.5,60.0,0,48,20.5,26.5,42.0
1978,2025-11-06,Growth,Latin America,Retail,Referral,1,64,32,77.0,1,0,0,129,64.36363636363636,28.818181818181817,77.0,1,328,64.36363636363636,28.818181818181817,328.0
1979,2026-04-08,Starter,Latin America,Manufacturing,Paid Search,0,25,5,76.33333333333333,0,0,0,49,27.0,4.166666666666667,76.33333333333333,0,175,27.0,4.166666666666667,175.0
1980,2026-09-25,Starter,Latin America,Finance,Organic,1,78,20,56.0,0,0,0,49,66.0,17.0,56.0,0,5,66.0,17.0,5.0
1981,2025-04-11,Growth,Asia Pacific,Finance,Referral,1,54,13,36.388888888888886,0,0,0,129,51.388888888888886,12.277777777777779,36.388888888888886,0,537,51.388888888888886,12.277777777777779,537.0
1982,2024-11-30,Starter,Europe,Finance,Outbound Sales,1,58,15,58.73913043478261,0,0,0,49,53.82608695652174,16.0,58.73913043478261,0,669,53.82608695652174,16.0,669.0
1983,2025-03-25,Growth,Latin America,Manufacturing,Outbound Sales,1,46,3,46.10526315789474,0,0,0,129,43.26315789473684,2.4210526315789473,46.10526315789474,0,554,43.26315789473684,2.4210526315789473,554.0
1984,2026-07-14,Starter,North America,Manufacturing,Outbound Sales,1,51,8,54.0,1,0,0,49,47.666666666666664,7.0,54.0,1,78,47.666666666666664,7.0,78.0
1985,2026-09-24,Starter,Asia Pacific,Healthcare,Paid Search,1,59,24,88.0,0,0,0,49,73.0,26.0,88.0,0,6,73.0,26.0,6.0
1986,2026-01-21,Starter,Europe,SaaS,Partner,1,42,22,39.888888888888886,1,0,0,49,41.55555555555556,22.444444444444443,39.888888888888886,1,252,41.55555555555556,22.444444444444443,252.0
1987,2024-12-04,Starter,Latin America,Education,Organic,1,89,18,66.1304347826087,1,0,0,49,86.91304347826087,17.26086956521739,66.1304347826087,1,665,86.91304347826087,17.26086956521739,665.0
1988,2025-03-08,Starter,North America,Finance,Outbound Sales,1,44,26,15.0,0,0,0,49,40.4,24.35,15.0,0,571,40.4,24.35,571.0
1989,2025-01-06,Starter,Europe,Retail,Referral,1,49,17,35.18181818181818,0,0,0,49,51.04545454545455,16.136363636363637,35.18181818181818,0,632,51.04545454545455,16.136363636363637,632.0
1990,2025-06-28,Enterprise,North America,SaaS,Partner,1,54,17,71.4375,0,0,0,399,56.0625,17.5,71.4375,0,459,56.0625,17.5,459.0
1991,2026-08-21,Enterprise,Europe,SaaS,Outbound Sales,1,70,4,59.0,0,0,0,399,89.5,4.0,59.0,0,40,89.5,4.0,40.0
1992,2025-11-09,Growth,Latin America,Finance,Organic,1,46,23,54.72727272727273,2,0,0,129,47.90909090909091,23.636363636363637,54.72727272727273,2,325,47.90909090909091,23.636363636363637,325.0
1993,2025-11-04,Growth,Europe,Manufacturing,Organic,1,59,13,62.583333333333336,0,0,0,129,53.583333333333336,13.333333333333334,62.583333333333336,0,330,53.583333333333336,13.333333333333334,330.0
1994,2025-11-26,Growth,Asia Pacific,Education,Outbound Sales,0,53,27,29.181818181818183,1,0,0,129,52.81818181818182,27.818181818181817,29.181818181818183,1,308,52.81818181818182,27.818181818181817,308.0
1995,2026-06-02,Starter,Latin America,Finance,Referral,1,22,31,76.2,3,0,0,49,22.8,25.8,76.2,3,120,22.8,25.8,120.0
1996,2024-12-02,Starter,Latin America,Healthcare,Organic,1,53,31,40.26086956521739,1,0,0,49,52.391304347826086,31.26086956521739,40.26086956521739,1,667,52.391304347826086,31.26086956521739,667.0
1997,2026-07-11,Growth,Asia Pacific,Healthcare,Outbound Sales,1,11,6,60.333333333333336,1,0,0,129,11.666666666666666,4.666666666666667,60.333333333333336,1,81,11.666666666666666,4.666666666666667,81.0
1998,2025-04-05,Growth,North America,Education,Outbound Sales,1,70,18,52.10526315789474,0,1,2026-04-17 00:00:00,129,67.63157894736842,19.105263157894736,52.10526315789474,0,543,67.63157894736842,19.105263157894736,377.0
1999,2026-02-02,Growth,Latin America,SaaS,Outbound Sales,1,47,32,79.0,0,0,0,129,47.111111111111114,31.555555555555557,79.0,0,240,47.111111111111114,31.555555555555557,240.0
2000,2025-11-13,Enterprise,Europe,Manufacturing,Paid Search,1,77,17,36.81818181818182,0,0,0,399,75.72727272727273,15.0,36.81818181818182,0,321,75.72727272727273,15.0,321.0
2001,2025-11-14,Growth,Europe,Finance,Partner,1,58,28,94.36363636363636,2,1,2026-07-29 00:00:00,129,59.18181818181818,28.545454545454547,94.36363636363636,2,320,59.18181818181818,28.545454545454547,257.0
2002,2025-01-16,Starter,North America,Healthcare,Referral,0,38,21,76.19047619047619,0,1,2025-12-05 00:00:00,49,39.57142857142857,21.333333333333332,76.19047619047619,0,622,39.57142857142857,21.333333333333332,323.0
2003,2025-03-19,Starter,North America,Education,Organic,1,13,16,49.8421052631579,1,0,0,49,12.31578947368421,16.789473684210527,49.8421052631579,1,560,12.31578947368421,16.789473684210527,560.0
2004,2026-04-25,Enterprise,Asia Pacific,Education,Partner,1,31,13,64.5,2,0,0,399,35.0,13.166666666666666,64.5,2,158,35.0,13.166666666666666,158.0
2005,2025-11-09,Growth,Europe,Education,Partner,1,48,14,21.0,0,0,0,129,49.81818181818182,12.181818181818182,21.0,0,325,49.81818181818182,12.181818181818182,325.0
2006,2025-12-11,Enterprise,Asia Pacific,Education,Referral,1,42,16,75.5,0,0,0,399,40.3,14.4,75.5,0,293,40.3,14.4,293.0
2007,2025-09-16,Growth,North America,Manufacturing,Partner,1,63,8,50.76923076923077,0,0,0,129,57.07692307692308,7.6923076923076925,50.76923076923077,0,379,57.07692307692308,7.6923076923076925,379.0
2008,2026-08-26,Starter,North America,Education,Referral,1,25,19,100.0,0,0,0,49,21.5,17.0,100.0,0,35,21.5,17.0,35.0
2009,2025-08-11,Growth,Latin America,Education,Organic,1,50,18,64.35714285714286,2,0,0,129,49.57142857142857,17.357142857142858,64.35714285714286,2,415,49.57142857142857,17.357142857142858,415.0
2010,2025-07-12,Starter,Latin America,SaaS,Referral,1,61,24,69.86666666666666,0,0,0,49,60.06666666666667,23.066666666666666,69.86666666666666,0,445,60.06666666666667,23.066666666666666,445.0
2011,2025-02-23,Enterprise,Latin America,Healthcare,Outbound Sales,1,78,18,76.75,0,0,0,399,77.5,17.35,76.75,0,584,77.5,17.35,584.0
2012,2024-11-25,Growth,Asia Pacific,Finance,Outbound Sales,1,47,33,53.17391304347826,1,0,0,129,46.82608695652174,30.608695652173914,53.17391304347826,1,674,46.82608695652174,30.608695652173914,674.0
2013,2025-05-08,Starter,North America,SaaS,Outbound Sales,0,43,23,18.27777777777778,1,1,2026-02-17 00:00:00,49,44.55555555555556,23.22222222222222,18.27777777777778,1,510,44.55555555555556,23.22222222222222,285.0
2014,2026-04-13,Starter,Asia Pacific,SaaS,Partner,1,45,15,84.83333333333333,2,0,0,49,44.166666666666664,13.333333333333334,84.83333333333333,2,170,44.166666666666664,13.333333333333334,170.0
2015,2025-11-30,Starter,Europe,Manufacturing,Referral,1,98,32,75.72727272727273,1,0,0,49,94.36363636363636,32.63636363636363,75.72727272727273,1,304,94.36363636363636,32.63636363636363,304.0
2016,2026-05-28,Enterprise,Europe,Retail,Partner,1,62,28,20.4,1,0,0,399,62.0,29.2,20.4,1,125,62.0,29.2,125.0
2017,2025-02-27,Starter,Latin America,Finance,Referral,0,41,5,71.0,4,0,0,49,40.65,4.55,71.0,4,580,40.65,4.55,580.0
2018,2025-07-25,Growth,Europe,Finance,Organic,1,40,17,52.6,2,0,0,129,40.06666666666667,16.933333333333334,52.6,2,432,40.06666666666667,16.933333333333334,432.0
2019,2025-07-23,Enterprise,Latin America,Manufacturing,Paid Search,1,37,24,51.4,2,0,0,399,36.53333333333333,24.0,51.4,2,434,36.53333333333333,24.0,434.0
2020,2026-01-29,Growth,Europe,SaaS,Outbound Sales,1,63,10,84.22222222222223,2,0,0,129,65.22222222222223,10.0,84.22222222222223,2,244,65.22222222222223,10.0,244.0
2021,2025-06-06,Growth,North America,Manufacturing,Organic,1,64,16,18.58823529411765,0,0,0,129,59.0,14.058823529411764,18.58823529411765,0,481,59.0,14.058823529411764,481.0
2022,2026-07-18,Starter,Europe,SaaS,Referral,0,66,17,97.0,6,0,0,49,66.66666666666667,13.333333333333334,97.0,6,74,66.66666666666667,13.333333333333334,74.0
2023,2025-08-18,Enterprise,Europe,SaaS,Paid Search,1,42,18,61.714285714285715,0,0,0,399,41.5,17.785714285714285,61.714285714285715,0,408,41.5,17.785714285714285,408.0
2024,2026-03-16,Growth,Europe,Manufacturing,Organic,1,56,7,39.142857142857146,0,1,2026-06-05 00:00:00,129,57.714285714285715,6.571428571428571,39.142857142857146,0,198,57.714285714285715,6.571428571428571,81.0
2025,2025-03-04,Growth,Latin America,Education,Paid Search,1,69,3,24.7,1,0,0,129,68.85,2.65,24.7,1,575,68.85,2.65,575.0
2026,2025-03-17,Growth,North America,Education,Organic,1,53,22,87.84210526315789,1,0,0,129,52.78947368421053,21.63157894736842,87.84210526315789,1,562,52.78947368421053,21.63157894736842,562.0
2027,2025-01-13,Starter,Latin America,Manufacturing,Partner,1,39,3,54.95238095238095,3,0,0,49,36.19047619047619,2.3333333333333335,54.95238095238095,3,625,36.19047619047619,2.3333333333333335,625.0
2028,2026-02-04,Starter,Latin America,Education,Organic,1,16,20,63.375,0,0,0,49,15.375,21.125,63.375,0,238,15.375,21.125,238.0
2029,2025-04-24,Enterprise,Asia Pacific,Education,Paid Search,0,19,15,29.555555555555557,0,0,0,399,17.555555555555557,14.055555555555555,29.555555555555557,0,524,17.555555555555557,14.055555555555555,524.0
2030,2026-01-28,Starter,Asia Pacific,Finance,Organic,1,14,20,87.22222222222223,0,0,0,49,13.555555555555555,20.77777777777778,87.22222222222223,0,245,13.555555555555555,20.77777777777778,245.0
2031,2025-01-27,Growth,North America,Manufacturing,Partner,1,56,4,44.23809523809524,1,0,0,129,56.142857142857146,3.380952380952381,44.23809523809524,1,611,56.142857142857146,3.380952380952381,611.0
2032,2026-09-28,Enterprise,North America,SaaS,Organic,1,36,23,35.0,1,0,0,399,30.0,21.0,35.0,1,2,30.0,21.0,2.0
2033,2025-09-22,Starter,North America,Manufacturing,Referral,1,41,25,86.38461538461539,0,1,2026-09-28 00:00:00,49,43.46153846153846,23.615384615384617,86.38461538461539,0,373,43.46153846153846,23.615384615384617,371.0
2034,2025-10-20,Growth,North America,Education,Outbound Sales,1,47,12,70.25,5,0,0,129,46.0,10.916666666666666,70.25,5,345,46.0,10.916666666666666,345.0
2035,2025-01-04,Enterprise,North America,Finance,Outbound Sales,0,75,25,44.59090909090909,0,0,0,399,76.36363636363636,21.772727272727273,44.59090909090909,0,634,76.36363636363636,21.772727272727273,634.0
2036,2026-05-16,Growth,Asia Pacific,Finance,Partner,1,39,21,89.0,5,0,0,129,39.6,23.2,89.0,5,137,39.6,23.2,137.0
2037,2026-05-08,Enterprise,Asia Pacific,Education,Paid Search,0,47,23,100.0,0,0,0,399,44.4,22.4,100.0,0,145,44.4,22.4,145.0
2038,2025-08-23,Enterprise,Europe,Manufacturing,Partner,0,3,22,77.92857142857143,3,0,0,399,2.357142857142857,22.214285714285715,77.92857142857143,3,403,2.357142857142857,22.214285714285715,403.0
2039,2025-09-02,Starter,North America,Healthcare,Paid Search,1,68,9,56.714285714285715,0,0,0,49,66.0,7.857142857142857,56.714285714285715,0,393,66.0,7.857142857142857,393.0
2040,2025-04-09,Starter,Latin America,Finance,Referral,1,50,14,80.05555555555556,0,0,0,49,50.05555555555556,13.944444444444445,80.05555555555556,0,539,50.05555555555556,13.944444444444445,539.0
2041,2026-08-14,Starter,North America,Education,Organic,0,60,10,58.5,1,0,0,49,46.0,9.5,58.5,1,47,46.0,9.5,47.0
2042,2025-04-26,Starter,Europe,Finance,Organic,1,16,15,40.77777777777778,4,0,0,49,15.166666666666666,15.38888888888889,40.77777777777778,4,522,15.166666666666666,15.38888888888889,522.0
2043,2025-11-04,Starter,Europe,SaaS,Partner,0,39,25,35.333333333333336,1,1,2026-08-21 00:00:00,49,40.416666666666664,27.333333333333332,35.333333333333336,1,330,40.416666666666664,27.333333333333332,290.0
2044,2025-06-16,Starter,Europe,Healthcare,Paid Search,0,61,14,57.4375,1,0,0,49,62.375,13.25,57.4375,1,471,62.375,13.25,471.0
2045,2025-03-03,Starter,North America,SaaS,Paid Search,0,37,15,11.4,2,0,0,49,37.1,13.7,11.4,2,576,37.1,13.7,576.0
2046,2025-05-23,Enterprise,Europe,Education,Partner,1,0,14,37.35294117647059,6,1,2026-08-01 00:00:00,399,0.0,13.352941176470589,37.35294117647059,6,495,0.0,13.352941176470589,435.0
2047,2025-03-21,Enterprise,Asia Pacific,SaaS,Referral,0,32,13,57.421052631578945,1,0,0,399,29.526315789473685,11.421052631578947,57.421052631578945,1,558,29.526315789473685,11.421052631578947,558.0
2048,2025-06-29,Starter,Europe,Healthcare,Referral,1,40,15,53.5625,0,0,0,49,37.9375,15.875,53.5625,0,458,37.9375,15.875,458.0
2049,2026-03-19,Enterprise,North America,Education,Partner,1,29,18,67.85714285714286,2,0,0,399,28.857142857142858,21.285714285714285,67.85714285714286,2,195,28.857142857142858,21.285714285714285,195.0
2050,2024-11-25,Starter,North America,Healthcare,Organic,1,63,16,43.65217391304348,0,0,0,49,61.78260869565217,16.217391304347824,43.65217391304348,0,674,61.78260869565217,16.217391304347824,674.0
2051,2025-11-03,Enterprise,Europe,Manufacturing,Partner,1,75,29,77.75,0,1,2026-09-12 00:00:00,399,70.08333333333333,29.916666666666668,77.75,0,331,70.08333333333333,29.916666666666668,313.0
2052,2026-06-08,Starter,Latin America,SaaS,Organic,0,102,23,48.5,0,0,0,49,94.0,25.5,48.5,0,114,94.0,25.5,114.0
2053,2025-11-11,Growth,Latin America,Healthcare,Organic,1,32,4,28.272727272727273,0,0,0,129,31.545454545454547,3.272727272727273,28.272727272727273,0,323,31.545454545454547,3.272727272727273,323.0
2054,2026-02-20,Growth,North America,Finance,Organic,0,57,13,75.0,5,0,0,129,55.5,12.375,75.0,5,222,55.5,12.375,222.0
2055,2026-05-17,Enterprise,Europe,Retail,Partner,1,46,19,65.2,0,0,0,399,46.4,18.2,65.2,0,136,46.4,18.2,136.0
2056,2025-03-11,Starter,North America,Manufacturing,Paid Search,0,70,27,75.42105263157895,0,0,0,49,70.52631578947368,24.842105263157894,75.42105263157895,0,568,70.52631578947368,24.842105263157894,568.0
2057,2026-07-18,Enterprise,Asia Pacific,Manufacturing,Partner,0,35,30,39.666666666666664,7,0,0,399,33.666666666666664,26.333333333333332,39.666666666666664,7,74,33.666666666666664,26.333333333333332,74.0
2058,2025-01-26,Enterprise,Latin America,Education,Referral,0,41,12,82.19047619047619,0,0,0,399,40.476190476190474,10.904761904761905,82.19047619047619,0,612,40.476190476190474,10.904761904761905,612.0
2059,2025-01-05,Starter,Latin America,Healthcare,Paid Search,0,59,12,44.45454545454545,0,0,0,49,58.13636363636363,10.590909090909092,44.45454545454545,0,633,58.13636363636363,10.590909090909092,633.0
2060,2025-09-11,Starter,North America,Manufacturing,Outbound Sales,1,14,34,84.61538461538461,1,0,0,49,13.76923076923077,29.076923076923077,84.61538461538461,1,384,13.76923076923077,29.076923076923077,384.0
2061,2025-12-11,Growth,Asia Pacific,Finance,Organic,0,82,9,78.0,0,0,0,129,88.3,8.8,78.0,0,293,88.3,8.8,293.0
2062,2026-03-04,Growth,Latin America,Education,Referral,0,66,28,12.375,5,0,0,129,71.875,31.0,12.375,5,210,71.875,31.0,210.0
2063,2026-04-21,Starter,Latin America,Manufacturing,Outbound Sales,0,53,32,30.166666666666668,1,0,0,49,51.0,31.166666666666668,30.166666666666668,1,162,51.0,31.166666666666668,162.0
2064,2025-12-24,Growth,Asia Pacific,Education,Partner,1,37,8,79.6,0,0,0,129,40.3,7.2,79.6,0,280,40.3,7.2,280.0
2065,2025-12-23,Starter,Latin America,Retail,Referral,1,48,17,44.2,3,0,0,49,52.4,17.9,44.2,3,281,52.4,17.9,281.0
2066,2026-06-10,Growth,Europe,Retail,Partner,1,45,2,46.5,2,0,0,129,51.0,1.5,46.5,2,112,51.0,1.5,112.0
2067,2025-01-13,Starter,North America,SaaS,Paid Search,1,45,6,28.666666666666668,1,0,0,49,44.523809523809526,5.714285714285714,28.666666666666668,1,625,44.523809523809526,5.714285714285714,625.0
2068,2025-03-07,Starter,Asia Pacific,Finance,Outbound Sales,1,45,35,55.5,2,0,0,49,46.55,34.8,55.5,2,572,46.55,34.8,572.0
2069,2025-09-19,Enterprise,Asia Pacific,SaaS,Outbound Sales,1,74,13,51.15384615384615,0,0,0,399,72.07692307692308,11.923076923076923,51.15384615384615,0,376,72.07692307692308,11.923076923076923,376.0
2070,2026-08-18,Growth,North America,Education,Organic,1,37,28,40.5,4,0,0,129,35.0,32.5,40.5,4,43,35.0,32.5,43.0
2071,2025-01-13,Enterprise,Europe,Healthcare,Outbound Sales,1,30,15,78.23809523809524,2,0,0,399,28.523809523809526,14.095238095238095,78.23809523809524,2,625,28.523809523809526,14.095238095238095,625.0
2072,2026-02-02,Starter,Europe,Retail,Referral,0,67,17,86.11111111111111,0,0,0,49,63.77777777777778,19.555555555555557,86.11111111111111,0,240,63.77777777777778,19.555555555555557,240.0
2073,2026-02-19,Growth,North America,Education,Referral,1,6,27,36.25,0,0,0,129,5.125,23.625,36.25,0,223,5.125,23.625,223.0
2074,2026-09-26,Growth,North America,Manufacturing,Paid Search,1,69,20,52.0,0,0,0,129,79.0,19.0,52.0,0,4,79.0,19.0,4.0
2075,2026-04-12,Starter,North America,Manufacturing,Organic,1,33,28,33.5,2,0,0,49,30.5,28.333333333333332,33.5,2,171,30.5,28.333333333333332,171.0
2076,2025-10-17,Growth,Europe,Healthcare,Organic,1,29,14,56.0,0,0,0,129,25.5,14.916666666666666,56.0,0,348,25.5,14.916666666666666,348.0
2077,2025-03-10,Growth,North America,Retail,Paid Search,1,40,13,35.68421052631579,0,0,0,129,43.73684210526316,11.578947368421053,35.68421052631579,0,569,43.73684210526316,11.578947368421053,569.0
2078,2026-05-17,Starter,North America,Education,Paid Search,1,42,21,71.0,0,0,0,49,41.0,18.4,71.0,0,136,41.0,18.4,136.0
2079,2026-08-16,Growth,Asia Pacific,Manufacturing,Partner,1,35,12,90.0,2,0,0,129,39.5,12.5,90.0,2,45,39.5,12.5,45.0
2080,2026-06-23,Enterprise,North America,Healthcare,Outbound Sales,0,47,31,46.75,0,0,0,399,49.75,32.25,46.75,0,99,49.75,32.25,99.0
2081,2025-05-04,Growth,Latin America,Finance,Partner,1,75,17,57.94444444444444,1,0,0,129,69.83333333333333,15.0,57.94444444444444,1,514,69.83333333333333,15.0,514.0
2082,2025-03-11,Enterprise,Latin America,Manufacturing,Outbound Sales,1,59,32,45.473684210526315,2,0,0,399,56.578947368421055,30.105263157894736,45.473684210526315,2,568,56.578947368421055,30.105263157894736,568.0
2083,2026-01-16,Starter,Europe,SaaS,Organic,1,62,14,42.111111111111114,2,1,2026-06-23 00:00:00,49,61.888888888888886,14.555555555555555,42.111111111111114,2,257,61.888888888888886,14.555555555555555,158.0
2084,2024-12-25,Growth,North America,Finance,Partner,1,63,23,66.36363636363636,0,0,0,129,66.81818181818181,21.772727272727273,66.36363636363636,0,644,66.81818181818181,21.772727272727273,644.0
2085,2025-03-06,Starter,Asia Pacific,Education,Outbound Sales,1,43,10,58.35,4,0,0,49,41.6,9.6,58.35,4,573,41.6,9.6,573.0
2086,2026-04-13,Starter,North America,Education,Organic,1,21,19,82.0,1,0,0,49,20.5,19.833333333333332,82.0,1,170,20.5,19.833333333333332,170.0
2087,2025-04-04,Growth,Europe,Education,Partner,1,31,20,51.526315789473685,4,0,0,129,29.736842105263158,18.36842105263158,51.526315789473685,4,544,29.736842105263158,18.36842105263158,544.0
2088,2025-09-06,Growth,North America,Finance,Paid Search,1,53,26,44.61538461538461,0,0,0,129,51.15384615384615,25.153846153846153,44.61538461538461,0,389,51.15384615384615,25.153846153846153,389.0
2089,2025-04-16,Growth,Asia Pacific,Healthcare,Paid Search,1,20,9,85.5,0,0,0,129,20.666666666666668,8.0,85.5,0,532,20.666666666666668,8.0,532.0
2090,2025-04-13,Growth,Asia Pacific,Education,Organic,0,50,29,91.83333333333333,0,0,0,129,48.388888888888886,29.555555555555557,91.83333333333333,0,535,48.388888888888886,29.555555555555557,535.0
2091,2025-09-25,Starter,North America,SaaS,Partner,1,48,33,76.53846153846153,3,0,0,49,52.76923076923077,33.61538461538461,76.53846153846153,3,370,52.76923076923077,33.61538461538461,370.0
2092,2025-06-17,Starter,Europe,Education,Paid Search,0,65,19,36.0,4,0,0,49,59.3125,18.5,36.0,4,470,59.3125,18.5,470.0
2093,2025-10-19,Growth,Europe,Finance,Outbound Sales,0,10,10,60.416666666666664,1,0,0,129,10.5,10.083333333333334,60.416666666666664,1,346,10.5,10.083333333333334,346.0
2094,2026-04-14,Starter,Europe,Retail,Outbound Sales,1,46,12,59.5,0,0,0,49,45.166666666666664,11.666666666666666,59.5,0,169,45.166666666666664,11.666666666666666,169.0
2095,2025-08-16,Growth,North America,Education,Organic,1,87,17,83.42857142857143,0,0,0,129,87.35714285714286,17.071428571428573,83.42857142857143,0,410,87.35714285714286,17.071428571428573,410.0
2096,2025-01-18,Growth,North America,Finance,Paid Search,1,50,4,77.38095238095238,2,0,0,129,47.857142857142854,3.8095238095238093,77.38095238095238,2,620,47.857142857142854,3.8095238095238093,620.0
2097,2025-07-13,Growth,North America,Manufacturing,Partner,1,28,11,50.8,4,0,0,129,30.533333333333335,10.066666666666666,50.8,4,444,30.533333333333335,10.066666666666666,444.0
2098,2025-05-19,Growth,Asia Pacific,Retail,Organic,1,56,8,67.52941176470588,0,0,0,129,52.94117647058823,6.9411764705882355,67.52941176470588,0,499,52.94117647058823,6.9411764705882355,499.0
2099,2026-08-11,Starter,Asia Pacific,Finance,Partner,0,32,24,54.0,3,0,0,49,28.0,19.0,54.0,3,50,28.0,19.0,50.0
2100,2026-05-17,Starter,North America,SaaS,Paid Search,0,60,14,61.0,0,0,0,49,58.0,14.4,61.0,0,136,58.0,14.4,136.0
2101,2025-08-07,Growth,Europe,SaaS,Referral,1,47,0,68.07142857142857,1,0,0,129,44.92857142857143,0.0,68.07142857142857,1,419,44.92857142857143,0.0,419.0
2102,2025-03-07,Starter,Asia Pacific,SaaS,Outbound Sales,0,34,14,48.8,3,0,0,49,32.85,13.05,48.8,3,572,32.85,13.05,572.0
2103,2026-08-01,Growth,Europe,Healthcare,Partner,1,18,12,91.66666666666667,5,0,0,129,17.666666666666668,11.666666666666666,91.66666666666667,5,60,17.666666666666668,11.666666666666666,60.0
2104,2025-09-05,Growth,North America,SaaS,Outbound Sales,0,56,20,88.64285714285714,0,0,0,129,57.714285714285715,21.714285714285715,88.64285714285714,0,390,57.714285714285715,21.714285714285715,390.0
2105,2026-07-21,Enterprise,Asia Pacific,SaaS,Referral,1,41,28,37.666666666666664,4,0,0,399,41.333333333333336,33.0,37.666666666666664,4,71,41.333333333333336,33.0,71.0
2106,2026-04-29,Starter,Latin America,Healthcare,Outbound Sales,1,26,18,36.833333333333336,0,0,0,49,27.666666666666668,15.0,36.833333333333336,0,154,27.666666666666668,15.0,154.0
2107,2025-02-02,Starter,North America,Education,Referral,1,24,30,54.0,2,0,0,49,23.095238095238095,29.38095238095238,54.0,2,605,23.095238095238095,29.38095238095238,605.0
2108,2026-03-28,Growth,Asia Pacific,Education,Partner,0,80,16,68.28571428571429,0,0,0,129,74.85714285714286,16.142857142857142,68.28571428571429,0,186,74.85714285714286,16.142857142857142,186.0
2109,2026-08-17,Starter,Europe,Finance,Paid Search,1,44,14,54.0,0,0,0,49,35.5,10.5,54.0,0,44,35.5,10.5,44.0
2110,2025-04-20,Starter,Europe,Healthcare,Referral,1,35,12,65.72222222222223,1,0,0,49,32.22222222222222,11.5,65.72222222222223,1,528,32.22222222222222,11.5,528.0
2111,2026-06-28,Growth,Latin America,Finance,Organic,1,53,15,92.75,1,0,0,129,50.75,12.0,92.75,1,94,50.75,12.0,94.0
2112,2026-06-16,Growth,Latin America,Finance,Paid Search,1,55,31,46.5,0,0,0,129,58.0,37.75,46.5,0,106,58.0,37.75,106.0
2113,2025-04-05,Starter,Asia Pacific,Finance,Referral,1,39,15,53.73684210526316,3,0,0,49,41.473684210526315,14.947368421052632,53.73684210526316,3,543,41.473684210526315,14.947368421052632,543.0
2114,2025-04-23,Starter,Europe,Finance,Outbound Sales,1,67,26,87.16666666666667,0,0,0,49,68.61111111111111,25.88888888888889,87.16666666666667,0,525,68.61111111111111,25.88888888888889,525.0
2115,2026-09-04,Starter,Europe,Finance,Partner,1,33,27,36.0,1,0,0,49,38.0,31.0,36.0,1,26,38.0,31.0,26.0
2116,2026-07-31,Starter,Europe,Finance,Partner,1,76,24,48.0,0,0,0,49,82.66666666666667,24.0,48.0,0,61,82.66666666666667,24.0,61.0
2117,2026-07-11,Growth,Europe,Healthcare,Partner,0,34,25,45.333333333333336,0,0,0,129,36.333333333333336,19.666666666666668,45.333333333333336,0,81,36.333333333333336,19.666666666666668,81.0
2118,2025-10-10,Starter,Asia Pacific,Education,Partner,1,78,26,73.5,0,0,0,49,78.75,23.916666666666668,73.5,0,355,78.75,23.916666666666668,355.0
2119,2026-05-30,Starter,North America,SaaS,Referral,1,34,6,82.2,0,0,0,49,35.2,6.0,82.2,0,123,35.2,6.0,123.0
2120,2024-12-11,Starter,Europe,SaaS,Referral,1,28,28,67.81818181818181,0,0,0,49,28.454545454545453,27.363636363636363,67.81818181818181,0,658,28.454545454545453,27.363636363636363,658.0
2121,2024-11-28,Growth,Latin America,SaaS,Paid Search,1,37,20,45.82608695652174,1,0,0,129,34.869565217391305,20.565217391304348,45.82608695652174,1,671,34.869565217391305,20.565217391304348,671.0
2122,2025-01-21,Starter,Asia Pacific,Retail,Outbound Sales,1,34,21,37.04761904761905,2,0,0,49,31.904761904761905,20.0,37.04761904761905,2,617,31.904761904761905,20.0,617.0
2123,2024-12-15,Enterprise,Latin America,Healthcare,Referral,1,57,26,55.0,1,0,0,399,57.04545454545455,26.40909090909091,55.0,1,654,57.04545454545455,26.40909090909091,654.0
2124,2026-08-17,Starter,North America,Retail,Partner,0,49,15,55.5,3,0,0,49,52.5,13.0,55.5,3,44,52.5,13.0,44.0
2125,2026-06-12,Enterprise,North America,Education,Referral,1,18,16,39.25,1,0,0,399,17.0,13.75,39.25,1,110,17.0,13.75,110.0
2126,2025-07-28,Enterprise,Latin America,Education,Paid Search,0,32,20,28.4,3,0,0,399,31.733333333333334,19.2,28.4,3,429,31.733333333333334,19.2,429.0
2127,2026-08-27,Growth,North America,SaaS,Outbound Sales,1,48,25,61.5,0,0,0,129,54.0,28.0,61.5,0,34,54.0,28.0,34.0
2128,2025-06-02,Enterprise,Asia Pacific,Finance,Organic,1,44,32,71.94117647058823,1,0,0,399,43.529411764705884,30.352941176470587,71.94117647058823,1,485,43.529411764705884,30.352941176470587,485.0
2129,2026-06-07,Growth,Europe,Finance,Referral,0,28,32,86.5,0,0,0,129,29.75,33.0,86.5,0,115,29.75,33.0,115.0
2130,2025-12-30,Growth,Asia Pacific,SaaS,Partner,0,37,26,82.4,1,0,0,129,35.3,23.7,82.4,1,274,35.3,23.7,274.0
2131,2026-07-24,Starter,North America,Retail,Referral,1,55,12,82.33333333333333,4,0,0,49,56.333333333333336,9.333333333333334,82.33333333333333,4,68,56.333333333333336,9.333333333333334,68.0
2132,2026-08-15,Starter,Europe,Finance,Organic,0,50,27,70.0,0,0,0,49,47.0,20.0,70.0,0,46,47.0,20.0,46.0
2133,2024-11-30,Growth,Asia Pacific,Finance,Outbound Sales,0,22,22,71.52173913043478,1,0,0,129,20.782608695652176,21.434782608695652,71.52173913043478,1,669,20.782608695652176,21.434782608695652,669.0
2134,2026-03-23,Starter,North America,SaaS,Referral,1,44,5,64.57142857142857,0,1,2026-09-29 00:00:00,49,48.714285714285715,4.142857142857143,64.57142857142857,0,191,48.714285714285715,4.142857142857143,190.0
2135,2026-05-11,Growth,Europe,Healthcare,Organic,1,0,15,90.2,2,0,0,129,0.0,13.6,90.2,2,142,0.0,13.6,142.0
2136,2025-08-22,Growth,Europe,Retail,Outbound Sales,0,36,17,65.5,0,0,0,129,33.785714285714285,15.928571428571429,65.5,0,404,33.785714285714285,15.928571428571429,404.0
2137,2026-08-18,Starter,Latin America,Retail,Paid Search,0,23,22,0.0,4,0,0,49,26.0,26.5,0.0,4,43,26.0,26.5,43.0
2138,2025-09-04,Starter,Latin America,Finance,Referral,0,11,26,30.785714285714285,0,0,0,49,10.642857142857142,24.714285714285715,30.785714285714285,0,391,10.642857142857142,24.714285714285715,391.0
2139,2026-03-08,Enterprise,Europe,Retail,Referral,1,101,14,87.42857142857143,2,0,0,399,94.14285714285714,13.142857142857142,87.42857142857143,2,206,94.14285714285714,13.142857142857142,206.0
2140,2025-07-07,Enterprise,North America,Healthcare,Paid Search,1,37,18,57.0,1,0,0,399,36.0625,15.75,57.0,1,450,36.0625,15.75,450.0
2141,2025-12-19,Growth,North America,SaaS,Organic,1,49,26,53.0,3,0,0,129,45.3,28.0,53.0,3,285,45.3,28.0,285.0
2142,2025-08-30,Enterprise,Asia Pacific,Healthcare,Outbound Sales,1,54,28,33.357142857142854,3,0,0,399,54.57142857142857,29.214285714285715,33.357142857142854,3,396,54.57142857142857,29.214285714285715,396.0
2143,2026-02-06,Growth,Latin America,Healthcare,Organic,1,46,9,21.5,2,0,0,129,45.25,8.625,21.5,2,236,45.25,8.625,236.0
2144,2025-01-12,Starter,North America,Manufacturing,Paid Search,1,0,17,45.95238095238095,2,0,0,49,0.0,15.476190476190476,45.95238095238095,2,626,0.0,15.476190476190476,626.0
2145,2024-12-30,Growth,Latin America,SaaS,Partner,0,55,20,79.0909090909091,0,0,0,129,52.86363636363637,19.09090909090909,79.0909090909091,0,639,52.86363636363637,19.09090909090909,639.0
2146,2025-04-09,Starter,North America,Healthcare,Outbound Sales,1,63,25,44.72222222222222,0,0,0,49,62.27777777777778,22.0,44.72222222222222,0,539,62.27777777777778,22.0,539.0
2147,2026-01-23,Growth,Latin America,Finance,Outbound Sales,0,37,30,78.44444444444444,2,0,0,129,35.44444444444444,29.333333333333332,78.44444444444444,2,250,35.44444444444444,29.333333333333332,250.0
2148,2025-12-29,Starter,Latin America,Manufacturing,Paid Search,1,39,30,37.0,2,0,0,49,37.5,30.6,37.0,2,275,37.5,30.6,275.0
2149,2026-03-09,Growth,Europe,SaaS,Outbound Sales,0,52,19,83.28571428571429,1,0,0,129,58.857142857142854,21.428571428571427,83.28571428571429,1,205,58.857142857142854,21.428571428571427,205.0
2150,2026-02-17,Growth,Asia Pacific,Manufacturing,Paid Search,0,17,8,93.375,3,0,0,129,16.25,8.125,93.375,3,225,16.25,8.125,225.0
2151,2025-05-26,Enterprise,North America,Manufacturing,Paid Search,1,35,13,27.823529411764707,6,0,0,399,36.23529411764706,11.529411764705882,27.823529411764707,6,492,36.23529411764706,11.529411764705882,492.0
2152,2025-10-13,Enterprise,Asia Pacific,Finance,Referral,1,19,19,67.25,0,0,0,399,18.25,20.333333333333332,67.25,0,352,18.25,20.333333333333332,352.0
2153,2026-07-13,Starter,Latin America,Healthcare,Partner,1,64,21,67.33333333333333,0,0,0,49,64.66666666666667,19.0,67.33333333333333,0,79,64.66666666666667,19.0,79.0
2154,2025-03-26,Growth,Asia Pacific,Retail,Partner,0,38,34,37.63157894736842,0,0,0,129,37.78947368421053,32.78947368421053,37.63157894736842,0,553,37.78947368421053,32.78947368421053,553.0
2155,2025-09-15,Enterprise,North America,Education,Partner,1,35,11,58.84615384615385,0,0,0,399,35.30769230769231,9.307692307692308,58.84615384615385,0,380,35.30769230769231,9.307692307692308,380.0
2156,2025-09-21,Starter,Europe,SaaS,Outbound Sales,1,72,9,38.92307692307692,0,0,0,49,76.76923076923077,8.076923076923077,38.92307692307692,0,374,76.76923076923077,8.076923076923077,374.0
2157,2025-10-18,Enterprise,Asia Pacific,Finance,Partner,1,33,13,57.666666666666664,0,0,0,399,32.833333333333336,12.0,57.666666666666664,0,347,32.833333333333336,12.0,347.0
2158,2025-12-12,Starter,Asia Pacific,Education,Referral,1,5,21,66.7,2,0,0,49,4.1,21.7,66.7,2,292,4.1,21.7,292.0
2159,2025-03-12,Starter,Asia Pacific,Healthcare,Outbound Sales,1,21,32,77.15789473684211,0,0,0,49,21.68421052631579,29.105263157894736,77.15789473684211,0,567,21.68421052631579,29.105263157894736,567.0
2160,2025-11-13,Growth,Europe,Retail,Referral,0,48,26,61.54545454545455,2,0,0,129,49.63636363636363,25.90909090909091,61.54545454545455,2,321,49.63636363636363,25.90909090909091,321.0
2161,2026-04-10,Enterprise,Asia Pacific,Retail,Partner,1,56,25,77.66666666666667,2,0,0,399,53.5,25.833333333333332,77.66666666666667,2,173,53.5,25.833333333333332,173.0
2162,2026-05-28,Enterprise,Asia Pacific,Finance,Organic,0,26,26,79.2,2,1,2026-07-10 00:00:00,399,27.2,29.0,79.2,2,125,27.2,29.0,43.0
2163,2025-09-21,Growth,North America,Healthcare,Paid Search,1,28,24,66.15384615384616,3,0,0,129,28.23076923076923,21.23076923076923,66.15384615384616,3,374,28.23076923076923,21.23076923076923,374.0
2164,2025-07-04,Growth,North America,Education,Partner,1,24,12,41.25,0,0,0,129,21.0625,11.3125,41.25,0,453,21.0625,11.3125,453.0
2165,2026-02-19,Starter,Europe,Education,Outbound Sales,1,53,18,75.75,0,0,0,49,51.5,16.875,75.75,0,223,51.5,16.875,223.0
2166,2025-03-04,Enterprise,Asia Pacific,Education,Partner,1,51,20,61.3,0,0,0,399,52.0,18.25,61.3,0,575,52.0,18.25,575.0
2167,2025-07-30,Growth,North America,Education,Referral,0,44,19,51.333333333333336,0,0,0,129,42.4,18.0,51.333333333333336,0,427,42.4,18.0,427.0
2168,2026-02-02,Starter,Asia Pacific,Healthcare,Partner,0,24,23,21.22222222222222,0,0,0,49,23.444444444444443,21.555555555555557,21.22222222222222,0,240,23.444444444444443,21.555555555555557,240.0
2169,2025-07-10,Starter,Asia Pacific,Finance,Outbound Sales,1,2,24,59.13333333333333,0,0,0,49,1.6,21.533333333333335,59.13333333333333,0,447,1.6,21.533333333333335,447.0
2170,2025-03-23,Starter,Asia Pacific,Manufacturing,Referral,0,52,20,18.42105263157895,2,0,0,49,50.36842105263158,19.789473684210527,18.42105263157895,2,556,50.36842105263158,19.789473684210527,556.0
2171,2025-02-06,Starter,Latin America,Education,Partner,1,43,16,43.76190476190476,0,0,0,49,43.142857142857146,15.380952380952381,43.76190476190476,0,601,43.142857142857146,15.380952380952381,601.0
2172,2024-12-20,Starter,Europe,Manufacturing,Paid Search,0,27,25,55.90909090909091,0,0,0,49,26.0,22.863636363636363,55.90909090909091,0,649,26.0,22.863636363636363,649.0
2173,2025-08-23,Growth,Asia Pacific,Education,Partner,1,78,3,78.14285714285714,1,0,0,129,80.71428571428571,2.857142857142857,78.14285714285714,1,403,80.71428571428571,2.857142857142857,403.0
2174,2025-11-27,Growth,Asia Pacific,Finance,Partner,0,49,13,93.63636363636364,0,0,0,129,47.72727272727273,13.636363636363637,93.63636363636364,0,307,47.72727272727273,13.636363636363637,307.0
2175,2026-07-22,Starter,Asia Pacific,Healthcare,Organic,1,54,14,74.66666666666667,1,0,0,49,54.0,11.333333333333334,74.66666666666667,1,70,54.0,11.333333333333334,70.0
2176,2026-01-01,Starter,Latin America,Finance,Paid Search,1,70,19,50.2,0,0,0,49,72.8,18.2,50.2,0,272,72.8,18.2,272.0
2177,2025-07-11,Starter,Europe,Finance,Paid Search,1,75,22,47.86666666666667,1,0,0,49,69.53333333333333,21.2,47.86666666666667,1,446,69.53333333333333,21.2,446.0
2178,2025-04-11,Starter,North America,Healthcare,Referral,0,72,23,82.33333333333333,4,0,0,49,74.94444444444444,24.055555555555557,82.33333333333333,4,537,74.94444444444444,24.055555555555557,537.0
2179,2025-09-30,Starter,Latin America,Manufacturing,Partner,1,59,9,75.3076923076923,1,0,0,49,57.46153846153846,10.153846153846153,75.3076923076923,1,365,57.46153846153846,10.153846153846153,365.0
2180,2026-06-13,Growth,Europe,Retail,Paid Search,1,28,8,55.75,0,0,0,129,26.0,6.75,55.75,0,109,26.0,6.75,109.0
2181,2025-09-15,Growth,Asia Pacific,Retail,Organic,1,23,21,58.46153846153846,1,0,0,129,23.53846153846154,22.076923076923077,58.46153846153846,1,380,23.53846153846154,22.076923076923077,380.0
2182,2025-05-12,Starter,North America,Finance,Referral,1,23,14,31.11764705882353,0,0,0,49,21.11764705882353,13.352941176470589,31.11764705882353,0,506,21.11764705882353,13.352941176470589,506.0
2183,2025-04-11,Starter,Asia Pacific,Finance,Outbound Sales,1,18,11,77.0,3,0,0,49,17.72222222222222,9.833333333333334,77.0,3,537,17.72222222222222,9.833333333333334,537.0
2184,2026-03-24,Growth,Europe,Healthcare,Organic,1,29,14,31.0,0,0,0,129,28.428571428571427,13.428571428571429,31.0,0,190,28.428571428571427,13.428571428571429,190.0
2185,2026-04-10,Growth,Asia Pacific,Healthcare,Organic,1,32,9,47.0,1,1,2026-09-06 00:00:00,129,33.5,8.166666666666666,47.0,1,173,33.5,8.166666666666666,149.0
2186,2026-03-24,Growth,Asia Pacific,Finance,Paid Search,1,55,51,44.714285714285715,0,0,0,129,49.0,51.857142857142854,44.714285714285715,0,190,49.0,51.857142857142854,190.0
2187,2025-09-10,Growth,Asia Pacific,Retail,Paid Search,1,28,11,59.92307692307692,0,0,0,129,26.23076923076923,10.692307692307692,59.92307692307692,0,385,26.23076923076923,10.692307692307692,385.0
2188,2026-03-23,Starter,North America,Manufacturing,Partner,1,44,10,41.285714285714285,3,1,2026-04-27 00:00:00,49,43.714285714285715,7.714285714285714,41.285714285714285,3,191,43.714285714285715,7.714285714285714,35.0
2189,2025-01-30,Starter,Europe,Healthcare,Organic,1,69,11,17.476190476190474,2,0,0,49,68.23809523809524,10.380952380952381,17.476190476190474,2,608,68.23809523809524,10.380952380952381,608.0
2190,2025-12-06,Growth,North America,SaaS,Organic,1,13,6,58.3,1,1,2026-09-20 00:00:00,129,12.0,5.9,58.3,1,298,12.0,5.9,288.0
2191,2026-02-10,Growth,Latin America,Education,Paid Search,1,65,19,19.375,1,0,0,129,66.625,20.875,19.375,1,232,66.625,20.875,232.0
2192,2025-07-03,Enterprise,Latin America,Healthcare,Organic,1,30,17,52.125,0,0,0,399,27.9375,16.0,52.125,0,454,27.9375,16.0,454.0
2193,2025-06-07,Growth,Latin America,Finance,Partner,1,6,8,78.29411764705883,0,0,0,129,5.705882352941177,7.470588235294118,78.29411764705883,0,480,5.705882352941177,7.470588235294118,480.0
2194,2026-06-19,Starter,North America,Education,Paid Search,1,65,10,92.5,1,0,0,49,70.5,9.5,92.5,1,103,70.5,9.5,103.0
2195,2025-10-26,Growth,Latin America,Retail,Partner,1,58,13,46.0,0,0,0,129,56.583333333333336,12.416666666666666,46.0,0,339,56.583333333333336,12.416666666666666,339.0
2196,2024-12-18,Starter,Latin America,Education,Referral,1,32,16,32.45454545454545,0,0,0,49,32.40909090909091,14.545454545454545,32.45454545454545,0,651,32.40909090909091,14.545454545454545,651.0
2197,2024-12-20,Starter,Latin America,Healthcare,Outbound Sales,1,53,15,61.31818181818182,0,0,0,49,52.68181818181818,15.454545454545455,61.31818181818182,0,649,52.68181818181818,15.454545454545455,649.0
2198,2025-08-14,Enterprise,Europe,Education,Outbound Sales,1,34,18,85.42857142857143,0,0,0,399,33.214285714285715,18.071428571428573,85.42857142857143,0,412,33.214285714285715,18.071428571428573,412.0
2199,2026-03-20,Starter,Asia Pacific,SaaS,Referral,1,45,17,48.714285714285715,4,0,0,49,45.142857142857146,17.0,48.714285714285715,4,194,45.142857142857146,17.0,194.0
2200,2026-07-03,Enterprise,Latin America,Education,Paid Search,1,53,28,52.333333333333336,2,0,0,399,52.0,25.333333333333332,52.333333333333336,2,89,52.0,25.333333333333332,89.0
2201,2026-08-30,Growth,Europe,Education,Organic,1,43,14,58.5,2,0,0,129,45.5,15.5,58.5,2,31,45.5,15.5,31.0
2202,2026-09-18,Growth,Asia Pacific,Manufacturing,Outbound Sales,1,36,15,45.0,5,0,0,129,39.0,19.0,45.0,5,12,39.0,19.0,12.0
2203,2026-02-23,Starter,Latin America,Manufacturing,Referral,1,10,21,27.375,0,0,0,49,10.375,19.5,27.375,0,219,10.375,19.5,219.0
2204,2025-08-18,Starter,North America,Finance,Referral,1,40,12,46.285714285714285,3,0,0,49,38.285714285714285,11.428571428571429,46.285714285714285,3,408,38.285714285714285,11.428571428571429,408.0
2205,2026-05-02,Growth,Latin America,Education,Referral,1,44,11,55.666666666666664,0,0,0,129,38.5,11.5,55.666666666666664,0,151,38.5,11.5,151.0
2206,2024-11-07,Starter,Asia Pacific,Finance,Referral,1,51,29,74.0,3,0,0,49,47.083333333333336,27.041666666666668,74.0,3,692,47.083333333333336,27.041666666666668,692.0
2207,2025-02-17,Starter,Asia Pacific,Education,Partner,1,38,23,38.25,2,0,0,49,35.85,23.9,38.25,2,590,35.85,23.9,590.0
2208,2026-01-14,Starter,Europe,Retail,Paid Search,0,60,18,54.333333333333336,0,0,0,49,65.11111111111111,17.11111111111111,54.333333333333336,0,259,65.11111111111111,17.11111111111111,259.0
2209,2025-03-16,Growth,Latin America,Healthcare,Organic,1,69,16,35.78947368421053,3,0,0,129,73.63157894736842,14.736842105263158,35.78947368421053,3,563,73.63157894736842,14.736842105263158,563.0
2210,2025-07-27,Growth,Latin America,SaaS,Organic,0,0,20,61.93333333333333,0,0,0,129,0.0,19.6,61.93333333333333,0,430,0.0,19.6,430.0
2211,2025-11-08,Growth,Europe,Education,Paid Search,1,71,25,68.63636363636364,2,0,0,129,77.45454545454545,23.272727272727273,68.63636363636364,2,326,77.45454545454545,23.272727272727273,326.0
2212,2025-12-16,Enterprise,Asia Pacific,Retail,Outbound Sales,0,64,29,75.3,1,0,0,399,60.4,24.5,75.3,1,288,60.4,24.5,288.0
2213,2025-11-08,Starter,Asia Pacific,Retail,Referral,1,51,7,47.63636363636363,0,0,0,49,53.09090909090909,5.909090909090909,47.63636363636363,0,326,53.09090909090909,5.909090909090909,326.0
2214,2024-12-15,Enterprise,Europe,Manufacturing,Organic,1,64,14,32.72727272727273,0,0,0,399,65.0,13.409090909090908,32.72727272727273,0,654,65.0,13.409090909090908,654.0
2215,2025-12-14,Starter,North America,Education,Paid Search,1,47,21,33.2,0,0,0,49,45.2,19.6,33.2,0,290,45.2,19.6,290.0
2216,2024-12-21,Growth,Latin America,Finance,Paid Search,1,35,5,47.36363636363637,0,0,0,129,34.86363636363637,5.0,47.36363636363637,0,648,34.86363636363637,5.0,648.0
2217,2026-06-05,Growth,Asia Pacific,Finance,Referral,1,7,23,61.5,0,0,0,129,5.75,20.75,61.5,0,117,5.75,20.75,117.0
2218,2026-05-28,Growth,Asia Pacific,Education,Referral,1,62,17,41.0,0,0,0,129,73.2,17.2,41.0,0,125,73.2,17.2,125.0
2219,2025-05-17,Growth,Asia Pacific,Healthcare,Organic,1,47,27,35.88235294117647,0,1,2025-12-18 00:00:00,129,47.294117647058826,26.705882352941178,35.88235294117647,0,501,47.294117647058826,26.705882352941178,215.0
2220,2026-05-19,Starter,North America,Healthcare,Partner,1,0,1,91.6,3,0,0,49,0.0,0.2,91.6,3,134,0.0,0.2,134.0
2221,2025-08-21,Starter,Latin America,Education,Partner,0,63,20,28.571428571428573,0,0,0,49,63.07142857142857,23.0,28.571428571428573,0,405,63.07142857142857,23.0,405.0
2222,2025-01-13,Growth,Europe,Manufacturing,Outbound Sales,1,48,0,48.904761904761905,0,0,0,129,51.142857142857146,0.0,48.904761904761905,0,625,51.142857142857146,0.0,625.0
2223,2025-11-29,Starter,North America,Retail,Referral,1,56,34,79.0,1,0,0,49,57.09090909090909,32.27272727272727,79.0,1,305,57.09090909090909,32.27272727272727,305.0
2224,2026-03-30,Growth,Latin America,Manufacturing,Outbound Sales,1,36,10,43.714285714285715,5,0,0,129,35.0,10.285714285714286,43.714285714285715,5,184,35.0,10.285714285714286,184.0
2225,2026-02-03,Starter,Latin America,Education,Partner,1,56,29,42.125,4,0,0,49,58.75,29.875,42.125,4,239,58.75,29.875,239.0
2226,2026-05-16,Growth,North America,Healthcare,Paid Search,1,26,27,58.8,1,0,0,129,25.2,25.0,58.8,1,137,25.2,25.0,137.0
2227,2025-08-12,Starter,North America,Manufacturing,Referral,1,23,25,88.5,2,0,0,49,23.357142857142858,23.714285714285715,88.5,2,414,23.357142857142858,23.714285714285715,414.0
2228,2026-07-30,Growth,North America,Education,Partner,1,49,9,86.33333333333333,1,0,0,129,49.0,8.0,86.33333333333333,1,62,49.0,8.0,62.0
2229,2026-09-26,Growth,Asia Pacific,Finance,Paid Search,1,57,20,67.0,0,0,0,129,50.0,23.0,67.0,0,4,50.0,23.0,4.0
2230,2026-07-17,Starter,Asia Pacific,Finance,Paid Search,1,16,23,53.333333333333336,4,0,0,49,16.666666666666668,25.333333333333332,53.333333333333336,4,75,16.666666666666668,25.333333333333332,75.0
2231,2025-02-28,Starter,Asia Pacific,SaaS,Referral,1,69,12,32.55,0,0,0,49,70.85,11.15,32.55,0,579,70.85,11.15,579.0
2232,2025-03-10,Starter,North America,Healthcare,Outbound Sales,1,41,18,34.0,0,0,0,49,42.89473684210526,17.473684210526315,34.0,0,569,42.89473684210526,17.473684210526315,569.0
2233,2025-02-06,Starter,North America,Education,Outbound Sales,0,40,4,78.38095238095238,4,0,0,49,42.0,3.4285714285714284,78.38095238095238,4,601,42.0,3.4285714285714284,601.0
2234,2025-12-07,Starter,Asia Pacific,Retail,Paid Search,1,33,15,39.7,1,0,0,49,33.3,14.1,39.7,1,297,33.3,14.1,297.0
2235,2025-11-16,Starter,Latin America,Retail,Partner,0,51,19,80.18181818181819,0,0,0,49,49.45454545454545,19.272727272727273,80.18181818181819,0,318,49.45454545454545,19.272727272727273,318.0
2236,2025-10-12,Starter,North America,Education,Paid Search,1,56,31,49.166666666666664,1,0,0,49,56.916666666666664,31.916666666666668,49.166666666666664,1,353,56.916666666666664,31.916666666666668,353.0
2237,2026-05-24,Starter,Asia Pacific,SaaS,Outbound Sales,0,45,34,82.4,6,0,0,49,45.0,32.2,82.4,6,129,45.0,32.2,129.0
2238,2025-11-08,Growth,North America,Healthcare,Organic,1,22,9,71.27272727272727,4,0,0,129,20.454545454545453,9.0,71.27272727272727,4,326,20.454545454545453,9.0,326.0
2239,2025-03-26,Growth,Latin America,Finance,Referral,1,23,11,75.94736842105263,1,0,0,129,21.894736842105264,9.210526315789474,75.94736842105263,1,553,21.894736842105264,9.210526315789474,553.0
2240,2025-05-21,Enterprise,Latin America,Healthcare,Organic,0,44,23,48.470588235294116,0,0,0,399,42.64705882352941,23.470588235294116,48.470588235294116,0,497,42.64705882352941,23.470588235294116,497.0
2241,2026-07-08,Growth,North America,Manufacturing,Outbound Sales,1,42,27,43.666666666666664,1,0,0,129,36.333333333333336,28.666666666666668,43.666666666666664,1,84,36.333333333333336,28.666666666666668,84.0
2242,2026-04-04,Starter,Europe,SaaS,Partner,1,13,24,69.33333333333333,0,0,0,49,11.666666666666666,24.833333333333332,69.33333333333333,0,179,11.666666666666666,24.833333333333332,179.0
2243,2025-12-15,Enterprise,Europe,Finance,Outbound Sales,1,53,13,60.0,0,0,0,399,55.5,12.4,60.0,0,289,55.5,12.4,289.0
2244,2026-03-26,Growth,Latin America,Retail,Paid Search,0,48,26,37.285714285714285,0,0,0,129,48.57142857142857,23.714285714285715,37.285714285714285,0,188,48.57142857142857,23.714285714285715,188.0
2245,2024-12-10,Enterprise,Asia Pacific,Retail,Partner,1,52,11,46.36363636363637,3,0,0,399,50.90909090909091,10.136363636363637,46.36363636363637,3,659,50.90909090909091,10.136363636363637,659.0
2246,2024-12-15,Starter,Asia Pacific,Finance,Paid Search,1,21,38,32.09090909090909,4,0,0,49,20.59090909090909,40.5,32.09090909090909,4,654,20.59090909090909,40.5,654.0
2247,2024-12-08,Growth,Asia Pacific,Education,Outbound Sales,1,78,18,52.26086956521739,7,0,0,129,78.78260869565217,17.91304347826087,52.26086956521739,7,661,78.78260869565217,17.91304347826087,661.0
2248,2025-03-19,Enterprise,Europe,Education,Paid Search,1,100,39,89.05263157894737,6,0,0,399,97.6842105263158,38.0,89.05263157894737,6,560,97.6842105263158,38.0,560.0
2249,2025-10-06,Growth,Europe,Healthcare,Referral,1,45,27,70.0,0,0,0,129,46.583333333333336,26.916666666666668,70.0,0,359,46.583333333333336,26.916666666666668,359.0
2250,2026-02-27,Starter,Latin America,Healthcare,Referral,1,93,17,55.375,1,0,0,49,96.0,16.125,55.375,1,215,96.0,16.125,215.0
2251,2026-04-14,Starter,North America,Manufacturing,Partner,0,34,11,65.16666666666667,0,0,0,49,32.0,11.0,65.16666666666667,0,169,32.0,11.0,169.0
2252,2026-02-09,Growth,Latin America,Retail,Referral,1,60,21,37.875,1,0,0,129,63.5,18.75,37.875,1,233,63.5,18.75,233.0
2253,2025-03-31,Starter,Asia Pacific,Manufacturing,Paid Search,1,46,20,90.89473684210526,5,0,0,49,45.526315789473685,19.526315789473685,90.89473684210526,5,548,45.526315789473685,19.526315789473685,548.0
2254,2026-07-12,Enterprise,Latin America,Manufacturing,Organic,1,45,20,52.333333333333336,7,0,0,399,35.333333333333336,22.666666666666668,52.333333333333336,7,80,35.333333333333336,22.666666666666668,80.0
2255,2026-04-10,Starter,Asia Pacific,SaaS,Organic,1,68,16,25.833333333333332,1,0,0,49,68.5,15.333333333333334,25.833333333333332,1,173,68.5,15.333333333333334,173.0
2256,2025-03-22,Growth,Europe,SaaS,Referral,1,58,15,64.73684210526316,7,0,0,129,54.63157894736842,14.736842105263158,64.73684210526316,7,557,54.63157894736842,14.736842105263158,557.0
2257,2025-09-30,Growth,Asia Pacific,Manufacturing,Organic,1,48,9,53.0,0,0,0,129,47.0,8.384615384615385,53.0,0,365,47.0,8.384615384615385,365.0
2258,2026-07-19,Growth,Asia Pacific,Education,Referral,1,44,16,25.0,1,0,0,129,46.0,19.0,25.0,1,73,46.0,19.0,73.0
2259,2025-09-21,Enterprise,Latin America,SaaS,Paid Search,1,79,18,13.846153846153847,1,0,0,399,83.61538461538461,18.307692307692307,13.846153846153847,1,374,83.61538461538461,18.307692307692307,374.0
2260,2025-04-14,Growth,North America,Retail,Outbound Sales,1,80,24,80.38888888888889,0,0,0,129,72.5,21.333333333333332,80.38888888888889,0,534,72.5,21.333333333333332,534.0
2261,2025-12-06,Growth,Latin America,Finance,Partner,1,41,15,55.7,0,0,0,129,42.2,14.9,55.7,0,298,42.2,14.9,298.0
2262,2026-07-23,Growth,Latin America,Education,Partner,1,49,22,66.0,0,0,0,129,58.333333333333336,22.333333333333332,66.0,0,69,58.333333333333336,22.333333333333332,69.0
2263,2025-09-01,Growth,North America,Manufacturing,Paid Search,1,66,25,86.57142857142857,3,0,0,129,65.57142857142857,26.928571428571427,86.57142857142857,3,394,65.57142857142857,26.928571428571427,394.0
2264,2026-06-29,Starter,North America,Manufacturing,Outbound Sales,0,79,5,58.25,1,0,0,49,80.0,4.25,58.25,1,93,80.0,4.25,93.0
2265,2025-10-09,Starter,North America,Retail,Partner,0,64,21,76.83333333333333,0,0,0,49,62.0,22.833333333333332,76.83333333333333,0,356,62.0,22.833333333333332,356.0
2266,2026-04-02,Starter,Asia Pacific,Healthcare,Organic,1,62,19,48.285714285714285,0,0,0,49,68.42857142857143,20.285714285714285,48.285714285714285,0,181,68.42857142857143,20.285714285714285,181.0
2267,2026-04-04,Growth,Asia Pacific,SaaS,Organic,1,49,12,59.333333333333336,5,0,0,129,43.166666666666664,10.166666666666666,59.333333333333336,5,179,43.166666666666664,10.166666666666666,179.0
2268,2026-04-28,Growth,Asia Pacific,Education,Referral,1,34,20,72.33333333333333,0,0,0,129,32.0,21.666666666666668,72.33333333333333,0,155,32.0,21.666666666666668,155.0
2269,2026-03-15,Growth,Asia Pacific,Retail,Paid Search,1,55,15,75.0,3,1,2026-09-05 00:00:00,129,48.0,13.571428571428571,75.0,3,199,48.0,13.571428571428571,174.0
2270,2025-09-01,Starter,Latin America,Retail,Partner,1,37,2,70.0,0,0,0,49,36.357142857142854,1.5,70.0,0,394,36.357142857142854,1.5,394.0
2271,2026-02-28,Starter,Asia Pacific,Healthcare,Paid Search,0,36,12,50.0,1,0,0,49,38.0,12.25,50.0,1,214,38.0,12.25,214.0
2272,2024-11-16,Growth,Latin America,Education,Outbound Sales,1,40,34,61.56521739130435,0,0,0,129,40.30434782608695,37.130434782608695,61.56521739130435,0,683,40.30434782608695,37.130434782608695,683.0
2273,2025-11-11,Starter,North America,SaaS,Paid Search,1,37,19,87.27272727272727,0,0,0,49,31.818181818181817,16.454545454545453,87.27272727272727,0,323,31.818181818181817,16.454545454545453,323.0
2274,2025-10-04,Starter,Latin America,Healthcare,Partner,1,58,14,30.615384615384617,2,0,0,49,59.76923076923077,14.846153846153847,30.615384615384617,2,361,59.76923076923077,14.846153846153847,361.0
2275,2026-09-19,Starter,Europe,Retail,Paid Search,1,50,20,36.0,0,0,0,49,51.0,27.0,36.0,0,11,51.0,27.0,11.0
2276,2025-02-19,Starter,North America,Education,Partner,1,43,20,53.8,0,0,0,49,44.15,19.6,53.8,0,588,44.15,19.6,588.0
2277,2025-12-30,Starter,Latin America,Retail,Outbound Sales,0,47,26,65.5,0,0,0,49,49.2,24.8,65.5,0,274,49.2,24.8,274.0
2278,2026-06-19,Growth,Asia Pacific,Education,Organic,0,19,28,57.5,5,0,0,129,20.5,24.75,57.5,5,103,20.5,24.75,103.0
2279,2025-09-10,Enterprise,Latin America,Education,Partner,1,43,19,62.53846153846154,1,0,0,399,39.30769230769231,16.846153846153847,62.53846153846154,1,385,39.30769230769231,16.846153846153847,385.0
2280,2026-08-05,Growth,Europe,Retail,Partner,0,6,30,38.5,4,1,2026-09-04 00:00:00,129,4.5,27.5,38.5,4,56,4.5,27.5,30.0
2281,2026-07-03,Starter,Latin America,Retail,Organic,1,47,41,71.33333333333333,0,0,0,49,46.666666666666664,39.0,71.33333333333333,0,89,46.666666666666664,39.0,89.0
2282,2026-02-27,Starter,Europe,Education,Partner,1,19,13,87.625,3,0,0,49,19.125,10.625,87.625,3,215,19.125,10.625,215.0
2283,2025-07-28,Starter,Latin America,Finance,Partner,1,53,8,63.8,0,0,0,49,52.8,7.733333333333333,63.8,0,429,52.8,7.733333333333333,429.0
2284,2026-09-01,Growth,Asia Pacific,SaaS,Outbound Sales,1,18,11,27.0,0,0,0,129,12.0,13.0,27.0,0,29,12.0,13.0,29.0
2285,2026-06-14,Growth,North America,Education,Outbound Sales,1,63,19,62.75,5,0,0,129,69.25,18.25,62.75,5,108,69.25,18.25,108.0
2286,2026-06-13,Starter,Europe,Healthcare,Partner,1,22,26,46.0,0,0,0,49,20.5,17.0,46.0,0,109,20.5,17.0,109.0
2287,2025-06-20,Growth,Europe,Finance,Referral,0,16,20,60.0625,0,0,0,129,15.75,19.75,60.0625,0,467,15.75,19.75,467.0
2288,2024-12-21,Starter,Latin America,Manufacturing,Outbound Sales,1,54,4,37.68181818181818,3,0,0,49,52.18181818181818,3.4545454545454546,37.68181818181818,3,648,52.18181818181818,3.4545454545454546,648.0
2289,2026-06-19,Starter,North America,Education,Referral,0,47,2,62.25,0,0,0,49,37.75,1.5,62.25,0,103,37.75,1.5,103.0
2290,2026-03-05,Starter,Europe,Education,Organic,1,30,5,61.142857142857146,0,0,0,49,31.857142857142858,4.857142857142857,61.142857142857146,0,209,31.857142857142858,4.857142857142857,209.0
2291,2025-04-22,Starter,Latin America,Healthcare,Outbound Sales,1,31,8,83.66666666666667,0,0,0,49,30.833333333333332,8.5,83.66666666666667,0,526,30.833333333333332,8.5,526.0
2292,2026-04-19,Growth,Asia Pacific,SaaS,Paid Search,0,49,8,42.166666666666664,0,0,0,129,53.0,6.833333333333333,42.166666666666664,0,164,53.0,6.833333333333333,164.0
2293,2026-08-05,Enterprise,North America,Manufacturing,Organic,1,67,22,64.5,3,0,0,399,70.5,15.0,64.5,3,56,70.5,15.0,56.0
2294,2026-07-26,Growth,Latin America,Education,Organic,1,25,18,18.0,1,0,0,129,26.333333333333332,17.0,18.0,1,66,26.333333333333332,17.0,66.0
2295,2025-11-23,Enterprise,North America,Education,Referral,0,41,24,54.18181818181818,0,0,0,399,39.09090909090909,26.454545454545453,54.18181818181818,0,311,39.09090909090909,26.454545454545453,311.0
2296,2025-03-30,Growth,North America,Healthcare,Referral,1,26,16,62.31578947368421,0,0,0,129,24.473684210526315,15.368421052631579,62.31578947368421,0,549,24.473684210526315,15.368421052631579,549.0
2297,2026-09-27,Growth,Europe,Healthcare,Outbound Sales,1,84,37,48.0,7,0,0,129,93.0,40.0,48.0,7,3,93.0,40.0,3.0
2298,2025-07-05,Starter,Europe,SaaS,Partner,0,42,20,65.875,1,0,0,49,43.9375,18.875,65.875,1,452,43.9375,18.875,452.0
2299,2024-12-01,Starter,Asia Pacific,Healthcare,Outbound Sales,1,42,27,87.69565217391305,2,0,0,49,42.608695652173914,27.434782608695652,87.69565217391305,2,668,42.608695652173914,27.434782608695652,668.0
2300,2026-06-08,Starter,North America,Healthcare,Organic,1,50,17,23.25,0,0,0,49,46.25,17.25,23.25,0,114,46.25,17.25,114.0
2301,2025-02-19,Starter,North America,Healthcare,Paid Search,0,0,12,44.75,2,0,0,49,0.0,11.4,44.75,2,588,0.0,11.4,588.0
2302,2025-05-13,Starter,Latin America,Healthcare,Partner,1,45,13,64.82352941176471,1,0,0,49,44.64705882352941,12.529411764705882,64.82352941176471,1,505,44.64705882352941,12.529411764705882,505.0
2303,2024-11-18,Starter,Latin America,SaaS,Paid Search,1,64,13,69.69565217391305,1,0,0,49,64.26086956521739,11.869565217391305,69.69565217391305,1,681,64.26086956521739,11.869565217391305,681.0
2304,2026-01-24,Growth,North America,Education,Referral,1,59,18,79.22222222222223,0,0,0,129,58.111111111111114,17.666666666666668,79.22222222222223,0,249,58.111111111111114,17.666666666666668,249.0
2305,2025-09-16,Growth,Asia Pacific,Finance,Paid Search,1,41,18,71.0,0,0,0,129,39.61538461538461,17.076923076923077,71.0,0,379,39.61538461538461,17.076923076923077,379.0
2306,2026-01-01,Starter,Asia Pacific,SaaS,Referral,1,6,4,67.6,2,0,0,49,5.2,3.2,67.6,2,272,5.2,3.2,272.0
2307,2025-04-03,Starter,Asia Pacific,SaaS,Organic,1,40,16,17.94736842105263,1,0,0,49,39.526315789473685,15.68421052631579,17.94736842105263,1,545,39.526315789473685,15.68421052631579,545.0
2308,2025-12-26,Starter,Latin America,Manufacturing,Outbound Sales,1,28,15,67.5,2,0,0,49,27.2,13.5,67.5,2,278,27.2,13.5,278.0
2309,2025-05-26,Starter,Europe,Education,Outbound Sales,1,35,17,72.88235294117646,0,0,0,49,35.0,16.529411764705884,72.88235294117646,0,492,35.0,16.529411764705884,492.0
2310,2025-12-24,Starter,North America,Finance,Paid Search,1,71,23,89.5,3,0,0,49,65.5,25.0,89.5,3,280,65.5,25.0,280.0
2311,2026-03-27,Starter,North America,Education,Referral,1,61,22,77.42857142857143,0,0,0,49,56.57142857142857,26.285714285714285,77.42857142857143,0,187,56.57142857142857,26.285714285714285,187.0
2312,2026-07-18,Starter,Asia Pacific,Healthcare,Organic,0,49,21,85.66666666666667,0,0,0,49,47.333333333333336,23.0,85.66666666666667,0,74,47.333333333333336,23.0,74.0
2313,2026-02-24,Starter,Asia Pacific,Education,Outbound Sales,1,34,17,66.625,1,0,0,49,31.0,13.375,66.625,1,218,31.0,13.375,218.0
2314,2025-01-01,Growth,Asia Pacific,Manufacturing,Partner,1,59,24,32.18181818181818,2,0,0,129,57.5,24.272727272727273,32.18181818181818,2,637,57.5,24.272727272727273,637.0
2315,2025-03-20,Starter,Latin America,Manufacturing,Referral,1,54,19,47.0,0,0,0,49,53.421052631578945,18.526315789473685,47.0,0,559,53.421052631578945,18.526315789473685,559.0
2316,2026-04-14,Starter,Europe,Healthcare,Partner,1,45,16,31.833333333333332,0,0,0,49,43.5,14.666666666666666,31.833333333333332,0,169,43.5,14.666666666666666,169.0
2317,2025-05-30,Growth,Asia Pacific,Healthcare,Outbound Sales,1,64,21,48.05882352941177,2,0,0,129,61.705882352941174,21.705882352941178,48.05882352941177,2,488,61.705882352941174,21.705882352941178,488.0
2318,2026-05-27,Growth,Latin America,Finance,Partner,1,47,17,44.8,3,0,0,129,45.8,16.0,44.8,3,126,45.8,16.0,126.0
2319,2025-09-27,Starter,Asia Pacific,Finance,Referral,1,38,21,51.84615384615385,0,0,0,49,37.15384615384615,18.76923076923077,51.84615384615385,0,368,37.15384615384615,18.76923076923077,368.0
2320,2026-09-08,Growth,Europe,Education,Outbound Sales,0,52,23,56.0,2,0,0,129,56.0,21.0,56.0,2,22,56.0,21.0,22.0
2321,2026-03-03,Starter,Europe,SaaS,Outbound Sales,1,39,18,33.75,0,0,0,49,36.0,18.375,33.75,0,211,36.0,18.375,211.0
2322,2026-04-21,Enterprise,Latin America,Education,Outbound Sales,0,54,16,53.166666666666664,1,1,2026-08-25 00:00:00,399,53.333333333333336,15.5,53.166666666666664,1,162,53.333333333333336,15.5,126.0
2323,2025-09-16,Starter,North America,Education,Organic,0,62,16,43.76923076923077,0,0,0,49,61.61538461538461,15.076923076923077,43.76923076923077,0,379,61.61538461538461,15.076923076923077,379.0
2324,2025-04-25,Enterprise,Latin America,Education,Paid Search,0,38,11,88.27777777777777,0,1,2026-01-15 00:00:00,399,35.77777777777778,11.666666666666666,88.27777777777777,0,523,35.77777777777778,11.666666666666666,265.0
2325,2026-04-28,Growth,Latin America,Manufacturing,Referral,1,0,2,52.666666666666664,0,0,0,129,0.0,1.3333333333333333,52.666666666666664,0,155,0.0,1.3333333333333333,155.0
2326,2025-10-15,Growth,North America,Education,Paid Search,1,91,22,37.333333333333336,0,0,0,129,88.83333333333333,24.75,37.333333333333336,0,350,88.83333333333333,24.75,350.0
2327,2026-05-12,Growth,Latin America,Education,Partner,1,50,13,48.0,0,0,0,129,51.2,14.2,48.0,0,141,51.2,14.2,141.0
2328,2025-10-27,Starter,North America,Healthcare,Organic,1,59,16,77.58333333333333,0,0,0,49,60.25,14.5,77.58333333333333,0,338,60.25,14.5,338.0
2329,2026-09-22,Growth,Latin America,Healthcare,Referral,1,26,14,59.0,0,0,0,129,31.0,18.0,59.0,0,8,31.0,18.0,8.0
2330,2026-09-27,Starter,Latin America,Healthcare,Outbound Sales,1,34,13,82.0,0,0,0,49,29.0,16.0,82.0,0,3,29.0,16.0,3.0
2331,2026-08-19,Enterprise,Europe,Healthcare,Paid Search,0,12,19,65.5,0,0,0,399,13.5,20.5,65.5,0,42,13.5,20.5,42.0
2332,2025-07-27,Starter,North America,Retail,Organic,1,39,30,44.86666666666667,0,0,0,49,37.666666666666664,33.0,44.86666666666667,0,430,37.666666666666664,33.0,430.0
2333,2026-07-16,Growth,North America,SaaS,Partner,1,90,20,58.666666666666664,2,0,0,129,84.66666666666667,19.333333333333332,58.666666666666664,2,76,84.66666666666667,19.333333333333332,76.0
2334,2026-03-09,Enterprise,Asia Pacific,Retail,Partner,1,35,15,93.14285714285714,2,0,0,399,35.714285714285715,17.0,93.14285714285714,2,205,35.714285714285715,17.0,205.0
2335,2025-05-14,Growth,Latin America,Education,Referral,0,51,15,34.64705882352941,2,0,0,129,48.8235294117647,14.470588235294118,34.64705882352941,2,504,48.8235294117647,14.470588235294118,504.0
2336,2025-07-09,Starter,Asia Pacific,Retail,Outbound Sales,0,72,19,62.06666666666667,2,0,0,49,65.06666666666666,20.133333333333333,62.06666666666667,2,448,65.06666666666666,20.133333333333333,448.0
2337,2025-08-11,Growth,Latin America,Education,Organic,1,33,15,62.214285714285715,1,0,0,129,31.5,14.785714285714286,62.214285714285715,1,415,31.5,14.785714285714286,415.0
2338,2026-05-24,Starter,Asia Pacific,Manufacturing,Partner,1,80,20,65.6,0,0,0,49,78.6,17.8,65.6,0,129,78.6,17.8,129.0
2339,2025-08-31,Starter,Asia Pacific,Finance,Paid Search,1,37,17,40.42857142857143,0,0,0,49,36.57142857142857,18.214285714285715,40.42857142857143,0,395,36.57142857142857,18.214285714285715,395.0
2340,2025-06-17,Starter,Europe,Manufacturing,Partner,1,43,0,47.5,0,0,0,49,43.0625,0.0,47.5,0,470,43.0625,0.0,470.0
2341,2025-08-30,Growth,Latin America,SaaS,Organic,1,28,16,60.642857142857146,1,0,0,129,28.714285714285715,14.928571428571429,60.642857142857146,1,396,28.714285714285715,14.928571428571429,396.0
2342,2025-08-21,Starter,Latin America,SaaS,Referral,1,58,16,51.642857142857146,0,0,0,49,56.857142857142854,16.142857142857142,51.642857142857146,0,405,56.857142857142854,16.142857142857142,405.0
2343,2025-05-30,Enterprise,Latin America,Education,Outbound Sales,0,0,9,66.41176470588235,1,0,0,399,0.0,8.647058823529411,66.41176470588235,1,488,0.0,8.647058823529411,488.0
2344,2026-03-14,Enterprise,Europe,Finance,Partner,1,60,10,1.8571428571428572,1,0,0,399,56.57142857142857,10.0,1.8571428571428572,1,200,56.57142857142857,10.0,200.0
2345,2025-09-19,Starter,Europe,Finance,Partner,1,42,33,57.92307692307692,0,0,0,49,37.46153846153846,33.61538461538461,57.92307692307692,0,376,37.46153846153846,33.61538461538461,376.0
2346,2026-03-05,Starter,Latin America,Education,Paid Search,1,41,11,18.857142857142858,1,1,2026-07-02 00:00:00,49,42.857142857142854,9.285714285714286,18.857142857142858,1,209,42.857142857142854,9.285714285714286,119.0
2347,2026-05-26,Starter,Latin America,Education,Organic,1,45,0,81.8,4,0,0,49,40.2,0.0,81.8,4,127,40.2,0.0,127.0
2348,2025-08-06,Growth,Asia Pacific,Retail,Referral,0,73,13,83.26666666666667,2,0,0,129,74.86666666666666,12.6,83.26666666666667,2,420,74.86666666666666,12.6,420.0
2349,2025-08-20,Growth,Europe,Manufacturing,Outbound Sales,1,33,13,42.285714285714285,3,0,0,129,31.928571428571427,12.928571428571429,42.285714285714285,3,406,31.928571428571427,12.928571428571429,406.0
2350,2025-03-03,Growth,Europe,Finance,Referral,1,34,4,72.45,1,0,0,129,33.95,3.5,72.45,1,576,33.95,3.5,576.0
2351,2026-06-09,Growth,Europe,Finance,Partner,0,45,17,65.75,1,0,0,129,43.25,15.0,65.75,1,113,43.25,15.0,113.0
2352,2026-09-22,Starter,Europe,Manufacturing,Paid Search,1,35,20,78.0,2,0,0,49,31.0,19.0,78.0,2,8,31.0,19.0,8.0
2353,2026-05-09,Growth,Asia Pacific,Finance,Partner,1,39,26,97.0,5,0,0,129,35.6,27.2,97.0,5,144,35.6,27.2,144.0
2354,2025-11-22,Growth,Asia Pacific,SaaS,Organic,0,12,32,43.63636363636363,1,0,0,129,11.727272727272727,31.90909090909091,43.63636363636363,1,312,11.727272727272727,31.90909090909091,312.0
2355,2025-12-08,Starter,North America,Education,Organic,0,37,8,65.0,0,0,0,49,31.7,7.9,65.0,0,296,31.7,7.9,296.0
2356,2025-10-18,Growth,Latin America,Manufacturing,Partner,1,67,8,33.5,1,0,0,129,62.916666666666664,6.083333333333333,33.5,1,347,62.916666666666664,6.083333333333333,347.0
2357,2025-03-28,Starter,Latin America,Manufacturing,Outbound Sales,1,63,19,76.6842105263158,0,0,0,49,60.94736842105263,18.526315789473685,76.6842105263158,0,551,60.94736842105263,18.526315789473685,551.0
2358,2025-08-23,Growth,Europe,Manufacturing,Outbound Sales,0,35,16,65.71428571428571,0,0,0,129,35.5,15.5,65.71428571428571,0,403,35.5,15.5,403.0
2359,2024-12-12,Enterprise,Europe,Finance,Organic,1,85,15,46.22727272727273,0,0,0,399,85.72727272727273,13.363636363636363,46.22727272727273,0,657,85.72727272727273,13.363636363636363,657.0
2360,2025-08-20,Starter,Europe,Healthcare,Paid Search,1,41,18,81.21428571428571,5,0,0,49,42.07142857142857,17.714285714285715,81.21428571428571,5,406,42.07142857142857,17.714285714285715,406.0
2361,2025-01-18,Enterprise,Europe,SaaS,Paid Search,0,38,20,73.85714285714286,0,0,0,399,38.04761904761905,19.904761904761905,73.85714285714286,0,620,38.04761904761905,19.904761904761905,620.0
2362,2025-10-19,Enterprise,Europe,Healthcare,Paid Search,1,40,15,54.916666666666664,5,0,0,399,39.083333333333336,14.75,54.916666666666664,5,346,39.083333333333336,14.75,346.0
2363,2026-01-25,Enterprise,North America,Education,Referral,1,53,14,62.111111111111114,0,0,0,399,51.333333333333336,12.777777777777779,62.111111111111114,0,248,51.333333333333336,12.777777777777779,248.0
2364,2026-09-01,Starter,North America,Manufacturing,Referral,1,55,11,46.0,2,0,0,49,52.0,14.0,46.0,2,29,52.0,14.0,29.0
2365,2025-07-19,Growth,Latin America,Retail,Organic,0,26,18,54.4,0,0,0,129,25.066666666666666,15.866666666666667,54.4,0,438,25.066666666666666,15.866666666666667,438.0
2366,2026-03-04,Starter,Asia Pacific,Education,Outbound Sales,1,49,22,71.625,1,0,0,49,48.75,18.875,71.625,1,210,48.75,18.875,210.0
2367,2025-06-06,Starter,Europe,Manufacturing,Partner,0,45,16,45.529411764705884,0,0,0,49,42.705882352941174,15.647058823529411,45.529411764705884,0,481,42.705882352941174,15.647058823529411,481.0
2368,2025-05-24,Starter,Latin America,Manufacturing,Paid Search,1,43,14,79.6470588235294,2,0,0,49,45.05882352941177,12.235294117647058,79.6470588235294,2,494,45.05882352941177,12.235294117647058,494.0
2369,2026-05-04,Starter,Latin America,Education,Organic,1,12,17,33.0,2,0,0,49,12.6,19.6,33.0,2,149,12.6,19.6,149.0
2370,2025-08-03,Growth,Europe,Healthcare,Partner,1,4,31,57.733333333333334,0,0,0,129,3.533333333333333,31.0,57.733333333333334,0,423,3.533333333333333,31.0,423.0
2371,2026-05-28,Starter,Asia Pacific,Finance,Outbound Sales,1,18,23,51.6,0,0,0,49,17.4,23.8,51.6,0,125,17.4,23.8,125.0
2372,2025-08-04,Growth,Latin America,Retail,Paid Search,1,47,12,88.0,2,0,0,129,46.0,12.266666666666667,88.0,2,422,46.0,12.266666666666667,422.0
2373,2025-03-19,Growth,North America,Manufacturing,Partner,1,49,25,73.52631578947368,0,1,2025-06-12 00:00:00,129,44.63157894736842,26.473684210526315,73.52631578947368,0,560,44.63157894736842,26.473684210526315,85.0
2374,2026-07-22,Growth,Latin America,Education,Partner,1,16,20,87.66666666666667,1,0,0,129,13.0,16.666666666666668,87.66666666666667,1,70,13.0,16.666666666666668,70.0
2375,2026-06-22,Growth,Latin America,Finance,Paid Search,0,65,24,63.0,0,0,0,129,58.0,21.0,63.0,0,100,58.0,21.0,100.0
2376,2025-07-02,Starter,Latin America,Retail,Referral,1,16,16,47.9375,1,0,0,49,13.6875,15.75,47.9375,1,455,13.6875,15.75,455.0
2377,2025-07-05,Growth,North America,Manufacturing,Paid Search,0,85,18,42.125,2,0,0,129,79.0625,18.1875,42.125,2,452,79.0625,18.1875,452.0
2378,2024-12-20,Growth,Europe,Retail,Organic,1,19,18,80.22727272727273,0,0,0,129,18.454545454545453,17.681818181818183,80.22727272727273,0,649,18.454545454545453,17.681818181818183,649.0
2379,2026-09-15,Growth,Latin America,SaaS,Referral,1,53,18,90.0,0,0,0,129,56.0,12.0,90.0,0,15,56.0,12.0,15.0
2380,2026-04-26,Enterprise,Europe,SaaS,Outbound Sales,0,20,13,34.666666666666664,5,0,0,399,21.166666666666668,13.0,34.666666666666664,5,157,21.166666666666668,13.0,157.0
2381,2025-06-18,Enterprise,Europe,Education,Paid Search,1,56,7,61.9375,1,0,0,399,56.75,6.6875,61.9375,1,469,56.75,6.6875,469.0
2382,2026-08-14,Growth,Latin America,Healthcare,Paid Search,1,44,0,79.0,1,0,0,129,42.5,0.0,79.0,1,47,42.5,0.0,47.0
2383,2025-06-25,Growth,Asia Pacific,Retail,Referral,1,39,8,40.3125,4,0,0,129,36.4375,7.9375,40.3125,4,462,36.4375,7.9375,462.0
2384,2024-12-22,Growth,Asia Pacific,Manufacturing,Referral,0,37,0,59.22727272727273,1,1,2025-03-13 00:00:00,129,36.63636363636363,0.0,59.22727272727273,1,647,36.63636363636363,0.0,81.0
2385,2025-12-27,Starter,Latin America,SaaS,Referral,0,49,27,57.5,3,0,0,49,50.9,25.9,57.5,3,277,50.9,25.9,277.0
2386,2025-10-03,Growth,North America,Manufacturing,Outbound Sales,1,46,15,45.69230769230769,3,0,0,129,45.0,14.923076923076923,45.69230769230769,3,362,45.0,14.923076923076923,362.0
2387,2026-02-25,Growth,North America,Finance,Referral,0,37,15,56.25,1,0,0,129,33.875,12.0,56.25,1,217,33.875,12.0,217.0
2388,2025-02-09,Starter,North America,Retail,Referral,1,47,16,45.85,0,0,0,49,46.75,13.75,45.85,0,598,46.75,13.75,598.0
2389,2026-09-27,Growth,North America,Retail,Outbound Sales,1,69,30,90.0,0,0,0,129,69.0,19.0,90.0,0,3,69.0,19.0,3.0
2390,2025-03-19,Starter,Latin America,Healthcare,Referral,1,43,15,87.21052631578948,1,0,0,49,41.73684210526316,14.263157894736842,87.21052631578948,1,560,41.73684210526316,14.263157894736842,560.0
2391,2024-11-04,Starter,North America,Healthcare,Organic,1,50,17,51.666666666666664,3,0,0,49,48.5,16.375,51.666666666666664,3,695,48.5,16.375,695.0
2392,2026-05-16,Enterprise,North America,Healthcare,Partner,1,40,22,27.0,0,0,0,399,41.2,23.6,27.0,0,137,41.2,23.6,137.0
2393,2025-04-09,Starter,Asia Pacific,Healthcare,Organic,1,21,2,56.72222222222222,0,0,0,49,20.333333333333332,1.6666666666666667,56.72222222222222,0,539,20.333333333333332,1.6666666666666667,539.0
2394,2025-12-20,Growth,Europe,Finance,Referral,0,21,34,46.4,2,0,0,129,21.3,37.1,46.4,2,284,21.3,37.1,284.0
2395,2026-08-29,Starter,North America,Finance,Paid Search,1,24,5,51.5,0,0,0,49,25.0,3.5,51.5,0,32,25.0,3.5,32.0
2396,2026-03-01,Growth,Latin America,Finance,Paid Search,1,56,27,88.0,0,0,0,129,57.25,24.75,88.0,0,213,57.25,24.75,213.0
2397,2026-03-02,Enterprise,Asia Pacific,SaaS,Paid Search,1,50,28,39.0,1,0,0,399,46.875,25.125,39.0,1,212,46.875,25.125,212.0
2398,2026-08-27,Starter,Asia Pacific,Retail,Referral,1,59,13,54.5,0,0,0,49,66.0,14.5,54.5,0,34,66.0,14.5,34.0
2399,2025-05-22,Starter,Europe,Retail,Partner,1,47,17,17.470588235294116,0,0,0,49,45.94117647058823,17.764705882352942,17.470588235294116,0,496,45.94117647058823,17.764705882352942,496.0
2400,2025-08-20,Enterprise,Asia Pacific,Retail,Outbound Sales,1,70,10,39.92857142857143,0,0,0,399,70.78571428571429,9.857142857142858,39.92857142857143,0,406,70.78571428571429,9.857142857142858,406.0
2401,2025-09-23,Starter,Asia Pacific,Finance,Organic,1,0,13,56.07692307692308,5,0,0,49,0.0,12.076923076923077,56.07692307692308,5,372,0.0,12.076923076923077,372.0
2402,2025-08-18,Starter,North America,Healthcare,Outbound Sales,0,57,22,87.64285714285714,1,0,0,49,55.857142857142854,22.142857142857142,87.64285714285714,1,408,55.857142857142854,22.142857142857142,408.0
2403,2026-08-22,Starter,North America,Education,Partner,1,26,5,68.0,1,0,0,49,22.0,4.0,68.0,1,39,22.0,4.0,39.0
2404,2024-12-29,Growth,North America,Manufacturing,Referral,1,44,25,36.04545454545455,0,0,0,129,45.72727272727273,25.818181818181817,36.04545454545455,0,640,45.72727272727273,25.818181818181817,640.0
2405,2025-01-29,Enterprise,Latin America,Education,Outbound Sales,1,52,7,77.0,1,0,0,399,48.285714285714285,6.9523809523809526,77.0,1,609,48.285714285714285,6.9523809523809526,609.0
2406,2026-08-28,Growth,Asia Pacific,Education,Partner,1,24,20,85.0,0,0,0,129,20.5,21.0,85.0,0,33,20.5,21.0,33.0
2407,2026-06-09,Starter,North America,Retail,Paid Search,0,55,6,44.75,2,0,0,49,65.75,6.0,44.75,2,113,65.75,6.0,113.0
2408,2025-06-24,Starter,Europe,Healthcare,Outbound Sales,0,28,14,88.5,2,0,0,49,28.125,14.0625,88.5,2,463,28.125,14.0625,463.0
2409,2026-04-30,Growth,Latin America,Finance,Paid Search,1,55,25,19.666666666666668,0,0,0,129,47.0,25.166666666666668,19.666666666666668,0,153,47.0,25.166666666666668,153.0
2410,2024-12-07,Starter,Asia Pacific,Manufacturing,Outbound Sales,1,74,14,49.30434782608695,2,0,0,49,77.08695652173913,14.73913043478261,49.30434782608695,2,662,77.08695652173913,14.73913043478261,662.0
2411,2025-04-27,Starter,North America,Healthcare,Outbound Sales,1,47,16,69.11111111111111,0,0,0,49,45.55555555555556,13.944444444444445,69.11111111111111,0,521,45.55555555555556,13.944444444444445,521.0
2412,2025-12-31,Starter,Europe,Retail,Referral,1,77,20,86.2,2,0,0,49,81.4,19.7,86.2,2,273,81.4,19.7,273.0
2413,2025-04-28,Growth,Latin America,Healthcare,Referral,1,0,17,81.83333333333333,5,0,0,129,0.0,16.27777777777778,81.83333333333333,5,520,0.0,16.27777777777778,520.0
2414,2024-12-06,Starter,Latin America,Finance,Partner,0,68,18,78.34782608695652,1,0,0,49,69.04347826086956,17.130434782608695,78.34782608695652,1,663,69.04347826086956,17.130434782608695,663.0
2415,2025-12-10,Starter,Asia Pacific,Finance,Partner,1,41,11,84.6,0,0,0,49,40.1,11.1,84.6,0,294,40.1,11.1,294.0
2416,2026-03-21,Enterprise,Asia Pacific,Healthcare,Organic,1,39,7,60.42857142857143,5,0,0,399,37.714285714285715,7.571428571428571,60.42857142857143,5,193,37.714285714285715,7.571428571428571,193.0
2417,2025-05-08,Starter,Asia Pacific,Healthcare,Referral,1,18,15,63.388888888888886,1,0,0,49,17.944444444444443,13.666666666666666,63.388888888888886,1,510,17.944444444444443,13.666666666666666,510.0
2418,2025-08-22,Starter,Latin America,Manufacturing,Partner,1,73,18,43.57142857142857,0,0,0,49,76.35714285714286,16.071428571428573,43.57142857142857,0,404,76.35714285714286,16.071428571428573,404.0
2419,2024-12-07,Starter,Latin America,Healthcare,Partner,1,19,7,50.69565217391305,0,0,0,49,18.08695652173913,6.521739130434782,50.69565217391305,0,662,18.08695652173913,6.521739130434782,662.0
2420,2024-11-08,Starter,Latin America,Healthcare,Paid Search,1,47,15,50.25,2,0,0,49,46.833333333333336,15.166666666666666,50.25,2,691,46.833333333333336,15.166666666666666,691.0
2421,2025-08-31,Starter,Europe,Manufacturing,Organic,0,40,27,60.357142857142854,1,0,0,49,42.92857142857143,28.714285714285715,60.357142857142854,1,395,42.92857142857143,28.714285714285715,395.0
2422,2026-06-03,Growth,Asia Pacific,Retail,Partner,1,65,18,6.75,1,0,0,129,61.75,16.75,6.75,1,119,61.75,16.75,119.0
2423,2026-07-09,Starter,Latin America,Finance,Outbound Sales,1,13,23,92.0,0,0,0,49,11.333333333333334,19.666666666666668,92.0,0,83,11.333333333333334,19.666666666666668,83.0
2424,2025-02-16,Enterprise,Europe,Manufacturing,Organic,1,71,23,26.05,0,0,0,399,69.75,21.8,26.05,0,591,69.75,21.8,591.0
2425,2025-10-08,Starter,North America,Healthcare,Paid Search,1,35,17,39.416666666666664,4,0,0,49,37.833333333333336,17.583333333333332,39.416666666666664,4,357,37.833333333333336,17.583333333333332,357.0
2426,2025-08-17,Enterprise,North America,SaaS,Partner,0,44,25,74.78571428571429,0,0,0,399,45.214285714285715,26.714285714285715,74.78571428571429,0,409,45.214285714285715,26.714285714285715,409.0
2427,2026-02-07,Growth,North America,Education,Outbound Sales,0,37,17,41.25,0,0,0,129,34.75,16.875,41.25,0,235,34.75,16.875,235.0
2428,2026-08-17,Growth,North America,Education,Partner,1,74,14,51.0,6,0,0,129,67.0,13.0,51.0,6,44,67.0,13.0,44.0
2429,2026-05-09,Starter,North America,Retail,Organic,1,29,24,62.2,3,0,0,49,28.0,18.8,62.2,3,144,28.0,18.8,144.0
2430,2026-04-19,Starter,Europe,Finance,Partner,0,56,1,57.5,0,0,0,49,51.166666666666664,0.3333333333333333,57.5,0,164,51.166666666666664,0.3333333333333333,164.0
2431,2026-03-19,Growth,Latin America,Education,Referral,1,36,30,37.0,0,0,0,129,38.42857142857143,29.428571428571427,37.0,0,195,38.42857142857143,29.428571428571427,195.0
2432,2025-03-16,Starter,Latin America,Education,Paid Search,1,42,14,46.578947368421055,4,0,0,49,43.68421052631579,13.368421052631579,46.578947368421055,4,563,43.68421052631579,13.368421052631579,563.0
2433,2026-03-30,Growth,Asia Pacific,SaaS,Paid Search,0,57,6,34.57142857142857,2,0,0,129,56.57142857142857,6.0,34.57142857142857,2,184,56.57142857142857,6.0,184.0
2434,2026-02-21,Starter,Latin America,Retail,Organic,1,62,20,39.625,7,0,0,49,61.125,15.875,39.625,7,221,61.125,15.875,221.0
2435,2025-08-05,Growth,North America,Manufacturing,Outbound Sales,0,59,13,66.66666666666667,1,0,0,129,60.8,13.333333333333334,66.66666666666667,1,421,60.8,13.333333333333334,421.0
2436,2025-05-15,Starter,Asia Pacific,Healthcare,Referral,1,68,26,75.70588235294117,1,0,0,49,71.29411764705883,27.176470588235293,75.70588235294117,1,503,71.29411764705883,27.176470588235293,503.0
2437,2025-02-22,Starter,Latin America,Finance,Organic,1,82,11,7.7,3,0,0,49,85.6,10.05,7.7,3,585,85.6,10.05,585.0
2438,2025-10-03,Starter,Europe,Finance,Organic,1,31,28,71.61538461538461,5,0,0,49,28.615384615384617,26.53846153846154,71.61538461538461,5,362,28.615384615384617,26.53846153846154,362.0
2439,2025-04-14,Growth,Asia Pacific,SaaS,Organic,1,49,12,71.05555555555556,0,0,0,129,48.55555555555556,11.61111111111111,71.05555555555556,0,534,48.55555555555556,11.61111111111111,534.0
2440,2026-02-11,Growth,Latin America,Manufacturing,Outbound Sales,1,75,19,83.25,6,0,0,129,71.75,16.375,83.25,6,231,71.75,16.375,231.0
2441,2026-08-24,Growth,Asia Pacific,Healthcare,Partner,0,44,8,49.0,2,0,0,129,45.5,8.5,49.0,2,37,45.5,8.5,37.0
2442,2025-07-20,Growth,Latin America,SaaS,Outbound Sales,1,30,24,59.2,0,0,0,129,32.13333333333333,24.466666666666665,59.2,0,437,32.13333333333333,24.466666666666665,437.0
2443,2025-05-08,Starter,Europe,Healthcare,Paid Search,1,58,16,67.38888888888889,0,0,0,49,60.166666666666664,14.444444444444445,67.38888888888889,0,510,60.166666666666664,14.444444444444445,510.0
2444,2024-11-13,Starter,Latin America,SaaS,Organic,1,46,27,39.391304347826086,1,0,0,49,45.34782608695652,28.217391304347824,39.391304347826086,1,686,45.34782608695652,28.217391304347824,686.0
2445,2025-10-10,Growth,Europe,Finance,Organic,1,74,6,31.916666666666668,2,0,0,129,79.91666666666667,5.333333333333333,31.916666666666668,2,355,79.91666666666667,5.333333333333333,355.0
2446,2025-08-28,Enterprise,Latin America,Healthcare,Partner,1,87,25,19.428571428571427,0,0,0,399,95.0,23.642857142857142,19.428571428571427,0,398,95.0,23.642857142857142,398.0
2447,2026-06-03,Enterprise,North America,Finance,Partner,0,29,17,49.5,0,0,0,399,27.5,18.0,49.5,0,119,27.5,18.0,119.0
2448,2026-09-20,Starter,Latin America,Education,Outbound Sales,1,59,15,50.0,0,0,0,49,61.0,14.0,50.0,0,10,61.0,14.0,10.0
2449,2025-05-15,Starter,Latin America,Finance,Organic,1,25,17,67.70588235294117,1,0,0,49,23.705882352941178,17.705882352941178,67.70588235294117,1,503,23.705882352941178,17.705882352941178,503.0
2450,2025-04-27,Starter,Europe,Education,Organic,0,54,24,24.333333333333332,0,0,0,49,56.5,25.166666666666668,24.333333333333332,0,521,56.5,25.166666666666668,521.0
2451,2026-07-17,Starter,Asia Pacific,Education,Outbound Sales,1,32,19,33.0,0,0,0,49,34.666666666666664,19.0,33.0,0,75,34.666666666666664,19.0,75.0
2452,2026-08-15,Enterprise,Asia Pacific,Education,Outbound Sales,1,64,15,83.5,1,0,0,399,53.5,11.0,83.5,1,46,53.5,11.0,46.0
2453,2025-12-19,Growth,Asia Pacific,Education,Referral,1,56,19,50.9,1,0,0,129,58.0,18.0,50.9,1,285,58.0,18.0,285.0
2454,2026-01-10,Starter,Europe,Manufacturing,Outbound Sales,1,30,22,80.66666666666667,0,0,0,49,29.0,21.0,80.66666666666667,0,263,29.0,21.0,263.0
2455,2026-04-10,Growth,Europe,SaaS,Paid Search,0,56,25,80.83333333333333,0,0,0,129,59.666666666666664,24.0,80.83333333333333,0,173,59.666666666666664,24.0,173.0
2456,2025-09-30,Starter,North America,SaaS,Organic,1,51,0,93.46153846153847,0,0,0,49,52.46153846153846,0.0,93.46153846153847,0,365,52.46153846153846,0.0,365.0
2457,2025-01-26,Starter,North America,Education,Outbound Sales,1,73,27,80.76190476190476,0,0,0,49,75.28571428571429,27.714285714285715,80.76190476190476,0,612,75.28571428571429,27.714285714285715,612.0
2458,2025-12-14,Starter,Europe,Manufacturing,Paid Search,1,92,12,86.4,0,0,0,49,90.6,11.2,86.4,0,290,90.6,11.2,290.0
2459,2026-09-15,Starter,Europe,Finance,Outbound Sales,1,69,35,100.0,1,0,0,49,56.0,21.0,100.0,1,15,56.0,21.0,15.0
2460,2025-02-04,Growth,North America,Retail,Referral,1,43,18,58.57142857142857,4,0,0,129,42.95238095238095,17.523809523809526,58.57142857142857,4,603,42.95238095238095,17.523809523809526,603.0
2461,2025-05-07,Starter,Latin America,Education,Organic,1,33,11,44.833333333333336,1,0,0,49,29.22222222222222,10.333333333333334,44.833333333333336,1,511,29.22222222222222,10.333333333333334,511.0
2462,2025-03-22,Growth,Europe,Finance,Outbound Sales,1,46,16,62.73684210526316,0,0,0,129,47.68421052631579,15.473684210526315,62.73684210526316,0,557,47.68421052631579,15.473684210526315,557.0
2463,2026-03-02,Growth,Asia Pacific,Retail,Referral,1,56,32,80.125,0,0,0,129,61.75,29.75,80.125,0,212,61.75,29.75,212.0
2464,2025-09-26,Growth,Europe,Healthcare,Partner,1,33,20,50.38461538461539,1,0,0,129,30.384615384615383,16.076923076923077,50.38461538461539,1,369,30.384615384615383,16.076923076923077,369.0
2465,2025-07-11,Growth,Latin America,Healthcare,Partner,1,63,25,90.13333333333334,0,0,0,129,59.666666666666664,23.266666666666666,90.13333333333334,0,446,59.666666666666664,23.266666666666666,446.0
2466,2024-11-05,Starter,North America,Manufacturing,Partner,1,49,16,59.916666666666664,2,0,0,49,45.541666666666664,15.166666666666666,59.916666666666664,2,694,45.541666666666664,15.166666666666666,694.0
2467,2025-07-24,Growth,Latin America,Healthcare,Partner,1,55,18,83.66666666666667,0,0,0,129,60.46666666666667,18.0,83.66666666666667,0,433,60.46666666666667,18.0,433.0
2468,2025-11-26,Starter,Asia Pacific,SaaS,Paid Search,0,47,19,58.18181818181818,4,0,0,49,49.0,21.727272727272727,58.18181818181818,4,308,49.0,21.727272727272727,308.0
2469,2025-06-28,Starter,Latin America,Education,Partner,1,40,26,75.0,0,0,0,49,40.875,25.9375,75.0,0,459,40.875,25.9375,459.0
2470,2026-01-30,Starter,Latin America,Manufacturing,Organic,1,51,6,46.888888888888886,0,0,0,49,47.77777777777778,5.111111111111111,46.888888888888886,0,243,47.77777777777778,5.111111111111111,243.0
2471,2025-07-30,Starter,North America,Manufacturing,Partner,1,5,13,43.333333333333336,1,1,2026-02-13 00:00:00,49,4.466666666666667,13.2,43.333333333333336,1,427,4.466666666666667,13.2,198.0
2472,2025-09-04,Enterprise,Asia Pacific,SaaS,Organic,1,18,15,34.142857142857146,0,0,0,399,16.214285714285715,13.857142857142858,34.142857142857146,0,391,16.214285714285715,13.857142857142858,391.0
2473,2026-06-18,Growth,Europe,Retail,Outbound Sales,1,58,17,62.75,5,0,0,129,55.0,20.0,62.75,5,104,55.0,20.0,104.0
2474,2026-06-08,Starter,Latin America,Finance,Outbound Sales,1,10,18,23.5,0,0,0,49,9.75,14.0,23.5,0,114,9.75,14.0,114.0
2475,2024-11-10,Growth,North America,Manufacturing,Organic,0,64,25,63.52173913043478,0,0,0,129,63.69565217391305,25.608695652173914,63.52173913043478,0,689,63.69565217391305,25.608695652173914,689.0
2476,2025-07-24,Enterprise,Latin America,SaaS,Partner,1,54,25,60.666666666666664,0,0,0,399,58.46666666666667,23.2,60.666666666666664,0,433,58.46666666666667,23.2,433.0
2477,2026-08-30,Starter,Asia Pacific,Healthcare,Referral,0,55,19,68.0,1,0,0,49,43.0,23.5,68.0,1,31,43.0,23.5,31.0
2478,2025-11-02,Starter,Europe,Manufacturing,Paid Search,1,68,20,78.41666666666667,0,0,0,49,64.91666666666667,19.25,78.41666666666667,0,332,64.91666666666667,19.25,332.0
2479,2025-06-28,Starter,North America,Manufacturing,Organic,1,66,27,37.625,2,0,0,49,68.25,24.625,37.625,2,459,68.25,24.625,459.0
2480,2025-01-01,Starter,Asia Pacific,SaaS,Partner,1,47,18,45.13636363636363,0,0,0,49,47.09090909090909,17.272727272727273,45.13636363636363,0,637,47.09090909090909,17.272727272727273,637.0
2481,2026-09-13,Starter,Latin America,SaaS,Organic,0,32,16,96.0,0,0,0,49,38.0,18.0,96.0,0,17,38.0,18.0,17.0
2482,2025-02-28,Growth,Asia Pacific,Manufacturing,Organic,1,61,19,89.15,1,0,0,129,60.9,18.3,89.15,1,579,60.9,18.3,579.0
2483,2026-02-18,Growth,North America,Finance,Partner,1,0,16,78.125,0,0,0,129,0.0,14.625,78.125,0,224,0.0,14.625,224.0
2484,2025-09-09,Starter,Europe,Healthcare,Paid Search,1,31,17,79.84615384615384,3,0,0,49,32.0,18.23076923076923,79.84615384615384,3,386,32.0,18.23076923076923,386.0
2485,2025-04-11,Enterprise,Asia Pacific,Healthcare,Referral,1,55,13,50.333333333333336,0,0,0,399,56.888888888888886,12.944444444444445,50.333333333333336,0,537,56.888888888888886,12.944444444444445,537.0
2486,2025-12-19,Starter,Asia Pacific,Education,Outbound Sales,0,41,19,39.9,2,1,2026-06-26 00:00:00,49,43.9,19.4,39.9,2,285,43.9,19.4,189.0
2487,2025-02-27,Starter,Europe,Healthcare,Partner,1,43,28,78.25,4,0,0,49,42.2,27.6,78.25,4,580,42.2,27.6,580.0
2488,2026-08-15,Starter,Europe,Finance,Organic,1,59,11,59.5,1,0,0,49,58.5,12.0,59.5,1,46,58.5,12.0,46.0
2489,2025-08-28,Starter,Latin America,Education,Paid Search,0,50,10,82.28571428571429,1,1,2026-04-03 00:00:00,49,47.357142857142854,9.857142857142858,82.28571428571429,1,398,47.357142857142854,9.857142857142858,218.0
2490,2026-07-21,Growth,Latin America,Education,Partner,0,37,3,83.66666666666667,2,0,0,129,33.666666666666664,2.0,83.66666666666667,2,71,33.666666666666664,2.0,71.0
2491,2025-06-13,Growth,Asia Pacific,Healthcare,Paid Search,1,55,19,20.5625,4,0,0,129,59.375,19.3125,20.5625,4,474,59.375,19.3125,474.0
2492,2025-06-11,Enterprise,Asia Pacific,SaaS,Referral,1,51,18,73.9375,0,0,0,399,51.3125,16.875,73.9375,0,476,51.3125,16.875,476.0
2493,2025-03-15,Starter,Europe,Retail,Organic,1,38,2,25.526315789473685,0,0,0,49,35.36842105263158,1.4736842105263157,25.526315789473685,0,564,35.36842105263158,1.4736842105263157,564.0
2494,2026-03-03,Growth,Asia Pacific,Retail,Partner,1,44,18,76.625,3,0,0,129,39.5,17.875,76.625,3,211,39.5,17.875,211.0
2495,2025-04-04,Growth,Europe,Finance,Partner,1,49,22,36.05263157894737,2,0,0,129,47.473684210526315,22.894736842105264,36.05263157894737,2,544,47.473684210526315,22.894736842105264,544.0
2496,2026-02-07,Starter,Latin America,Retail,Referral,0,44,16,40.5,0,0,0,49,48.5,17.5,40.5,0,235,48.5,17.5,235.0
2497,2026-07-12,Growth,Europe,Finance,Partner,1,53,12,100.0,0,0,0,129,59.666666666666664,12.333333333333334,100.0,0,80,59.666666666666664,12.333333333333334,80.0
2498,2025-11-16,Starter,Latin America,Education,Partner,1,43,27,73.63636363636364,1,0,0,49,40.09090909090909,22.818181818181817,73.63636363636364,1,318,40.09090909090909,22.818181818181817,318.0
2499,2025-12-29,Starter,Latin America,Healthcare,Organic,1,43,22,80.9,2,0,0,49,50.3,22.7,80.9,2,275,50.3,22.7,275.0
2500,2026-05-15,Enterprise,Europe,Manufacturing,Organic,0,49,30,30.2,1,0,0,399,51.2,26.8,30.2,1,138,51.2,26.8,138.0
2501,2026-02-24,Enterprise,Latin America,Finance,Outbound Sales,1,66,15,28.5,6,0,0,399,70.125,13.5,28.5,6,218,70.125,13.5,218.0
2502,2026-05-03,Starter,Latin America,Education,Partner,0,46,19,46.166666666666664,0,0,0,49,51.333333333333336,18.333333333333332,46.166666666666664,0,150,51.333333333333336,18.333333333333332,150.0
2503,2026-09-10,Starter,North America,SaaS,Paid Search,1,41,21,32.0,3,0,0,49,50.0,22.0,32.0,3,20,50.0,22.0,20.0
2504,2025-06-10,Enterprise,North America,SaaS,Outbound Sales,0,50,30,68.5625,0,0,0,399,48.625,29.25,68.5625,0,477,48.625,29.25,477.0
2505,2025-07-10,Growth,Europe,Finance,Referral,1,52,17,21.733333333333334,0,0,0,129,54.13333333333333,16.733333333333334,21.733333333333334,0,447,54.13333333333333,16.733333333333334,447.0
2506,2026-09-26,Growth,Asia Pacific,Retail,Partner,0,54,15,46.0,0,0,0,129,57.0,12.0,46.0,0,4,57.0,12.0,4.0
2507,2026-07-02,Starter,North America,Retail,Organic,1,32,25,62.0,8,0,0,49,33.25,21.5,62.0,8,90,33.25,21.5,90.0
2508,2025-01-21,Enterprise,North America,Education,Partner,1,30,21,52.095238095238095,0,0,0,399,26.761904761904763,21.0,52.095238095238095,0,617,26.761904761904763,21.0,617.0
2509,2026-04-21,Enterprise,Latin America,Manufacturing,Outbound Sales,1,63,28,63.0,0,0,0,399,57.5,27.166666666666668,63.0,0,162,57.5,27.166666666666668,162.0
2510,2026-01-30,Starter,Latin America,Retail,Referral,0,29,22,65.88888888888889,0,0,0,49,29.22222222222222,18.77777777777778,65.88888888888889,0,243,29.22222222222222,18.77777777777778,243.0
2511,2026-04-23,Starter,North America,Manufacturing,Partner,0,67,6,60.5,2,0,0,49,66.16666666666667,5.333333333333333,60.5,2,160,66.16666666666667,5.333333333333333,160.0
2512,2025-11-04,Growth,North America,Manufacturing,Partner,1,73,24,93.16666666666667,1,0,0,129,81.25,23.75,93.16666666666667,1,330,81.25,23.75,330.0
2513,2025-01-17,Starter,Latin America,Healthcare,Paid Search,0,49,0,83.0952380952381,0,0,0,49,50.333333333333336,0.0,83.0952380952381,0,621,50.333333333333336,0.0,621.0
2514,2026-05-30,Starter,Asia Pacific,Healthcare,Partner,1,48,21,29.4,2,0,0,49,52.6,22.0,29.4,2,123,52.6,22.0,123.0
2515,2025-02-21,Starter,Asia Pacific,Manufacturing,Paid Search,1,26,20,39.3,1,0,0,49,25.3,19.55,39.3,1,586,25.3,19.55,586.0
2516,2025-01-01,Enterprise,Asia Pacific,Healthcare,Referral,1,32,26,81.9090909090909,1,0,0,399,30.5,25.90909090909091,81.9090909090909,1,637,30.5,25.90909090909091,637.0
2517,2026-05-13,Growth,Europe,SaaS,Referral,1,47,24,63.2,0,1,2026-08-15 00:00:00,129,50.0,25.4,63.2,0,140,50.0,25.4,94.0
2518,2025-05-25,Growth,Latin America,SaaS,Paid Search,1,54,18,87.52941176470588,0,0,0,129,56.588235294117645,18.176470588235293,87.52941176470588,0,493,56.588235294117645,18.176470588235293,493.0
2519,2026-06-08,Starter,Latin America,Education,Paid Search,1,91,20,87.25,5,0,0,49,91.0,18.0,87.25,5,114,91.0,18.0,114.0
2520,2026-05-02,Enterprise,North America,Healthcare,Organic,1,35,19,9.666666666666666,4,0,0,399,36.333333333333336,19.166666666666668,9.666666666666666,4,151,36.333333333333336,19.166666666666668,151.0
2521,2025-04-01,Growth,North America,Manufacturing,Referral,1,50,31,31.57894736842105,0,1,2025-07-24 00:00:00,129,51.10526315789474,30.05263157894737,31.57894736842105,0,547,51.10526315789474,30.05263157894737,114.0
2522,2025-09-30,Starter,North America,Retail,Referral,1,35,32,67.07692307692308,0,0,0,49,34.76923076923077,33.61538461538461,67.07692307692308,0,365,34.76923076923077,33.61538461538461,365.0
2523,2026-04-15,Growth,Asia Pacific,Retail,Outbound Sales,1,25,12,60.0,0,0,0,129,25.666666666666668,12.666666666666666,60.0,0,168,25.666666666666668,12.666666666666666,168.0
2524,2026-01-25,Growth,North America,SaaS,Outbound Sales,1,42,3,67.11111111111111,1,1,2026-03-25 00:00:00,129,43.77777777777778,2.6666666666666665,67.11111111111111,1,248,43.77777777777778,2.6666666666666665,59.0
2525,2026-09-26,Starter,North America,Manufacturing,Outbound Sales,1,79,19,65.0,0,0,0,49,77.0,23.0,65.0,0,4,77.0,23.0,4.0
2526,2025-05-28,Starter,Asia Pacific,Finance,Organic,1,34,15,48.411764705882355,0,0,0,49,32.94117647058823,14.647058823529411,48.411764705882355,0,490,32.94117647058823,14.647058823529411,490.0
2527,2026-06-19,Growth,North America,SaaS,Referral,1,67,17,32.0,1,0,0,129,54.75,19.25,32.0,1,103,54.75,19.25,103.0
2528,2026-03-14,Starter,Asia Pacific,Education,Partner,1,66,16,45.857142857142854,0,0,0,49,73.0,16.857142857142858,45.857142857142854,0,200,73.0,16.857142857142858,200.0
2529,2025-01-31,Growth,Latin America,SaaS,Paid Search,0,8,8,58.57142857142857,1,0,0,129,7.428571428571429,7.666666666666667,58.57142857142857,1,607,7.428571428571429,7.666666666666667,607.0
2530,2026-04-05,Starter,Europe,SaaS,Outbound Sales,1,21,11,68.66666666666667,1,0,0,49,23.666666666666668,9.333333333333334,68.66666666666667,1,178,23.666666666666668,9.333333333333334,178.0
2531,2026-01-29,Starter,North America,Retail,Organic,1,26,21,74.55555555555556,0,0,0,49,24.77777777777778,21.22222222222222,74.55555555555556,0,244,24.77777777777778,21.22222222222222,244.0
2532,2024-12-25,Growth,Asia Pacific,Retail,Organic,1,34,26,25.0,0,0,0,129,33.5,23.272727272727273,25.0,0,644,33.5,23.272727272727273,644.0
2533,2026-02-06,Starter,Asia Pacific,Education,Referral,1,17,31,49.25,0,0,0,49,16.125,29.125,49.25,0,236,16.125,29.125,236.0
2534,2025-03-14,Starter,North America,Retail,Partner,0,28,19,86.42105263157895,2,0,0,49,28.105263157894736,17.36842105263158,86.42105263157895,2,565,28.105263157894736,17.36842105263158,565.0
2535,2026-04-08,Starter,Europe,Education,Paid Search,1,44,32,33.333333333333336,0,1,2026-08-22 00:00:00,49,48.0,33.0,33.333333333333336,0,175,48.0,33.0,136.0
2536,2026-02-09,Starter,Europe,Healthcare,Partner,1,36,17,81.625,2,0,0,49,35.75,17.5,81.625,2,233,35.75,17.5,233.0
2537,2026-05-30,Starter,North America,Retail,Organic,1,46,0,43.0,3,0,0,49,45.8,0.0,43.0,3,123,45.8,0.0,123.0
2538,2024-12-28,Growth,North America,Retail,Referral,1,53,27,81.81818181818181,1,0,0,129,51.63636363636363,25.045454545454547,81.81818181818181,1,641,51.63636363636363,25.045454545454547,641.0
2539,2026-05-25,Starter,Asia Pacific,Manufacturing,Outbound Sales,0,96,17,66.0,1,0,0,49,91.6,17.8,66.0,1,128,91.6,17.8,128.0
2540,2026-02-15,Enterprise,Latin America,Healthcare,Paid Search,0,32,14,61.5,0,1,2026-09-05 00:00:00,399,29.375,16.25,61.5,0,227,29.375,16.25,202.0
2541,2025-09-10,Starter,Latin America,Finance,Paid Search,1,34,11,84.92307692307692,0,0,0,49,33.38461538461539,11.461538461538462,84.92307692307692,0,385,33.38461538461539,11.461538461538462,385.0
2542,2024-11-21,Growth,North America,Healthcare,Partner,0,41,26,69.3913043478261,0,0,0,129,39.43478260869565,23.782608695652176,69.3913043478261,0,678,39.43478260869565,23.782608695652176,678.0
2543,2025-12-09,Starter,Latin America,Healthcare,Referral,1,56,23,53.2,0,0,0,49,54.1,19.4,53.2,0,295,54.1,19.4,295.0
2544,2025-07-17,Enterprise,Asia Pacific,Manufacturing,Referral,1,38,18,79.13333333333334,0,0,0,399,39.06666666666667,18.066666666666666,79.13333333333334,0,440,39.06666666666667,18.066666666666666,440.0
2545,2024-11-02,Starter,Asia Pacific,Manufacturing,Organic,1,65,26,63.5,2,0,0,49,64.79166666666667,25.041666666666668,63.5,2,697,64.79166666666667,25.041666666666668,697.0
2546,2025-06-10,Growth,Asia Pacific,Retail,Partner,0,50,9,91.875,0,0,0,129,46.375,8.4375,91.875,0,477,46.375,8.4375,477.0
2547,2026-06-14,Starter,North America,Education,Paid Search,1,0,20,68.0,4,0,0,49,0.0,19.25,68.0,4,108,0.0,19.25,108.0
2548,2025-01-12,Growth,Asia Pacific,Education,Partner,1,20,14,32.04761904761905,0,0,0,129,19.666666666666668,15.047619047619047,32.04761904761905,0,626,19.666666666666668,15.047619047619047,626.0
2549,2024-12-15,Growth,Europe,SaaS,Referral,1,33,15,76.27272727272727,1,0,0,129,32.63636363636363,14.818181818181818,76.27272727272727,1,654,32.63636363636363,14.818181818181818,654.0
2550,2026-01-06,Growth,Europe,Healthcare,Paid Search,1,51,17,58.888888888888886,0,0,0,129,49.44444444444444,17.11111111111111,58.888888888888886,0,267,49.44444444444444,17.11111111111111,267.0
2551,2025-10-17,Growth,Europe,Finance,Paid Search,1,33,29,48.75,0,0,0,129,32.666666666666664,28.5,48.75,0,348,32.666666666666664,28.5,348.0
2552,2025-01-03,Growth,North America,Retail,Paid Search,1,45,3,36.04545454545455,1,0,0,129,42.95454545454545,2.3636363636363638,36.04545454545455,1,635,42.95454545454545,2.3636363636363638,635.0
2553,2026-05-07,Starter,Europe,Finance,Partner,1,56,22,75.6,0,0,0,49,56.8,25.0,75.6,0,146,56.8,25.0,146.0
2554,2024-12-30,Growth,Europe,Finance,Paid Search,1,23,10,81.0,1,0,0,129,22.863636363636363,9.0,81.0,1,639,22.863636363636363,9.0,639.0
2555,2025-01-08,Growth,Europe,Finance,Organic,1,80,19,93.5,4,0,0,129,81.31818181818181,19.5,93.5,4,630,81.31818181818181,19.5,630.0
2556,2026-02-25,Starter,Latin America,Finance,Paid Search,1,23,22,65.0,0,0,0,49,22.125,24.875,65.0,0,217,22.125,24.875,217.0
2557,2024-12-01,Growth,North America,Manufacturing,Paid Search,1,28,4,44.82608695652174,2,0,0,129,27.391304347826086,3.217391304347826,44.82608695652174,2,668,27.391304347826086,3.217391304347826,668.0
2558,2025-08-19,Growth,North America,Retail,Outbound Sales,0,59,26,64.64285714285714,0,0,0,129,54.857142857142854,25.071428571428573,64.64285714285714,0,407,54.857142857142854,25.071428571428573,407.0
2559,2025-12-22,Starter,Asia Pacific,Retail,Paid Search,1,24,28,54.3,0,0,0,49,23.7,25.2,54.3,0,282,23.7,25.2,282.0
2560,2025-05-02,Starter,North America,Manufacturing,Partner,1,52,8,64.11111111111111,0,0,0,49,50.05555555555556,7.666666666666667,64.11111111111111,0,516,50.05555555555556,7.666666666666667,516.0
2561,2025-03-17,Starter,Latin America,Healthcare,Organic,0,38,0,39.26315789473684,1,0,0,49,39.26315789473684,0.0,39.26315789473684,1,562,39.26315789473684,0.0,562.0
2562,2026-08-17,Enterprise,Europe,Finance,Organic,1,17,22,51.5,2,0,0,399,15.0,22.5,51.5,2,44,15.0,22.5,44.0
2563,2026-08-22,Enterprise,Europe,Education,Referral,1,27,13,53.5,0,0,0,399,23.0,15.0,53.5,0,39,23.0,15.0,39.0
2564,2026-01-03,Starter,Asia Pacific,Retail,Organic,1,60,27,63.0,0,0,0,49,58.5,29.6,63.0,0,270,58.5,29.6,270.0
2565,2025-11-17,Starter,Asia Pacific,Finance,Partner,1,45,10,80.0909090909091,2,0,0,49,42.18181818181818,9.545454545454545,80.0909090909091,2,317,42.18181818181818,9.545454545454545,317.0
2566,2025-11-25,Starter,Asia Pacific,Retail,Paid Search,1,44,25,88.0909090909091,0,0,0,49,41.27272727272727,24.454545454545453,88.0909090909091,0,309,41.27272727272727,24.454545454545453,309.0
2567,2026-02-01,Enterprise,Latin America,SaaS,Partner,0,40,9,84.77777777777777,0,0,0,399,35.666666666666664,7.333333333333333,84.77777777777777,0,241,35.666666666666664,7.333333333333333,241.0
2568,2025-11-20,Starter,Asia Pacific,SaaS,Paid Search,1,34,0,76.63636363636364,1,0,0,49,28.90909090909091,0.0,76.63636363636364,1,314,28.90909090909091,0.0,314.0
2569,2025-11-18,Starter,Europe,Healthcare,Outbound Sales,1,74,11,85.27272727272727,0,0,0,49,72.18181818181819,10.363636363636363,85.27272727272727,0,316,72.18181818181819,10.363636363636363,316.0
2570,2025-01-20,Starter,Latin America,Retail,Paid Search,1,55,7,56.857142857142854,3,0,0,49,54.523809523809526,6.571428571428571,56.857142857142854,3,618,54.523809523809526,6.571428571428571,618.0
2571,2026-09-29,Starter,Latin America,Education,Outbound Sales,1,50,19,34.0,3,0,0,49,56.0,17.0,34.0,3,1,56.0,17.0,1.0
2572,2026-09-07,Starter,Asia Pacific,Manufacturing,Paid Search,0,14,14,79.0,0,0,0,49,13.0,10.0,79.0,0,23,13.0,10.0,23.0
2573,2026-05-05,Starter,North America,Healthcare,Referral,0,53,23,62.2,2,1,2026-06-21 00:00:00,49,52.6,22.4,62.2,2,148,52.6,22.4,47.0
2574,2026-08-30,Starter,North America,Education,Partner,1,48,11,41.0,1,0,0,49,54.5,14.0,41.0,1,31,54.5,14.0,31.0
2575,2025-10-21,Growth,North America,Retail,Outbound Sales,1,55,19,74.5,3,0,0,129,53.333333333333336,19.5,74.5,3,344,53.333333333333336,19.5,344.0
2576,2025-02-28,Starter,Latin America,SaaS,Organic,1,52,2,58.25,0,0,0,49,50.85,1.6,58.25,0,579,50.85,1.6,579.0
2577,2025-04-30,Starter,North America,Healthcare,Outbound Sales,0,60,13,55.94444444444444,0,0,0,49,57.111111111111114,12.222222222222221,55.94444444444444,0,518,57.111111111111114,12.222222222222221,518.0
2578,2026-05-03,Starter,Asia Pacific,SaaS,Referral,1,44,12,60.666666666666664,0,0,0,49,42.833333333333336,11.333333333333334,60.666666666666664,0,150,42.833333333333336,11.333333333333334,150.0
2579,2025-12-06,Growth,Europe,Finance,Outbound Sales,1,53,14,82.6,0,0,0,129,57.2,10.8,82.6,0,298,57.2,10.8,298.0
2580,2026-04-24,Starter,Asia Pacific,Healthcare,Outbound Sales,1,28,6,38.333333333333336,0,0,0,49,29.333333333333332,6.666666666666667,38.333333333333336,0,159,29.333333333333332,6.666666666666667,159.0
2581,2025-03-09,Growth,Latin America,SaaS,Paid Search,1,50,9,40.35,4,0,0,129,50.2,9.05,40.35,4,570,50.2,9.05,570.0
2582,2025-06-15,Growth,Latin America,Finance,Paid Search,0,48,28,52.25,1,0,0,129,44.5625,26.0625,52.25,1,472,44.5625,26.0625,472.0
2583,2024-11-02,Growth,Asia Pacific,Finance,Paid Search,1,30,20,42.708333333333336,3,0,0,129,29.375,20.0,42.708333333333336,3,697,29.375,20.0,697.0
2584,2024-11-22,Starter,Europe,Finance,Paid Search,1,85,16,36.26086956521739,0,0,0,49,81.30434782608695,15.304347826086957,36.26086956521739,0,677,81.30434782608695,15.304347826086957,677.0
2585,2025-08-31,Enterprise,Latin America,Manufacturing,Outbound Sales,1,46,23,78.78571428571429,1,0,0,399,40.857142857142854,24.714285714285715,78.78571428571429,1,395,40.857142857142854,24.714285714285715,395.0
2586,2026-02-16,Growth,Europe,Retail,Partner,0,67,16,76.75,0,0,0,129,68.25,15.5,76.75,0,226,68.25,15.5,226.0
2587,2026-09-19,Growth,Latin America,Education,Paid Search,1,72,12,28.0,0,0,0,129,64.0,7.0,28.0,0,11,64.0,7.0,11.0
2588,2026-05-10,Growth,North America,Manufacturing,Outbound Sales,1,47,11,55.0,1,0,0,129,51.2,11.0,55.0,1,143,51.2,11.0,143.0
2589,2026-01-07,Growth,Europe,Finance,Referral,1,39,17,66.88888888888889,2,0,0,129,42.22222222222222,17.333333333333332,66.88888888888889,2,266,42.22222222222222,17.333333333333332,266.0
2590,2026-04-27,Starter,Asia Pacific,Education,Partner,1,58,27,75.16666666666667,0,0,0,49,59.833333333333336,26.666666666666668,75.16666666666667,0,156,59.833333333333336,26.666666666666668,156.0
2591,2025-11-22,Starter,North America,Retail,Organic,1,36,14,0.0,2,0,0,49,35.0,13.727272727272727,0.0,2,312,35.0,13.727272727272727,312.0
2592,2025-06-22,Starter,Asia Pacific,Healthcare,Organic,1,68,23,58.25,0,0,0,49,66.1875,24.375,58.25,0,465,66.1875,24.375,465.0
2593,2025-07-10,Growth,Asia Pacific,SaaS,Referral,0,56,17,36.86666666666667,0,0,0,129,55.333333333333336,17.333333333333332,36.86666666666667,0,447,55.333333333333336,17.333333333333332,447.0
2594,2026-02-13,Starter,Asia Pacific,Manufacturing,Paid Search,1,57,13,58.5,0,1,2026-06-11 00:00:00,49,63.375,13.0,58.5,0,229,63.375,13.0,118.0
2595,2025-04-06,Starter,Europe,Finance,Paid Search,0,54,21,60.05263157894737,0,0,0,49,52.94736842105263,19.05263157894737,60.05263157894737,0,542,52.94736842105263,19.05263157894737,542.0
2596,2025-08-08,Starter,Asia Pacific,Retail,Paid Search,0,10,17,89.78571428571429,1,0,0,49,9.642857142857142,16.785714285714285,89.78571428571429,1,418,9.642857142857142,16.785714285714285,418.0
2597,2025-05-11,Starter,Latin America,Education,Outbound Sales,1,29,22,75.05882352941177,0,0,0,49,25.88235294117647,23.235294117647058,75.05882352941177,0,507,25.88235294117647,23.235294117647058,507.0
2598,2025-02-22,Enterprise,Asia Pacific,Manufacturing,Outbound Sales,1,41,27,70.25,1,0,0,399,39.2,25.05,70.25,1,585,39.2,25.05,585.0
2599,2024-12-01,Enterprise,Europe,Retail,Organic,1,50,8,76.04347826086956,0,0,0,399,50.608695652173914,8.0,76.04347826086956,0,668,50.608695652173914,8.0,668.0
2600,2026-09-06,Starter,Europe,SaaS,Outbound Sales,1,42,11,34.0,0,0,0,49,41.0,15.0,34.0,0,24,41.0,15.0,24.0
2601,2026-01-02,Starter,Asia Pacific,Manufacturing,Paid Search,0,45,10,59.8,4,0,0,49,48.4,10.3,59.8,4,271,48.4,10.3,271.0
2602,2026-07-21,Growth,North America,Retail,Organic,0,18,14,34.333333333333336,3,0,0,129,13.666666666666666,16.666666666666668,34.333333333333336,3,71,13.666666666666666,16.666666666666668,71.0
2603,2024-11-15,Growth,North America,Manufacturing,Paid Search,1,29,20,72.30434782608695,2,0,0,129,27.782608695652176,19.391304347826086,72.30434782608695,2,684,27.782608695652176,19.391304347826086,684.0
2604,2025-07-03,Starter,Latin America,Finance,Organic,1,16,17,64.875,0,0,0,49,15.1875,16.5625,64.875,0,454,15.1875,16.5625,454.0
2605,2025-05-29,Starter,Europe,Healthcare,Referral,1,42,21,40.64705882352941,0,0,0,49,43.8235294117647,22.41176470588235,40.64705882352941,0,489,43.8235294117647,22.41176470588235,489.0
2606,2025-01-06,Starter,Europe,Healthcare,Outbound Sales,0,29,10,74.45454545454545,0,0,0,49,27.59090909090909,9.909090909090908,74.45454545454545,0,632,27.59090909090909,9.909090909090908,632.0
2607,2025-02-10,Starter,Europe,SaaS,Partner,1,42,13,42.4,2,0,0,49,44.25,13.25,42.4,2,597,44.25,13.25,597.0
2608,2026-06-30,Starter,Asia Pacific,Manufacturing,Outbound Sales,1,40,19,49.0,4,0,0,49,36.25,19.0,49.0,4,92,36.25,19.0,92.0
2609,2024-12-03,Starter,Europe,Retail,Partner,0,46,16,88.47826086956522,0,0,0,49,43.52173913043478,15.695652173913043,88.47826086956522,0,666,43.52173913043478,15.695652173913043,666.0
2610,2026-01-30,Enterprise,Latin America,Education,Referral,0,64,15,75.55555555555556,1,0,0,399,57.55555555555556,15.666666666666666,75.55555555555556,1,243,57.55555555555556,15.666666666666666,243.0
2611,2026-07-04,Growth,Europe,Education,Outbound Sales,1,32,24,36.333333333333336,0,0,0,129,32.333333333333336,22.0,36.333333333333336,0,88,32.333333333333336,22.0,88.0
2612,2026-09-18,Starter,Latin America,Retail,Organic,1,94,8,45.0,2,0,0,49,82.0,6.0,45.0,2,12,82.0,6.0,12.0
2613,2024-12-18,Growth,Latin America,Healthcare,Paid Search,1,39,12,69.0,3,1,2025-05-22 00:00:00,129,38.18181818181818,12.363636363636363,69.0,3,651,38.18181818181818,12.363636363636363,155.0
2614,2024-12-14,Growth,Latin America,Healthcare,Outbound Sales,1,75,20,55.63636363636363,1,0,0,129,77.54545454545455,18.818181818181817,55.63636363636363,1,655,77.54545454545455,18.818181818181817,655.0
2615,2025-12-15,Growth,Europe,Healthcare,Outbound Sales,1,73,25,35.6,0,0,0,129,70.7,25.0,35.6,0,289,70.7,25.0,289.0
2616,2026-01-22,Starter,North America,Education,Partner,1,84,27,51.333333333333336,0,0,0,49,84.0,25.666666666666668,51.333333333333336,0,251,84.0,25.666666666666668,251.0
2617,2025-06-26,Enterprise,Asia Pacific,SaaS,Outbound Sales,1,12,23,33.0625,0,0,0,399,11.5,24.5625,33.0625,0,461,11.5,24.5625,461.0
2618,2026-05-05,Starter,Asia Pacific,Finance,Paid Search,1,30,33,80.6,2,0,0,49,31.4,31.6,80.6,2,148,31.4,31.6,148.0
2619,2025-06-09,Starter,Europe,SaaS,Outbound Sales,0,52,7,75.0625,0,0,0,49,53.125,6.375,75.0625,0,478,53.125,6.375,478.0
2620,2024-12-26,Enterprise,Latin America,Education,Outbound Sales,1,30,0,78.4090909090909,1,0,0,399,31.727272727272727,0.0,78.4090909090909,1,643,31.727272727272727,0.0,643.0
2621,2025-03-22,Starter,Latin America,Finance,Paid Search,1,34,10,49.0,0,0,0,49,35.31578947368421,9.473684210526315,49.0,0,557,35.31578947368421,9.473684210526315,557.0
2622,2026-03-29,Starter,Asia Pacific,Finance,Referral,1,26,23,66.28571428571429,1,0,0,49,25.428571428571427,21.285714285714285,66.28571428571429,1,185,25.428571428571427,21.285714285714285,185.0
2623,2025-08-22,Growth,Latin America,Finance,Organic,1,28,28,61.07142857142857,0,0,0,129,26.642857142857142,27.428571428571427,61.07142857142857,0,404,26.642857142857142,27.428571428571427,404.0
2624,2025-06-26,Growth,Asia Pacific,SaaS,Organic,0,24,4,54.0,0,0,0,129,22.6875,3.5625,54.0,0,461,22.6875,3.5625,461.0
2625,2026-06-11,Growth,Latin America,Healthcare,Referral,1,39,18,74.25,0,0,0,129,43.75,21.25,74.25,0,111,43.75,21.25,111.0
2626,2025-09-21,Starter,Asia Pacific,Retail,Paid Search,1,87,7,79.53846153846153,0,0,0,49,83.61538461538461,5.923076923076923,79.53846153846153,0,374,83.61538461538461,5.923076923076923,374.0
2627,2026-06-13,Growth,Latin America,Healthcare,Partner,1,29,26,33.75,0,0,0,129,25.5,32.25,33.75,0,109,25.5,32.25,109.0
2628,2026-07-04,Growth,North America,Manufacturing,Partner,0,36,12,85.66666666666667,0,0,0,129,34.666666666666664,10.666666666666666,85.66666666666667,0,88,34.666666666666664,10.666666666666666,88.0
2629,2026-09-18,Starter,Asia Pacific,Retail,Organic,1,87,10,52.0,5,0,0,49,102.0,11.0,52.0,5,12,102.0,11.0,12.0
2630,2025-09-23,Enterprise,North America,Healthcare,Paid Search,1,18,20,31.53846153846154,4,0,0,399,19.0,19.76923076923077,31.53846153846154,4,372,19.0,19.76923076923077,372.0
2631,2025-06-29,Growth,Latin America,Retail,Partner,1,44,13,76.9375,1,0,0,129,41.5625,11.5,76.9375,1,458,41.5625,11.5,458.0
2632,2025-09-04,Starter,Asia Pacific,SaaS,Paid Search,1,61,0,40.57142857142857,2,0,0,49,60.714285714285715,0.0,40.57142857142857,2,391,60.714285714285715,0.0,391.0
2633,2025-03-25,Starter,North America,Retail,Partner,1,42,19,73.94736842105263,3,0,0,49,41.94736842105263,20.42105263157895,73.94736842105263,3,554,41.94736842105263,20.42105263157895,554.0
2634,2026-09-06,Starter,Latin America,Education,Outbound Sales,1,83,14,41.0,3,1,2026-09-30 00:00:00,49,69.0,8.0,41.0,3,24,69.0,8.0,24.0
2635,2026-04-16,Growth,Europe,SaaS,Partner,1,55,14,31.166666666666668,3,0,0,129,53.666666666666664,14.666666666666666,31.166666666666668,3,167,53.666666666666664,14.666666666666666,167.0
2636,2025-06-13,Growth,Europe,Finance,Organic,1,33,15,64.625,0,0,0,129,32.5625,13.8125,64.625,0,474,32.5625,13.8125,474.0
2637,2025-12-27,Enterprise,North America,Healthcare,Outbound Sales,1,55,2,61.3,1,0,0,399,51.2,1.4,61.3,1,277,51.2,1.4,277.0
2638,2025-09-02,Starter,Europe,Retail,Outbound Sales,1,63,0,65.28571428571429,4,0,0,49,62.42857142857143,0.0,65.28571428571429,4,393,62.42857142857143,0.0,393.0
2639,2025-08-07,Starter,Asia Pacific,Finance,Outbound Sales,1,47,26,85.14285714285714,0,0,0,49,46.5,27.0,85.14285714285714,0,419,46.5,27.0,419.0
2640,2024-12-31,Growth,Europe,Finance,Partner,1,60,21,75.81818181818181,0,0,0,129,60.22727272727273,21.681818181818183,75.81818181818181,0,638,60.22727272727273,21.681818181818183,638.0
2641,2026-05-23,Starter,North America,Healthcare,Referral,1,43,15,39.2,5,0,0,49,38.0,12.0,39.2,5,130,38.0,12.0,130.0
2642,2026-06-27,Growth,Europe,Education,Outbound Sales,0,26,17,79.75,3,0,0,129,23.5,15.5,79.75,3,95,23.5,15.5,95.0
2643,2025-04-27,Starter,Asia Pacific,Education,Paid Search,1,30,40,78.5,0,0,0,49,29.88888888888889,44.72222222222222,78.5,0,521,29.88888888888889,44.72222222222222,521.0
2644,2026-08-02,Starter,North America,Manufacturing,Partner,1,24,30,75.0,2,0,0,49,24.0,40.5,75.0,2,59,24.0,40.5,59.0
2645,2026-09-25,Enterprise,Asia Pacific,Education,Organic,1,45,17,50.0,2,0,0,399,41.0,13.0,50.0,2,5,41.0,13.0,5.0
2646,2026-01-10,Growth,North America,Healthcare,Partner,1,56,9,78.22222222222223,0,0,0,129,55.111111111111114,9.0,78.22222222222223,0,263,55.111111111111114,9.0,263.0
2647,2026-05-22,Enterprise,Latin America,Retail,Partner,1,39,17,71.0,0,0,0,399,35.0,14.2,71.0,0,131,35.0,14.2,131.0
2648,2026-03-21,Starter,Europe,Finance,Partner,1,46,15,70.71428571428571,2,0,0,49,48.142857142857146,13.571428571428571,70.71428571428571,2,193,48.142857142857146,13.571428571428571,193.0
2649,2024-12-17,Growth,North America,Healthcare,Referral,1,43,33,92.68181818181819,0,0,0,129,40.77272727272727,30.5,92.68181818181819,0,652,40.77272727272727,30.5,652.0
2650,2025-10-17,Growth,Latin America,Retail,Paid Search,1,29,17,44.916666666666664,0,0,0,129,30.5,17.333333333333332,44.916666666666664,0,348,30.5,17.333333333333332,348.0
2651,2026-08-19,Growth,Latin America,SaaS,Organic,1,87,14,45.5,2,0,0,129,87.0,12.5,45.5,2,42,87.0,12.5,42.0
2652,2026-09-17,Growth,Europe,Manufacturing,Paid Search,1,18,13,59.0,2,1,2026-09-30 00:00:00,129,13.0,17.0,59.0,2,13,13.0,17.0,13.0
2653,2025-11-24,Growth,Europe,Retail,Outbound Sales,0,50,7,67.72727272727273,0,0,0,129,51.27272727272727,6.454545454545454,67.72727272727273,0,310,51.27272727272727,6.454545454545454,310.0
2654,2026-04-20,Starter,Latin America,SaaS,Partner,1,32,14,39.333333333333336,1,0,0,49,33.0,14.0,39.333333333333336,1,163,33.0,14.0,163.0
2655,2025-09-21,Starter,Europe,Manufacturing,Referral,1,89,25,41.23076923076923,2,0,0,49,91.53846153846153,26.23076923076923,41.23076923076923,2,374,91.53846153846153,26.23076923076923,374.0
2656,2025-12-30,Starter,Asia Pacific,Education,Outbound Sales,1,45,19,60.7,0,0,0,49,46.1,17.3,60.7,0,274,46.1,17.3,274.0
2657,2025-12-22,Starter,Asia Pacific,SaaS,Organic,1,45,23,91.9,0,0,0,49,46.4,21.4,91.9,0,282,46.4,21.4,282.0
2658,2025-03-31,Enterprise,North America,SaaS,Outbound Sales,1,43,29,68.89473684210526,1,0,0,399,40.94736842105263,26.789473684210527,68.89473684210526,1,548,40.94736842105263,26.789473684210527,548.0
2659,2025-09-02,Growth,North America,Manufacturing,Organic,1,33,15,69.28571428571429,3,0,0,129,32.214285714285715,15.071428571428571,69.28571428571429,3,393,32.214285714285715,15.071428571428571,393.0
2660,2025-11-19,Starter,Europe,Retail,Partner,0,41,19,66.0,3,0,0,49,44.45454545454545,17.0,66.0,3,315,44.45454545454545,17.0,315.0
2661,2025-05-06,Growth,Latin America,Healthcare,Outbound Sales,0,28,4,69.55555555555556,1,0,0,129,28.77777777777778,3.7777777777777777,69.55555555555556,1,512,28.77777777777778,3.7777777777777777,512.0
2662,2026-05-03,Starter,Europe,Finance,Outbound Sales,1,78,14,66.33333333333333,2,0,0,49,78.5,13.833333333333334,66.33333333333333,2,150,78.5,13.833333333333334,150.0
2663,2026-02-26,Starter,Latin America,SaaS,Referral,1,45,17,50.75,0,0,0,49,45.0,16.25,50.75,0,216,45.0,16.25,216.0
2664,2025-07-03,Growth,Latin America,Retail,Organic,1,2,11,28.8125,1,0,0,129,1.3125,11.0,28.8125,1,454,1.3125,11.0,454.0
2665,2025-06-17,Starter,Latin America,Retail,Partner,1,57,26,47.5625,0,0,0,49,56.3125,23.5,47.5625,0,470,56.3125,23.5,470.0
2666,2025-09-02,Starter,North America,Education,Referral,1,60,0,74.57142857142857,1,0,0,49,60.857142857142854,0.0,74.57142857142857,1,393,60.857142857142854,0.0,393.0
2667,2025-03-26,Starter,Europe,SaaS,Partner,1,55,17,77.94736842105263,5,0,0,49,55.63157894736842,16.105263157894736,77.94736842105263,5,553,55.63157894736842,16.105263157894736,553.0
2668,2026-02-16,Starter,North America,Manufacturing,Paid Search,1,21,16,39.5,0,0,0,49,20.125,17.0,39.5,0,226,20.125,17.0,226.0
2669,2024-12-28,Starter,Europe,SaaS,Referral,1,55,18,9.818181818181818,1,0,0,49,51.90909090909091,17.181818181818183,9.818181818181818,1,641,51.90909090909091,17.181818181818183,641.0
2670,2026-05-28,Starter,North America,Healthcare,Outbound Sales,1,53,28,35.6,0,0,0,49,51.8,31.6,35.6,0,125,51.8,31.6,125.0
2671,2025-12-26,Starter,Latin America,Finance,Organic,0,59,10,46.5,0,0,0,49,59.9,10.4,46.5,0,278,59.9,10.4,278.0
2672,2025-12-30,Growth,Asia Pacific,Healthcare,Outbound Sales,1,63,9,61.9,1,0,0,129,60.7,9.7,61.9,1,274,60.7,9.7,274.0
2673,2026-05-23,Growth,Europe,SaaS,Organic,0,46,12,29.6,0,0,0,129,40.4,11.4,29.6,0,130,40.4,11.4,130.0
2674,2026-04-25,Starter,Asia Pacific,Finance,Partner,1,37,18,60.333333333333336,2,0,0,49,33.5,18.833333333333332,60.333333333333336,2,158,33.5,18.833333333333332,158.0
2675,2025-03-16,Starter,Europe,Manufacturing,Outbound Sales,1,52,3,65.89473684210526,0,0,0,49,50.578947368421055,2.6842105263157894,65.89473684210526,0,563,50.578947368421055,2.6842105263157894,563.0
2676,2025-12-01,Enterprise,Asia Pacific,Finance,Partner,1,40,16,62.45454545454545,3,1,2026-05-04 00:00:00,399,36.90909090909091,15.454545454545455,62.45454545454545,3,303,36.90909090909091,15.454545454545455,154.0
2677,2025-07-18,Growth,North America,Retail,Paid Search,1,56,19,18.933333333333334,1,0,0,129,55.2,18.533333333333335,18.933333333333334,1,439,55.2,18.533333333333335,439.0
2678,2025-05-26,Growth,Asia Pacific,Finance,Outbound Sales,1,11,22,59.88235294117647,2,0,0,129,9.529411764705882,21.529411764705884,59.88235294117647,2,492,9.529411764705882,21.529411764705884,492.0
2679,2025-10-03,Starter,North America,Manufacturing,Referral,1,66,24,77.61538461538461,0,0,0,49,63.23076923076923,22.153846153846153,77.61538461538461,0,362,63.23076923076923,22.153846153846153,362.0
2680,2026-08-23,Starter,Asia Pacific,Healthcare,Referral,1,82,12,61.0,0,0,0,49,100.0,10.0,61.0,0,38,100.0,10.0,38.0
2681,2025-01-18,Starter,Asia Pacific,Education,Partner,1,39,21,29.19047619047619,1,0,0,49,38.714285714285715,20.952380952380953,29.19047619047619,1,620,38.714285714285715,20.952380952380953,620.0
2682,2026-02-02,Growth,Asia Pacific,SaaS,Referral,0,28,20,87.22222222222223,1,0,0,129,25.88888888888889,21.444444444444443,87.22222222222223,1,240,25.88888888888889,21.444444444444443,240.0
2683,2025-11-13,Enterprise,Latin America,SaaS,Paid Search,1,24,28,67.0,1,0,0,399,22.363636363636363,27.636363636363637,67.0,1,321,22.363636363636363,27.636363636363637,321.0
2684,2025-02-01,Starter,Asia Pacific,Education,Outbound Sales,1,72,3,57.38095238095238,1,0,0,49,75.47619047619048,2.6666666666666665,57.38095238095238,1,606,75.47619047619048,2.6666666666666665,606.0
2685,2026-05-01,Starter,Latin America,Education,Referral,0,24,25,50.0,4,0,0,49,26.5,25.833333333333332,50.0,4,152,26.5,25.833333333333332,152.0
2686,2025-05-13,Starter,Europe,Education,Organic,1,26,11,63.588235294117645,2,0,0,49,24.529411764705884,10.294117647058824,63.588235294117645,2,505,24.529411764705884,10.294117647058824,505.0
2687,2024-12-21,Growth,Asia Pacific,Education,Referral,0,29,20,38.68181818181818,1,0,0,129,28.454545454545453,18.727272727272727,38.68181818181818,1,648,28.454545454545453,18.727272727272727,648.0
2688,2025-07-31,Growth,Latin America,Education,Referral,0,3,17,54.86666666666667,3,0,0,129,2.3333333333333335,18.2,54.86666666666667,3,426,2.3333333333333335,18.2,426.0
2689,2025-11-20,Growth,North America,Manufacturing,Referral,1,33,7,69.0909090909091,0,0,0,129,33.0,5.909090909090909,69.0909090909091,0,314,33.0,5.909090909090909,314.0
2690,2026-09-19,Starter,Latin America,Finance,Outbound Sales,1,20,17,12.0,1,0,0,49,20.0,10.0,12.0,1,11,20.0,10.0,11.0
2691,2026-07-11,Starter,Latin America,Finance,Partner,1,51,26,26.666666666666668,5,0,0,49,54.333333333333336,30.333333333333332,26.666666666666668,5,81,54.333333333333336,30.333333333333332,81.0
2692,2026-07-09,Starter,Asia Pacific,Manufacturing,Referral,1,60,21,54.0,0,0,0,49,57.0,20.0,54.0,0,83,57.0,20.0,83.0
2693,2024-12-09,Growth,Asia Pacific,Manufacturing,Organic,1,26,8,60.17391304347826,2,0,0,129,26.434782608695652,7.695652173913044,60.17391304347826,2,660,26.434782608695652,7.695652173913044,660.0
2694,2025-01-12,Growth,Asia Pacific,Healthcare,Partner,1,44,25,64.33333333333333,1,0,0,129,46.666666666666664,25.428571428571427,64.33333333333333,1,626,46.666666666666664,25.428571428571427,626.0
2695,2025-05-10,Enterprise,Europe,Manufacturing,Referral,1,20,17,64.82352941176471,1,0,0,399,19.058823529411764,15.235294117647058,64.82352941176471,1,508,19.058823529411764,15.235294117647058,508.0
2696,2026-06-23,Growth,Latin America,Manufacturing,Referral,1,55,25,54.25,0,0,0,129,48.0,28.5,54.25,0,99,48.0,28.5,99.0
2697,2026-09-17,Starter,Asia Pacific,Healthcare,Referral,0,54,6,77.0,0,0,0,49,40.0,5.0,77.0,0,13,40.0,5.0,13.0
2698,2026-05-25,Growth,North America,SaaS,Partner,1,52,9,35.2,2,0,0,129,55.8,7.8,35.2,2,128,55.8,7.8,128.0
2699,2025-06-09,Growth,Europe,SaaS,Referral,1,66,0,36.0,10,0,0,129,70.125,0.0,36.0,10,478,70.125,0.0,478.0
2700,2026-03-04,Starter,Europe,Education,Partner,1,16,23,66.75,2,0,0,49,14.25,24.0,66.75,2,210,14.25,24.0,210.0
2701,2025-05-31,Starter,Asia Pacific,Finance,Organic,1,33,21,46.294117647058826,0,0,0,49,30.11764705882353,22.764705882352942,46.294117647058826,0,487,30.11764705882353,22.764705882352942,487.0
2702,2025-10-05,Enterprise,Asia Pacific,Retail,Outbound Sales,1,21,14,74.3076923076923,1,0,0,399,20.46153846153846,13.307692307692308,74.3076923076923,1,360,20.46153846153846,13.307692307692308,360.0
2703,2025-09-05,Starter,Asia Pacific,Retail,Outbound Sales,1,23,30,78.64285714285714,0,0,0,49,22.357142857142858,31.428571428571427,78.64285714285714,0,390,22.357142857142858,31.428571428571427,390.0
2704,2024-11-14,Growth,Asia Pacific,Healthcare,Outbound Sales,1,54,27,73.34782608695652,1,0,0,129,59.130434782608695,24.17391304347826,73.34782608695652,1,685,59.130434782608695,24.17391304347826,685.0
2705,2025-06-03,Starter,Latin America,Retail,Paid Search,1,35,23,54.05882352941177,2,0,0,49,34.411764705882355,24.823529411764707,54.05882352941177,2,484,34.411764705882355,24.823529411764707,484.0
2706,2025-05-12,Starter,Asia Pacific,Education,Outbound Sales,1,10,11,61.35294117647059,3,0,0,49,9.411764705882353,10.588235294117647,61.35294117647059,3,506,9.411764705882353,10.588235294117647,506.0
2707,2025-02-27,Starter,Latin America,Healthcare,Paid Search,1,48,4,52.05,2,0,0,49,48.3,3.8,52.05,2,580,48.3,3.8,580.0
2708,2026-03-04,Starter,North America,Manufacturing,Referral,1,51,5,58.875,0,0,0,49,50.875,4.25,58.875,0,210,50.875,4.25,210.0
2709,2025-07-05,Growth,Europe,Manufacturing,Paid Search,1,51,19,79.3125,2,0,0,129,50.9375,17.875,79.3125,2,452,50.9375,17.875,452.0
2710,2026-07-10,Growth,North America,Manufacturing,Paid Search,0,63,8,96.66666666666667,1,0,0,129,62.333333333333336,8.333333333333334,96.66666666666667,1,82,62.333333333333336,8.333333333333334,82.0
2711,2025-05-27,Starter,Asia Pacific,Healthcare,Referral,1,32,21,65.58823529411765,4,0,0,49,31.58823529411765,21.11764705882353,65.58823529411765,4,491,31.58823529411765,21.11764705882353,491.0
2712,2025-12-10,Starter,Asia Pacific,SaaS,Paid Search,1,24,19,72.0,0,1,2026-05-11 00:00:00,49,23.1,17.4,72.0,0,294,23.1,17.4,152.0
2713,2026-05-18,Growth,Latin America,Finance,Referral,0,85,10,60.6,2,0,0,129,76.2,8.2,60.6,2,135,76.2,8.2,135.0
2714,2025-09-24,Growth,Latin America,Manufacturing,Referral,0,23,17,75.23076923076923,0,0,0,129,21.46153846153846,19.307692307692307,75.23076923076923,0,371,21.46153846153846,19.307692307692307,371.0
2715,2025-08-15,Starter,Latin America,Healthcare,Partner,1,48,24,55.07142857142857,4,0,0,49,46.0,24.214285714285715,55.07142857142857,4,411,46.0,24.214285714285715,411.0
2716,2025-11-23,Growth,Asia Pacific,Manufacturing,Referral,1,58,23,4.090909090909091,2,0,0,129,59.63636363636363,23.272727272727273,4.090909090909091,2,311,59.63636363636363,23.272727272727273,311.0
2717,2026-02-19,Growth,North America,Manufacturing,Outbound Sales,0,14,19,47.5,1,0,0,129,12.125,19.375,47.5,1,223,12.125,19.375,223.0
2718,2026-04-29,Growth,Latin America,Manufacturing,Organic,1,45,15,69.33333333333333,2,0,0,129,43.166666666666664,14.0,69.33333333333333,2,154,43.166666666666664,14.0,154.0
2719,2026-08-25,Starter,North America,SaaS,Outbound Sales,1,38,18,69.0,0,0,0,49,47.0,15.0,69.0,0,36,47.0,15.0,36.0
2720,2025-11-01,Starter,North America,Manufacturing,Referral,1,36,21,48.833333333333336,0,0,0,49,34.25,20.583333333333332,48.833333333333336,0,333,34.25,20.583333333333332,333.0
2721,2025-09-10,Starter,Europe,Retail,Outbound Sales,1,34,25,45.69230769230769,0,0,0,49,32.69230769230769,26.692307692307693,45.69230769230769,0,385,32.69230769230769,26.692307692307693,385.0
2722,2025-07-24,Growth,Latin America,Retail,Partner,1,16,5,22.133333333333333,1,0,0,129,16.4,4.6,22.133333333333333,1,433,16.4,4.6,433.0
2723,2025-11-02,Enterprise,North America,SaaS,Referral,1,56,0,49.0,0,0,0,399,56.333333333333336,0.0,49.0,0,332,56.333333333333336,0.0,332.0
2724,2026-04-08,Starter,Europe,Finance,Outbound Sales,1,33,24,73.83333333333333,2,0,0,49,34.5,24.333333333333332,73.83333333333333,2,175,34.5,24.333333333333332,175.0
2725,2026-03-23,Starter,Asia Pacific,Manufacturing,Organic,1,13,9,48.0,0,0,0,49,13.857142857142858,8.571428571428571,48.0,0,191,13.857142857142858,8.571428571428571,191.0
2726,2026-02-19,Growth,North America,Healthcare,Organic,1,30,20,48.75,0,0,0,129,29.0,17.5,48.75,0,223,29.0,17.5,223.0
2727,2025-02-07,Growth,North America,SaaS,Referral,1,39,25,66.28571428571429,2,0,0,129,37.61904761904762,22.142857142857142,66.28571428571429,2,600,37.61904761904762,22.142857142857142,600.0
2728,2026-02-22,Enterprise,North America,SaaS,Outbound Sales,1,44,26,71.875,0,0,0,399,40.625,23.5,71.875,0,220,40.625,23.5,220.0
2729,2025-09-22,Starter,Latin America,Retail,Referral,1,38,27,29.23076923076923,0,0,0,49,38.15384615384615,29.0,29.23076923076923,0,373,38.15384615384615,29.0,373.0
2730,2025-05-26,Starter,Europe,Manufacturing,Outbound Sales,0,30,20,78.11764705882354,2,0,0,49,27.41176470588235,19.88235294117647,78.11764705882354,2,492,27.41176470588235,19.88235294117647,492.0
2731,2025-11-13,Growth,Latin America,Manufacturing,Referral,1,72,22,90.81818181818181,0,0,0,129,74.72727272727273,23.181818181818183,90.81818181818181,0,321,74.72727272727273,23.181818181818183,321.0
2732,2025-09-15,Starter,Asia Pacific,Education,Outbound Sales,1,48,23,82.46153846153847,0,0,0,49,42.46153846153846,23.615384615384617,82.46153846153847,0,380,42.46153846153846,23.615384615384617,380.0
2733,2025-12-27,Starter,North America,Finance,Partner,1,71,11,59.4,2,0,0,49,67.9,11.0,59.4,2,277,67.9,11.0,277.0
2734,2024-12-15,Starter,Latin America,Healthcare,Partner,1,17,18,52.68181818181818,2,0,0,49,17.0,16.40909090909091,52.68181818181818,2,654,17.0,16.40909090909091,654.0
2735,2026-05-29,Enterprise,Europe,Manufacturing,Outbound Sales,0,30,16,61.6,1,0,0,399,32.4,18.8,61.6,1,124,32.4,18.8,124.0
2736,2025-06-13,Growth,North America,Healthcare,Organic,0,53,12,75.25,1,0,0,129,51.9375,11.75,75.25,1,474,51.9375,11.75,474.0
2737,2025-03-28,Starter,North America,Education,Partner,0,6,22,76.3157894736842,0,0,0,49,5.473684210526316,21.526315789473685,76.3157894736842,0,551,5.473684210526316,21.526315789473685,551.0
2738,2024-11-15,Enterprise,Asia Pacific,Education,Referral,1,5,31,72.43478260869566,4,0,0,399,4.304347826086956,29.26086956521739,72.43478260869566,4,684,4.304347826086956,29.26086956521739,684.0
2739,2025-07-24,Starter,Asia Pacific,SaaS,Organic,1,35,12,78.8,1,0,0,49,35.666666666666664,12.666666666666666,78.8,1,433,35.666666666666664,12.666666666666666,433.0
2740,2026-05-19,Starter,Europe,Healthcare,Organic,1,74,23,25.2,0,0,0,49,65.4,21.4,25.2,0,134,65.4,21.4,134.0
2741,2026-06-20,Starter,Europe,Manufacturing,Paid Search,1,28,17,74.0,0,0,0,49,22.75,16.75,74.0,0,102,22.75,16.75,102.0
2742,2026-06-15,Growth,North America,Education,Referral,1,16,18,56.5,1,0,0,129,15.0,13.0,56.5,1,107,15.0,13.0,107.0
2743,2025-12-31,Growth,Europe,Finance,Referral,0,30,18,50.3,2,0,0,129,29.7,20.5,50.3,2,273,29.7,20.5,273.0
2744,2025-08-28,Enterprise,Asia Pacific,SaaS,Outbound Sales,1,31,17,85.42857142857143,1,0,0,399,30.357142857142858,16.357142857142858,85.42857142857143,1,398,30.357142857142858,16.357142857142858,398.0
2745,2025-04-04,Starter,Europe,SaaS,Outbound Sales,0,37,30,72.05263157894737,1,0,0,49,36.21052631578947,30.63157894736842,72.05263157894737,1,544,36.21052631578947,30.63157894736842,544.0
2746,2025-05-18,Starter,Latin America,Manufacturing,Paid Search,0,74,32,66.0,5,0,0,49,75.58823529411765,34.411764705882355,66.0,5,500,75.58823529411765,34.411764705882355,500.0
2747,2025-10-02,Starter,Europe,Education,Referral,1,28,24,47.38461538461539,0,0,0,49,25.46153846153846,24.46153846153846,47.38461538461539,0,363,25.46153846153846,24.46153846153846,363.0
2748,2025-06-22,Starter,North America,Education,Organic,1,0,8,61.5,0,0,0,49,0.0,7.25,61.5,0,465,0.0,7.25,465.0
2749,2025-11-22,Starter,North America,Retail,Partner,0,27,17,79.36363636363636,2,0,0,49,27.09090909090909,14.909090909090908,79.36363636363636,2,312,27.09090909090909,14.909090909090908,312.0
2750,2026-06-05,Enterprise,Latin America,Education,Partner,1,64,16,79.0,5,0,0,399,64.5,15.5,79.0,5,117,64.5,15.5,117.0
2751,2025-07-08,Growth,Asia Pacific,Retail,Organic,0,54,23,45.93333333333333,4,0,0,129,52.13333333333333,23.2,45.93333333333333,4,449,52.13333333333333,23.2,449.0
2752,2026-03-25,Starter,Latin America,SaaS,Paid Search,1,42,18,56.857142857142854,0,0,0,49,44.42857142857143,21.428571428571427,56.857142857142854,0,189,44.42857142857143,21.428571428571427,189.0
2753,2026-05-16,Enterprise,Europe,Healthcare,Organic,1,11,12,30.8,0,0,0,399,11.6,11.6,30.8,0,137,11.6,11.6,137.0
2754,2026-08-31,Starter,Latin America,Manufacturing,Organic,0,73,13,48.0,0,0,0,49,59.5,8.5,48.0,0,30,59.5,8.5,30.0
2755,2025-10-10,Starter,North America,Finance,Outbound Sales,1,30,28,41.833333333333336,1,0,0,49,29.25,30.5,41.833333333333336,1,355,29.25,30.5,355.0
2756,2025-07-20,Starter,Latin America,Retail,Organic,1,71,11,87.53333333333333,0,0,0,49,71.33333333333333,10.8,87.53333333333333,0,437,71.33333333333333,10.8,437.0
2757,2026-03-14,Starter,Asia Pacific,Finance,Paid Search,1,59,39,37.57142857142857,0,0,0,49,62.57142857142857,36.0,37.57142857142857,0,200,62.57142857142857,36.0,200.0
2758,2026-08-18,Growth,Asia Pacific,SaaS,Referral,1,28,35,78.5,0,0,0,129,22.0,42.5,78.5,0,43,22.0,42.5,43.0
2759,2026-03-16,Enterprise,Asia Pacific,SaaS,Paid Search,1,45,28,36.142857142857146,0,1,2026-08-10 00:00:00,399,47.857142857142854,29.714285714285715,36.142857142857146,0,198,47.857142857142854,29.714285714285715,147.0
2760,2025-04-20,Starter,Europe,Healthcare,Outbound Sales,1,63,21,66.22222222222223,5,0,0,49,66.66666666666667,18.27777777777778,66.22222222222223,5,528,66.66666666666667,18.27777777777778,528.0
2761,2025-10-25,Growth,Asia Pacific,SaaS,Partner,1,66,19,72.0,2,0,0,129,69.08333333333333,17.75,72.0,2,340,69.08333333333333,17.75,340.0
2762,2025-04-21,Starter,North America,Retail,Paid Search,1,44,10,41.888888888888886,0,0,0,49,45.77777777777778,9.222222222222221,41.888888888888886,0,527,45.77777777777778,9.222222222222221,527.0
2763,2025-03-22,Starter,Europe,Education,Referral,1,36,18,43.473684210526315,0,0,0,49,34.526315789473685,18.42105263157895,43.473684210526315,0,557,34.526315789473685,18.42105263157895,557.0
2764,2026-05-12,Starter,North America,SaaS,Partner,1,21,24,59.4,1,0,0,49,18.4,18.0,59.4,1,141,18.4,18.0,141.0
2765,2026-03-14,Starter,Asia Pacific,Finance,Partner,0,32,18,84.42857142857143,1,1,2026-05-30 00:00:00,49,30.857142857142858,18.714285714285715,84.42857142857143,1,200,30.857142857142858,18.714285714285715,77.0
2766,2026-05-08,Starter,Europe,Education,Outbound Sales,1,35,6,42.0,5,0,0,49,32.8,5.6,42.0,5,145,32.8,5.6,145.0
2767,2026-08-18,Starter,Europe,SaaS,Partner,0,73,14,49.5,2,0,0,49,84.5,14.5,49.5,2,43,84.5,14.5,43.0
2768,2024-12-29,Starter,North America,Manufacturing,Organic,1,42,15,84.95454545454545,1,0,0,49,41.90909090909091,14.5,84.95454545454545,1,640,41.90909090909091,14.5,640.0
2769,2026-04-19,Growth,Latin America,Manufacturing,Referral,1,39,0,68.66666666666667,0,0,0,129,38.5,0.0,68.66666666666667,0,164,38.5,0.0,164.0
2770,2024-12-03,Growth,Asia Pacific,Manufacturing,Paid Search,0,66,10,50.52173913043478,0,0,0,129,69.21739130434783,9.434782608695652,50.52173913043478,0,666,69.21739130434783,9.434782608695652,666.0
2771,2025-01-14,Starter,North America,Healthcare,Paid Search,1,59,15,87.33333333333333,2,0,0,49,59.19047619047619,14.80952380952381,87.33333333333333,2,624,59.19047619047619,14.80952380952381,624.0
2772,2026-09-14,Starter,Europe,SaaS,Paid Search,1,47,23,34.0,1,0,0,49,40.0,14.0,34.0,1,16,40.0,14.0,16.0
2773,2024-12-18,Starter,North America,SaaS,Referral,1,34,15,91.31818181818181,4,0,0,49,33.22727272727273,13.909090909090908,91.31818181818181,4,651,33.22727272727273,13.909090909090908,651.0
2774,2024-11-05,Growth,Europe,Manufacturing,Paid Search,1,24,7,46.125,0,0,0,129,23.041666666666668,6.583333333333333,46.125,0,694,23.041666666666668,6.583333333333333,694.0
2775,2025-12-26,Starter,Europe,Education,Organic,0,52,10,69.3,4,0,0,49,50.6,9.3,69.3,4,278,50.6,9.3,278.0
2776,2025-03-19,Growth,Europe,Education,Paid Search,1,27,27,35.26315789473684,2,0,0,129,27.157894736842106,28.526315789473685,35.26315789473684,2,560,27.157894736842106,28.526315789473685,560.0
2777,2026-08-06,Starter,North America,SaaS,Referral,1,23,12,67.0,3,0,0,49,21.5,9.5,67.0,3,55,21.5,9.5,55.0
2778,2025-06-23,Growth,Europe,Retail,Paid Search,1,30,16,48.875,2,0,0,129,29.6875,15.5625,48.875,2,464,29.6875,15.5625,464.0
2779,2025-01-07,Starter,Europe,Education,Referral,0,39,16,36.18181818181818,3,0,0,49,41.77272727272727,15.227272727272727,36.18181818181818,3,631,41.77272727272727,15.227272727272727,631.0
2780,2025-04-02,Starter,Europe,Manufacturing,Organic,1,21,26,76.42105263157895,0,0,0,49,20.789473684210527,24.157894736842106,76.42105263157895,0,546,20.789473684210527,24.157894736842106,546.0
2781,2024-11-08,Growth,Asia Pacific,Education,Organic,1,75,15,51.875,1,0,0,129,71.375,16.0,51.875,1,691,71.375,16.0,691.0
2782,2025-06-10,Growth,North America,Finance,Partner,0,14,25,31.125,0,0,0,129,13.125,25.125,31.125,0,477,13.125,25.125,477.0
2783,2026-03-31,Starter,North America,SaaS,Partner,1,66,29,40.714285714285715,0,0,0,49,72.0,26.0,40.714285714285715,0,183,72.0,26.0,183.0
2784,2026-02-08,Enterprise,Latin America,Education,Partner,1,51,10,28.625,2,0,0,399,53.75,8.75,28.625,2,234,53.75,8.75,234.0
2785,2025-11-16,Growth,Asia Pacific,Education,Partner,0,86,11,56.36363636363637,0,0,0,129,91.63636363636364,9.636363636363637,56.36363636363637,0,318,91.63636363636364,9.636363636363637,318.0
2786,2024-12-30,Starter,Latin America,Retail,Organic,1,56,17,75.36363636363636,4,0,0,49,55.54545454545455,16.59090909090909,75.36363636363636,4,639,55.54545454545455,16.59090909090909,639.0
2787,2026-07-24,Growth,Europe,Retail,Organic,1,26,16,71.0,3,1,2026-09-22 00:00:00,129,22.333333333333332,16.0,71.0,3,68,22.333333333333332,16.0,60.0
2788,2026-09-05,Growth,Europe,Finance,Referral,1,43,16,72.0,0,0,0,129,36.0,20.0,72.0,0,25,36.0,20.0,25.0
2789,2026-03-13,Starter,Latin America,Retail,Paid Search,0,77,17,41.57142857142857,1,0,0,49,74.14285714285714,14.428571428571429,41.57142857142857,1,201,74.14285714285714,14.428571428571429,201.0
2790,2024-11-15,Growth,Latin America,Education,Referral,0,27,15,53.73913043478261,4,0,0,129,27.17391304347826,14.0,53.73913043478261,4,684,27.17391304347826,14.0,684.0
2791,2024-11-05,Growth,Latin America,SaaS,Referral,1,26,12,37.541666666666664,4,0,0,129,24.541666666666668,11.0,37.541666666666664,4,694,24.541666666666668,11.0,694.0
2792,2026-04-27,Starter,North America,Finance,Referral,1,50,22,54.5,1,0,0,49,49.666666666666664,20.833333333333332,54.5,1,156,49.666666666666664,20.833333333333332,156.0
2793,2026-05-17,Starter,Latin America,SaaS,Referral,1,40,14,77.6,0,0,0,49,39.8,14.8,77.6,0,136,39.8,14.8,136.0
2794,2025-12-25,Starter,Europe,Manufacturing,Paid Search,1,77,19,39.0,1,0,0,49,78.4,17.2,39.0,1,279,78.4,17.2,279.0
2795,2024-11-11,Starter,Europe,Manufacturing,Organic,1,55,25,47.82608695652174,3,0,0,49,57.91304347826087,22.91304347826087,47.82608695652174,3,688,57.91304347826087,22.91304347826087,688.0
2796,2024-11-16,Starter,Europe,Finance,Referral,0,30,16,73.0,3,0,0,49,28.695652173913043,15.652173913043478,73.0,3,683,28.695652173913043,15.652173913043478,683.0
2797,2026-04-25,Starter,Europe,Education,Paid Search,0,29,27,94.5,1,0,0,49,29.666666666666668,25.833333333333332,94.5,1,158,29.666666666666668,25.833333333333332,158.0
2798,2025-08-07,Enterprise,Europe,Healthcare,Paid Search,0,48,18,42.92857142857143,1,0,0,399,48.07142857142857,17.142857142857142,42.92857142857143,1,419,48.07142857142857,17.142857142857142,419.0
2799,2026-05-01,Enterprise,Europe,Retail,Referral,1,51,17,34.166666666666664,0,0,0,399,58.333333333333336,16.833333333333332,34.166666666666664,0,152,58.333333333333336,16.833333333333332,152.0
2800,2025-08-19,Growth,Europe,Healthcare,Organic,0,55,21,83.78571428571429,0,0,0,129,54.285714285714285,21.357142857142858,83.78571428571429,0,407,54.285714285714285,21.357142857142858,407.0
2801,2024-11-16,Growth,Latin America,Manufacturing,Partner,1,60,11,31.08695652173913,0,0,0,129,58.17391304347826,11.478260869565217,31.08695652173913,0,683,58.17391304347826,11.478260869565217,683.0
2802,2026-03-28,Enterprise,Asia Pacific,Healthcare,Referral,1,34,23,28.714285714285715,0,0,0,399,33.57142857142857,21.428571428571427,28.714285714285715,0,186,33.57142857142857,21.428571428571427,186.0
2803,2026-09-20,Growth,Europe,Finance,Outbound Sales,0,60,9,49.0,0,0,0,129,49.0,6.0,49.0,0,10,49.0,6.0,10.0
2804,2026-01-13,Starter,Latin America,Finance,Organic,1,28,10,25.666666666666668,0,0,0,49,26.666666666666668,10.555555555555555,25.666666666666668,0,260,26.666666666666668,10.555555555555555,260.0
2805,2025-05-01,Starter,Asia Pacific,Education,Referral,1,29,12,34.72222222222222,0,0,0,49,29.38888888888889,10.833333333333334,34.72222222222222,0,517,29.38888888888889,10.833333333333334,517.0
2806,2025-02-16,Starter,Asia Pacific,Education,Organic,1,74,28,77.35,3,0,0,49,73.85,27.45,77.35,3,591,73.85,27.45,591.0
2807,2025-02-05,Enterprise,Asia Pacific,Finance,Organic,1,54,21,46.095238095238095,3,0,0,399,52.095238095238095,21.19047619047619,46.095238095238095,3,602,52.095238095238095,21.19047619047619,602.0
2808,2026-04-19,Growth,North America,Education,Organic,1,54,23,53.833333333333336,2,1,2026-06-26 00:00:00,129,55.833333333333336,20.5,53.833333333333336,2,164,55.833333333333336,20.5,68.0
2809,2025-07-03,Growth,Latin America,Education,Partner,1,48,27,48.0625,2,0,0,129,48.6875,28.5,48.0625,2,454,48.6875,28.5,454.0
2810,2025-05-14,Growth,Europe,Education,Referral,1,37,20,53.94117647058823,0,0,0,129,36.76470588235294,21.41176470588235,53.94117647058823,0,504,36.76470588235294,21.41176470588235,504.0
2811,2026-07-26,Growth,North America,Finance,Referral,0,65,13,89.33333333333333,2,0,0,129,67.0,12.0,89.33333333333333,2,66,67.0,12.0,66.0
2812,2026-04-22,Growth,Europe,Retail,Referral,1,32,10,57.0,0,0,0,129,31.333333333333332,9.833333333333334,57.0,0,161,31.333333333333332,9.833333333333334,161.0
2813,2025-07-15,Starter,Asia Pacific,Healthcare,Outbound Sales,1,40,5,39.46666666666667,0,0,0,49,39.8,4.733333333333333,39.46666666666667,0,442,39.8,4.733333333333333,442.0
2814,2025-10-27,Starter,Latin America,Finance,Organic,1,19,6,71.75,1,0,0,49,18.0,5.416666666666667,71.75,1,338,18.0,5.416666666666667,338.0
2815,2025-07-30,Starter,North America,Education,Organic,0,44,30,57.86666666666667,4,0,0,49,42.93333333333333,31.066666666666666,57.86666666666667,4,427,42.93333333333333,31.066666666666666,427.0
2816,2025-12-10,Enterprise,Europe,SaaS,Partner,0,26,13,84.9,1,1,2026-02-18 00:00:00,399,25.6,11.7,84.9,1,294,25.6,11.7,70.0
2817,2025-11-16,Growth,Europe,Retail,Referral,0,30,18,44.0,0,0,0,129,28.90909090909091,18.0,44.0,0,318,28.90909090909091,18.0,318.0
2818,2025-12-19,Starter,Europe,SaaS,Paid Search,0,43,21,38.1,2,0,0,49,40.7,20.7,38.1,2,285,40.7,20.7,285.0
2819,2026-02-12,Growth,Latin America,SaaS,Paid Search,0,77,23,55.25,4,0,0,129,87.375,22.375,55.25,4,230,87.375,22.375,230.0
2820,2026-05-31,Growth,Latin America,SaaS,Partner,1,46,15,63.4,0,0,0,129,53.2,14.0,63.4,0,122,53.2,14.0,122.0
2821,2025-07-06,Starter,Latin America,Healthcare,Paid Search,0,17,13,54.3125,1,0,0,49,17.4375,12.0,54.3125,1,451,17.4375,12.0,451.0
2822,2025-06-18,Growth,Europe,SaaS,Referral,1,48,27,73.1875,0,0,0,129,45.25,24.5625,73.1875,0,469,45.25,24.5625,469.0
2823,2025-09-02,Starter,Latin America,Finance,Paid Search,1,38,14,33.714285714285715,2,0,0,49,37.92857142857143,12.928571428571429,33.714285714285715,2,393,37.92857142857143,12.928571428571429,393.0
2824,2026-09-30,Growth,Asia Pacific,Healthcare,Outbound Sales,0,41,12,71.0,0,0,0,129,53.0,7.0,71.0,0,0,53.0,7.0,0.0
2825,2025-01-20,Growth,North America,SaaS,Organic,1,31,33,68.52380952380952,1,0,0,129,30.61904761904762,30.142857142857142,68.52380952380952,1,618,30.61904761904762,30.142857142857142,618.0
2826,2026-08-30,Enterprise,Asia Pacific,Education,Referral,1,16,28,64.5,0,0,0,399,13.5,30.0,64.5,0,31,13.5,30.0,31.0
2827,2026-08-26,Starter,Asia Pacific,Education,Organic,0,30,8,31.0,0,0,0,49,29.5,5.0,31.0,0,35,29.5,5.0,35.0
2828,2024-12-01,Starter,Europe,Manufacturing,Partner,1,39,13,61.30434782608695,0,0,0,49,38.78260869565217,13.304347826086957,61.30434782608695,0,668,38.78260869565217,13.304347826086957,668.0
2829,2025-02-02,Growth,North America,Manufacturing,Organic,1,41,24,82.76190476190476,0,0,0,129,37.23809523809524,23.285714285714285,82.76190476190476,0,605,37.23809523809524,23.285714285714285,605.0
2830,2025-12-19,Growth,North America,Retail,Partner,0,0,22,56.2,1,0,0,129,0.0,19.0,56.2,1,285,0.0,19.0,285.0
2831,2025-11-22,Starter,Latin America,Finance,Partner,1,40,14,6.818181818181818,0,0,0,49,36.81818181818182,13.363636363636363,6.818181818181818,0,312,36.81818181818182,13.363636363636363,312.0
2832,2025-11-20,Growth,Asia Pacific,Healthcare,Outbound Sales,1,18,28,23.454545454545453,0,0,0,129,16.727272727272727,30.09090909090909,23.454545454545453,0,314,16.727272727272727,30.09090909090909,314.0
2833,2026-05-18,Growth,Latin America,Education,Paid Search,1,71,14,81.2,0,0,0,129,84.6,13.2,81.2,0,135,84.6,13.2,135.0
2834,2026-03-01,Enterprise,Latin America,Healthcare,Partner,1,34,2,21.25,0,0,0,399,36.0,1.5,21.25,0,213,36.0,1.5,213.0
2835,2024-12-26,Growth,Europe,Retail,Paid Search,1,65,10,81.9090909090909,0,0,0,129,61.45454545454545,9.5,81.9090909090909,0,643,61.45454545454545,9.5,643.0
2836,2026-08-13,Growth,Europe,Healthcare,Paid Search,0,18,17,41.5,3,0,0,129,17.0,17.5,41.5,3,48,17.0,17.5,48.0
2837,2024-11-08,Growth,North America,Education,Paid Search,1,41,16,66.0,0,0,0,129,39.583333333333336,14.125,66.0,0,691,39.583333333333336,14.125,691.0
2838,2025-04-23,Growth,Europe,Manufacturing,Paid Search,1,52,22,52.611111111111114,3,0,0,129,48.72222222222222,23.27777777777778,52.611111111111114,3,525,48.72222222222222,23.27777777777778,525.0
2839,2025-01-22,Growth,Latin America,Healthcare,Organic,1,65,12,66.9047619047619,2,0,0,129,65.52380952380952,10.619047619047619,66.9047619047619,2,616,65.52380952380952,10.619047619047619,616.0
2840,2026-03-25,Growth,Asia Pacific,Finance,Outbound Sales,1,51,17,62.142857142857146,0,0,0,129,47.42857142857143,18.0,62.142857142857146,0,189,47.42857142857143,18.0,189.0
2841,2026-01-17,Starter,North America,SaaS,Referral,0,27,19,69.88888888888889,0,0,0,49,27.333333333333332,18.77777777777778,69.88888888888889,0,256,27.333333333333332,18.77777777777778,256.0
2842,2026-08-21,Starter,Asia Pacific,Manufacturing,Paid Search,1,51,6,0.0,1,0,0,49,51.5,5.0,0.0,1,40,51.5,5.0,40.0
2843,2025-10-04,Starter,North America,SaaS,Paid Search,1,35,22,41.30769230769231,1,0,0,49,32.23076923076923,20.615384615384617,41.30769230769231,1,361,32.23076923076923,20.615384615384617,361.0
2844,2026-06-01,Starter,North America,Finance,Organic,1,39,19,53.4,3,0,0,49,40.0,15.0,53.4,3,121,40.0,15.0,121.0
2845,2025-02-04,Growth,Europe,Healthcare,Organic,1,59,21,87.0,1,0,0,129,60.142857142857146,22.333333333333332,87.0,1,603,60.142857142857146,22.333333333333332,603.0
2846,2026-04-23,Starter,North America,SaaS,Outbound Sales,1,51,9,24.166666666666668,0,0,0,49,45.333333333333336,7.166666666666667,24.166666666666668,0,160,45.333333333333336,7.166666666666667,160.0
2847,2024-12-12,Starter,North America,Education,Partner,1,24,7,29.272727272727273,0,0,0,49,23.09090909090909,7.045454545454546,29.272727272727273,0,657,23.09090909090909,7.045454545454546,657.0
2848,2025-06-22,Starter,Europe,Healthcare,Partner,1,68,22,78.125,0,0,0,49,68.8125,20.8125,78.125,0,465,68.8125,20.8125,465.0
2849,2025-06-03,Growth,Latin America,SaaS,Referral,1,35,9,62.1764705882353,0,0,0,129,30.705882352941178,8.117647058823529,62.1764705882353,0,484,30.705882352941178,8.117647058823529,484.0
2850,2026-06-02,Growth,Europe,Finance,Outbound Sales,1,27,5,51.6,0,0,0,129,27.4,4.4,51.6,0,120,27.4,4.4,120.0
2851,2026-02-28,Starter,North America,Finance,Outbound Sales,1,53,9,52.125,4,0,0,49,54.125,8.75,52.125,4,214,54.125,8.75,214.0
2852,2025-08-03,Starter,North America,Manufacturing,Referral,0,24,6,56.266666666666666,4,0,0,49,23.866666666666667,5.933333333333334,56.266666666666666,4,423,23.866666666666667,5.933333333333334,423.0
2853,2024-12-16,Starter,Latin America,Education,Organic,1,59,20,76.0909090909091,0,1,2025-02-22 00:00:00,49,57.86363636363637,19.681818181818183,76.0909090909091,0,653,57.86363636363637,19.681818181818183,68.0
2854,2026-09-30,Starter,Europe,Manufacturing,Partner,1,56,5,50.0,6,0,0,49,53.0,5.0,50.0,6,0,53.0,5.0,0.0
2855,2025-08-13,Starter,North America,Healthcare,Outbound Sales,1,49,26,44.0,3,0,0,49,48.785714285714285,24.642857142857142,44.0,3,413,48.785714285714285,24.642857142857142,413.0
2856,2026-05-09,Growth,Asia Pacific,Manufacturing,Paid Search,1,49,23,48.0,0,0,0,129,44.0,22.0,48.0,0,144,44.0,22.0,144.0
2857,2026-05-30,Growth,Europe,SaaS,Organic,0,62,27,69.8,0,0,0,129,66.0,23.0,69.8,0,123,66.0,23.0,123.0
2858,2026-09-03,Starter,North America,Manufacturing,Organic,1,31,18,65.0,0,0,0,49,37.0,21.0,65.0,0,27,37.0,21.0,27.0
2859,2024-12-02,Starter,Asia Pacific,Finance,Outbound Sales,1,47,36,45.869565217391305,2,0,0,49,46.391304347826086,34.17391304347826,45.869565217391305,2,667,46.391304347826086,34.17391304347826,667.0
2860,2025-05-01,Starter,Asia Pacific,SaaS,Outbound Sales,1,46,25,71.0,3,0,0,49,43.111111111111114,23.166666666666668,71.0,3,517,43.111111111111114,23.166666666666668,517.0
2861,2025-09-17,Enterprise,Latin America,Retail,Paid Search,0,22,16,62.84615384615385,3,1,2025-10-25 00:00:00,399,23.53846153846154,15.692307692307692,62.84615384615385,3,378,23.53846153846154,15.692307692307692,38.0
2862,2025-05-30,Enterprise,Latin America,Finance,Outbound Sales,1,52,14,91.29411764705883,1,0,0,399,46.529411764705884,12.882352941176471,91.29411764705883,1,488,46.529411764705884,12.882352941176471,488.0
2863,2026-06-23,Starter,Asia Pacific,Healthcare,Referral,1,71,16,58.25,0,0,0,49,67.0,14.25,58.25,0,99,67.0,14.25,99.0
2864,2025-03-26,Starter,Europe,Healthcare,Organic,1,84,8,84.57894736842105,0,0,0,49,80.57894736842105,7.684210526315789,84.57894736842105,0,553,80.57894736842105,7.684210526315789,553.0
2865,2025-12-11,Starter,North America,Education,Partner,0,47,18,3.5,4,0,0,49,44.8,18.8,3.5,4,293,44.8,18.8,293.0
2866,2025-01-16,Enterprise,Latin America,SaaS,Referral,0,66,18,56.95238095238095,1,0,0,399,69.04761904761905,17.238095238095237,56.95238095238095,1,622,69.04761904761905,17.238095238095237,622.0
2867,2025-09-01,Starter,Latin America,Manufacturing,Organic,1,35,17,64.0,0,0,0,49,33.714285714285715,15.285714285714286,64.0,0,394,33.714285714285715,15.285714285714286,394.0
2868,2025-04-14,Growth,Latin America,Retail,Referral,1,63,31,77.66666666666667,4,0,0,129,60.888888888888886,29.555555555555557,77.66666666666667,4,534,60.888888888888886,29.555555555555557,534.0
2869,2026-05-30,Growth,Latin America,Healthcare,Partner,0,55,19,24.6,0,0,0,129,55.6,16.2,24.6,0,123,55.6,16.2,123.0
2870,2025-07-03,Starter,Latin America,Education,Outbound Sales,1,47,17,90.8125,0,0,0,49,47.6875,15.5625,90.8125,0,454,47.6875,15.5625,454.0
2871,2026-06-02,Starter,Europe,Finance,Paid Search,1,31,24,85.6,1,0,0,49,27.6,22.8,85.6,1,120,27.6,22.8,120.0
2872,2025-12-02,Growth,Latin America,Education,Organic,1,93,12,57.81818181818182,0,0,0,129,84.0,12.272727272727273,57.81818181818182,0,302,84.0,12.272727272727273,302.0
2873,2026-09-23,Growth,Latin America,SaaS,Referral,1,65,21,67.0,1,0,0,129,67.0,18.0,67.0,1,7,67.0,18.0,7.0
2874,2026-05-06,Starter,North America,SaaS,Paid Search,0,25,18,96.6,2,1,2026-07-17 00:00:00,49,24.6,15.4,96.6,2,147,24.6,15.4,72.0
2875,2025-11-27,Starter,Europe,Education,Referral,1,60,15,61.45454545454545,2,0,0,49,55.72727272727273,13.363636363636363,61.45454545454545,2,307,55.72727272727273,13.363636363636363,307.0
2876,2025-03-22,Growth,Asia Pacific,Finance,Partner,1,30,4,55.05263157894737,0,0,0,129,30.0,3.6315789473684212,55.05263157894737,0,557,30.0,3.6315789473684212,557.0
2877,2025-01-18,Growth,Europe,Manufacturing,Outbound Sales,0,19,20,56.285714285714285,0,0,0,129,18.61904761904762,18.095238095238095,56.285714285714285,0,620,18.61904761904762,18.095238095238095,620.0
2878,2026-03-26,Growth,Asia Pacific,Finance,Partner,1,41,23,75.57142857142857,3,0,0,129,45.285714285714285,20.142857142857142,75.57142857142857,3,188,45.285714285714285,20.142857142857142,188.0
2879,2025-10-19,Enterprise,Europe,Retail,Organic,0,67,22,71.41666666666667,12,0,0,399,72.16666666666667,21.416666666666668,71.41666666666667,12,346,72.16666666666667,21.416666666666668,346.0
2880,2024-12-23,Starter,Asia Pacific,Manufacturing,Referral,0,14,6,29.59090909090909,2,0,0,49,13.181818181818182,5.7272727272727275,29.59090909090909,2,646,13.181818181818182,5.7272727272727275,646.0
2881,2025-02-07,Starter,Latin America,Finance,Organic,1,47,13,43.095238095238095,0,0,0,49,49.57142857142857,13.047619047619047,43.095238095238095,0,600,49.57142857142857,13.047619047619047,600.0
2882,2026-01-20,Growth,Latin America,Finance,Outbound Sales,1,48,31,36.0,0,0,0,129,48.888888888888886,28.22222222222222,36.0,0,253,48.888888888888886,28.22222222222222,253.0
2883,2025-06-24,Starter,North America,Education,Outbound Sales,1,78,18,77.9375,0,1,2026-09-26 00:00:00,49,80.625,15.125,77.9375,0,463,80.625,15.125,459.0
2884,2025-01-15,Growth,North America,Manufacturing,Paid Search,1,56,31,50.714285714285715,3,0,0,129,52.80952380952381,33.61904761904762,50.714285714285715,3,623,52.80952380952381,33.61904761904762,623.0
2885,2025-10-13,Growth,Latin America,Education,Paid Search,1,38,11,35.583333333333336,0,0,0,129,38.416666666666664,11.75,35.583333333333336,0,352,38.416666666666664,11.75,352.0
2886,2026-07-11,Enterprise,North America,Manufacturing,Partner,0,39,19,60.333333333333336,0,0,0,399,40.0,21.333333333333332,60.333333333333336,0,81,40.0,21.333333333333332,81.0
2887,2026-07-20,Starter,Europe,Education,Outbound Sales,0,54,16,40.333333333333336,0,0,0,49,44.0,19.0,40.333333333333336,0,72,44.0,19.0,72.0
2888,2026-07-01,Growth,Europe,Finance,Partner,1,56,3,63.0,0,0,0,129,60.25,2.5,63.0,0,91,60.25,2.5,91.0
2889,2025-12-10,Starter,Latin America,Healthcare,Partner,1,37,20,55.8,0,0,0,49,37.6,18.7,55.8,0,294,37.6,18.7,294.0
2890,2025-09-29,Enterprise,Europe,Finance,Outbound Sales,1,42,3,40.30769230769231,6,0,0,399,43.92307692307692,2.230769230769231,40.30769230769231,6,366,43.92307692307692,2.230769230769231,366.0
2891,2024-11-29,Growth,North America,Healthcare,Organic,1,62,13,42.91304347826087,0,0,0,129,63.21739130434783,11.956521739130435,42.91304347826087,0,670,63.21739130434783,11.956521739130435,670.0
2892,2026-08-10,Starter,North America,Education,Organic,1,65,32,77.5,1,0,0,49,49.0,39.0,77.5,1,51,49.0,39.0,51.0
2893,2025-08-05,Enterprise,Latin America,Education,Paid Search,1,56,13,37.06666666666667,4,0,0,399,53.0,11.8,37.06666666666667,4,421,53.0,11.8,421.0
2894,2026-02-03,Starter,Europe,Finance,Paid Search,1,31,23,39.375,0,0,0,49,29.25,22.5,39.375,0,239,29.25,22.5,239.0
2895,2026-03-16,Enterprise,Latin America,Healthcare,Organic,1,33,7,78.42857142857143,0,0,0,399,37.57142857142857,6.0,78.42857142857143,0,198,37.57142857142857,6.0,198.0
2896,2025-06-20,Starter,Latin America,Healthcare,Partner,1,76,19,63.5625,0,0,0,49,77.125,15.75,63.5625,0,467,77.125,15.75,467.0
2897,2025-10-29,Growth,North America,Finance,Partner,0,24,24,78.25,0,0,0,129,22.666666666666668,25.583333333333332,78.25,0,336,22.666666666666668,25.583333333333332,336.0
2898,2026-05-19,Starter,Latin America,Education,Organic,1,61,14,39.8,2,0,0,49,62.4,14.2,39.8,2,134,62.4,14.2,134.0
2899,2025-11-18,Starter,Asia Pacific,Finance,Paid Search,1,93,22,24.0,2,0,0,49,82.18181818181819,22.272727272727273,24.0,2,316,82.18181818181819,22.272727272727273,316.0
2900,2026-01-15,Starter,Europe,Manufacturing,Organic,0,58,11,64.33333333333333,0,0,0,49,51.888888888888886,11.333333333333334,64.33333333333333,0,258,51.888888888888886,11.333333333333334,258.0
2901,2025-05-08,Starter,Asia Pacific,SaaS,Partner,1,43,17,19.555555555555557,1,0,0,49,41.388888888888886,16.833333333333332,19.555555555555557,1,510,41.388888888888886,16.833333333333332,510.0
2902,2026-09-26,Starter,Asia Pacific,Education,Outbound Sales,1,41,10,22.0,1,0,0,49,33.0,9.0,22.0,1,4,33.0,9.0,4.0
2903,2026-06-21,Starter,North America,SaaS,Organic,1,34,23,48.5,0,1,2026-09-07 00:00:00,49,30.0,26.25,48.5,0,101,30.0,26.25,78.0
2904,2025-01-25,Growth,North America,Education,Organic,1,8,5,61.142857142857146,0,0,0,129,7.380952380952381,4.428571428571429,61.142857142857146,0,613,7.380952380952381,4.428571428571429,613.0
2905,2026-07-25,Starter,Europe,Manufacturing,Paid Search,0,48,20,65.33333333333333,0,0,0,49,48.0,23.0,65.33333333333333,0,67,48.0,23.0,67.0
2906,2025-08-28,Enterprise,Latin America,Finance,Outbound Sales,1,35,9,30.214285714285715,0,0,0,399,34.285714285714285,9.214285714285714,30.214285714285715,0,398,34.285714285714285,9.214285714285714,398.0
2907,2025-07-09,Starter,North America,Healthcare,Organic,1,62,18,81.06666666666666,2,0,0,49,65.66666666666667,16.133333333333333,81.06666666666666,2,448,65.66666666666667,16.133333333333333,448.0
2908,2025-01-13,Starter,Asia Pacific,Finance,Referral,1,66,5,46.95238095238095,1,0,0,49,63.0,4.333333333333333,46.95238095238095,1,625,63.0,4.333333333333333,625.0
2909,2025-01-22,Starter,Latin America,Retail,Paid Search,1,75,14,86.52380952380952,3,0,0,49,73.57142857142857,11.80952380952381,86.52380952380952,3,616,73.57142857142857,11.80952380952381,616.0
2910,2025-07-31,Starter,Latin America,Manufacturing,Organic,1,66,11,76.26666666666667,2,0,0,49,68.26666666666667,10.0,76.26666666666667,2,426,68.26666666666667,10.0,426.0
2911,2025-04-05,Growth,North America,Healthcare,Referral,1,26,13,54.8421052631579,3,0,0,129,25.263157894736842,13.157894736842104,54.8421052631579,3,543,25.263157894736842,13.157894736842104,543.0
2912,2025-11-23,Starter,Asia Pacific,Healthcare,Referral,1,53,21,73.45454545454545,0,0,0,49,55.18181818181818,19.0,73.45454545454545,0,311,55.18181818181818,19.0,311.0
2913,2026-08-10,Growth,North America,Manufacturing,Outbound Sales,1,55,11,67.5,0,1,2026-09-13 00:00:00,129,53.0,14.5,67.5,0,51,53.0,14.5,34.0
2914,2025-12-02,Growth,Asia Pacific,Retail,Outbound Sales,0,50,12,92.45454545454545,9,0,0,129,47.09090909090909,9.636363636363637,92.45454545454545,9,302,47.09090909090909,9.636363636363637,302.0
2915,2025-09-19,Starter,Asia Pacific,Manufacturing,Referral,1,57,17,81.3076923076923,0,0,0,49,59.92307692307692,15.461538461538462,81.3076923076923,0,376,59.92307692307692,15.461538461538462,376.0
2916,2025-11-03,Growth,Europe,SaaS,Outbound Sales,0,13,16,76.41666666666667,6,0,0,129,11.333333333333334,15.5,76.41666666666667,6,331,11.333333333333334,15.5,331.0
2917,2025-02-16,Starter,North America,Healthcare,Outbound Sales,1,83,26,64.15,4,0,0,49,79.4,24.65,64.15,4,591,79.4,24.65,591.0
2918,2025-01-31,Growth,Asia Pacific,Education,Partner,0,69,25,59.857142857142854,0,0,0,129,69.0952380952381,24.19047619047619,59.857142857142854,0,607,69.0952380952381,24.19047619047619,607.0
2919,2024-11-04,Starter,Europe,Education,Partner,1,22,30,39.875,0,0,0,49,22.333333333333332,30.458333333333332,39.875,0,695,22.333333333333332,30.458333333333332,695.0
2920,2025-09-10,Starter,Asia Pacific,SaaS,Organic,1,79,11,84.38461538461539,1,0,0,49,77.6923076923077,9.0,84.38461538461539,1,385,77.6923076923077,9.0,385.0
2921,2026-01-28,Starter,Europe,Healthcare,Organic,0,85,14,54.77777777777778,0,0,0,49,86.0,13.444444444444445,54.77777777777778,0,245,86.0,13.444444444444445,245.0
2922,2025-11-02,Starter,Latin America,Healthcare,Outbound Sales,1,31,18,48.666666666666664,0,0,0,49,27.333333333333332,18.833333333333332,48.666666666666664,0,332,27.333333333333332,18.833333333333332,332.0
2923,2025-08-02,Starter,Latin America,Education,Referral,0,26,29,89.93333333333334,1,0,0,49,25.2,30.333333333333332,89.93333333333334,1,424,25.2,30.333333333333332,424.0
2924,2025-02-11,Starter,Europe,SaaS,Organic,1,57,10,46.55,0,0,0,49,53.45,8.85,46.55,0,596,53.45,8.85,596.0
2925,2025-03-14,Starter,Europe,Finance,Paid Search,1,40,17,56.63157894736842,0,0,0,49,37.68421052631579,17.842105263157894,56.63157894736842,0,565,37.68421052631579,17.842105263157894,565.0
2926,2025-01-27,Starter,Europe,Finance,Outbound Sales,1,13,24,66.71428571428571,4,0,0,49,12.523809523809524,20.0,66.71428571428571,4,611,12.523809523809524,20.0,611.0
2927,2025-05-09,Starter,North America,Finance,Outbound Sales,1,16,37,81.05882352941177,1,0,0,49,16.11764705882353,40.470588235294116,81.05882352941177,1,509,16.11764705882353,40.470588235294116,509.0
2928,2026-01-14,Starter,Asia Pacific,Manufacturing,Organic,0,77,12,69.11111111111111,0,0,0,49,85.0,11.444444444444445,69.11111111111111,0,259,85.0,11.444444444444445,259.0
2929,2026-02-01,Starter,North America,Healthcare,Organic,1,91,6,54.44444444444444,1,0,0,49,91.55555555555556,5.555555555555555,54.44444444444444,1,241,91.55555555555556,5.555555555555555,241.0
2930,2026-05-23,Growth,North America,Retail,Outbound Sales,1,57,5,89.8,0,0,0,129,52.4,4.6,89.8,0,130,52.4,4.6,130.0
2931,2026-05-21,Growth,Latin America,SaaS,Paid Search,1,22,12,45.0,1,0,0,129,23.4,10.4,45.0,1,132,23.4,10.4,132.0
2932,2026-04-07,Starter,Latin America,Education,Outbound Sales,1,62,10,74.0,1,0,0,49,58.166666666666664,9.0,74.0,1,176,58.166666666666664,9.0,176.0
2933,2025-12-21,Starter,Asia Pacific,Education,Referral,1,55,14,73.9,3,0,0,49,48.7,13.8,73.9,3,283,48.7,13.8,283.0
2934,2025-02-12,Starter,North America,Education,Outbound Sales,1,29,25,71.05,0,0,0,49,27.3,23.1,71.05,0,595,27.3,23.1,595.0
2935,2024-11-25,Starter,Latin America,Healthcare,Organic,1,38,5,84.1304347826087,1,0,0,49,37.34782608695652,4.6521739130434785,84.1304347826087,1,674,37.34782608695652,4.6521739130434785,674.0
2936,2025-01-29,Starter,North America,Healthcare,Organic,0,75,7,18.857142857142858,0,1,2025-08-28 00:00:00,49,72.28571428571429,6.238095238095238,18.857142857142858,0,609,72.28571428571429,6.238095238095238,211.0
2937,2026-05-20,Starter,North America,Finance,Outbound Sales,1,65,10,33.0,2,0,0,49,67.6,11.0,33.0,2,133,67.6,11.0,133.0
2938,2025-02-02,Growth,Asia Pacific,SaaS,Referral,1,71,18,57.285714285714285,0,0,0,129,70.9047619047619,17.61904761904762,57.285714285714285,0,605,70.9047619047619,17.61904761904762,605.0
2939,2026-07-03,Growth,Europe,Education,Organic,1,84,28,91.0,0,0,0,129,80.66666666666667,23.0,91.0,0,89,80.66666666666667,23.0,89.0
2940,2026-07-04,Starter,Europe,Retail,Paid Search,1,85,18,39.0,1,0,0,49,85.66666666666667,16.0,39.0,1,88,85.66666666666667,16.0,88.0
2941,2025-09-27,Growth,Europe,Education,Outbound Sales,0,24,24,32.92307692307692,0,0,0,129,23.076923076923077,22.53846153846154,32.92307692307692,0,368,23.076923076923077,22.53846153846154,368.0
2942,2025-11-28,Starter,Asia Pacific,Finance,Referral,0,41,13,39.36363636363637,3,0,0,49,43.27272727272727,13.0,39.36363636363637,3,306,43.27272727272727,13.0,306.0
2943,2024-11-11,Starter,Europe,Retail,Outbound Sales,0,30,14,79.52173913043478,1,0,0,49,28.304347826086957,11.956521739130435,79.52173913043478,1,688,28.304347826086957,11.956521739130435,688.0
2944,2025-08-24,Enterprise,North America,Retail,Organic,1,26,12,64.92857142857143,4,0,0,399,25.571428571428573,10.642857142857142,64.92857142857143,4,402,25.571428571428573,10.642857142857142,402.0
2945,2025-12-27,Growth,North America,SaaS,Paid Search,1,35,13,59.6,0,0,0,129,34.8,13.4,59.6,0,277,34.8,13.4,277.0
2946,2025-12-01,Enterprise,Asia Pacific,Finance,Referral,0,27,18,43.18181818181818,0,0,0,399,26.09090909090909,17.272727272727273,43.18181818181818,0,303,26.09090909090909,17.272727272727273,303.0
2947,2025-01-24,Growth,North America,Healthcare,Outbound Sales,0,28,17,44.95238095238095,0,0,0,129,27.095238095238095,16.571428571428573,44.95238095238095,0,614,27.095238095238095,16.571428571428573,614.0
2948,2026-05-25,Growth,Asia Pacific,Retail,Organic,1,29,18,44.2,3,0,0,129,27.0,19.8,44.2,3,128,27.0,19.8,128.0
2949,2025-07-05,Growth,Latin America,Manufacturing,Referral,1,82,14,50.8125,2,0,0,129,79.0625,12.75,50.8125,2,452,79.0625,12.75,452.0
2950,2026-06-07,Growth,Europe,Education,Paid Search,0,83,17,27.25,0,0,0,129,71.75,14.25,27.25,0,115,71.75,14.25,115.0
2951,2026-04-16,Growth,Europe,Healthcare,Organic,0,20,8,59.166666666666664,2,0,0,129,21.5,8.833333333333334,59.166666666666664,2,167,21.5,8.833333333333334,167.0
2952,2025-04-21,Starter,North America,Finance,Paid Search,1,62,13,34.388888888888886,0,0,0,49,62.94444444444444,13.0,34.388888888888886,0,527,62.94444444444444,13.0,527.0
2953,2025-11-23,Growth,Europe,Education,Partner,0,64,21,76.0,0,0,0,129,68.81818181818181,19.181818181818183,76.0,0,311,68.81818181818181,19.181818181818183,311.0
2954,2025-04-21,Starter,Asia Pacific,Retail,Partner,1,80,12,39.888888888888886,0,0,0,49,85.11111111111111,10.666666666666666,39.888888888888886,0,527,85.11111111111111,10.666666666666666,527.0
2955,2025-03-21,Growth,Europe,Education,Organic,1,67,4,50.8421052631579,0,0,0,129,63.526315789473685,3.4210526315789473,50.8421052631579,0,558,63.526315789473685,3.4210526315789473,558.0
2956,2025-08-01,Starter,Europe,Manufacturing,Referral,0,53,21,60.46666666666667,0,0,0,49,53.733333333333334,18.6,60.46666666666667,0,425,53.733333333333334,18.6,425.0
2957,2025-09-03,Starter,Asia Pacific,Education,Paid Search,1,56,25,45.142857142857146,0,0,0,49,59.142857142857146,24.785714285714285,45.142857142857146,0,392,59.142857142857146,24.785714285714285,392.0
2958,2025-07-31,Starter,Europe,Manufacturing,Outbound Sales,0,26,2,61.53333333333333,1,0,0,49,24.866666666666667,1.4666666666666666,61.53333333333333,1,426,24.866666666666667,1.4666666666666666,426.0
2959,2026-03-18,Starter,Asia Pacific,Manufacturing,Organic,1,56,33,51.714285714285715,3,0,0,49,51.285714285714285,32.42857142857143,51.714285714285715,3,196,51.285714285714285,32.42857142857143,196.0
2960,2025-03-28,Starter,Europe,Healthcare,Outbound Sales,1,61,19,50.1578947368421,0,0,0,49,60.78947368421053,17.63157894736842,50.1578947368421,0,551,60.78947368421053,17.63157894736842,551.0
2961,2025-01-02,Growth,Latin America,Finance,Referral,1,48,15,53.13636363636363,0,0,0,129,47.77272727272727,13.909090909090908,53.13636363636363,0,636,47.77272727272727,13.909090909090908,636.0
2962,2025-04-19,Starter,Europe,Healthcare,Organic,1,43,22,76.61111111111111,1,0,0,49,42.94444444444444,22.0,76.61111111111111,1,529,42.94444444444444,22.0,529.0
2963,2026-01-18,Growth,Europe,SaaS,Paid Search,1,42,13,75.22222222222223,4,1,2026-04-28 00:00:00,129,39.44444444444444,13.555555555555555,75.22222222222223,4,255,39.44444444444444,13.555555555555555,100.0
2964,2026-01-04,Growth,Latin America,Retail,Partner,1,39,21,79.11111111111111,1,0,0,129,37.666666666666664,21.11111111111111,79.11111111111111,1,269,37.666666666666664,21.11111111111111,269.0
2965,2025-09-01,Enterprise,North America,Retail,Outbound Sales,1,29,22,39.57142857142857,0,0,0,399,29.714285714285715,21.571428571428573,39.57142857142857,0,394,29.714285714285715,21.571428571428573,394.0
2966,2026-03-09,Starter,Latin America,Finance,Outbound Sales,0,41,8,66.71428571428571,0,0,0,49,37.714285714285715,7.0,66.71428571428571,0,205,37.714285714285715,7.0,205.0
2967,2025-01-16,Enterprise,Europe,SaaS,Partner,1,29,14,83.9047619047619,2,0,0,399,28.761904761904763,13.666666666666666,83.9047619047619,2,622,28.761904761904763,13.666666666666666,622.0
2968,2025-11-03,Enterprise,Latin America,Education,Outbound Sales,1,46,21,13.416666666666666,0,1,2026-04-10 00:00:00,399,45.666666666666664,24.166666666666668,13.416666666666666,0,331,45.666666666666664,24.166666666666668,158.0
2969,2025-07-09,Starter,Latin America,Retail,Outbound Sales,1,48,16,80.53333333333333,1,0,0,49,51.266666666666666,15.133333333333333,80.53333333333333,1,448,51.266666666666666,15.133333333333333,448.0
2970,2026-08-01,Starter,Europe,Retail,Referral,1,43,11,54.333333333333336,2,1,2026-09-15 00:00:00,49,42.333333333333336,11.666666666666666,54.333333333333336,2,60,42.333333333333336,11.666666666666666,45.0
2971,2026-06-30,Enterprise,Latin America,Manufacturing,Referral,0,26,21,54.5,0,0,0,399,29.75,20.25,54.5,0,92,29.75,20.25,92.0
2972,2026-07-23,Starter,North America,Finance,Outbound Sales,1,54,28,10.0,2,0,0,49,52.666666666666664,23.666666666666668,10.0,2,69,52.666666666666664,23.666666666666668,69.0
2973,2025-05-18,Enterprise,Asia Pacific,Retail,Paid Search,1,54,12,64.6470588235294,1,0,0,399,52.705882352941174,11.588235294117647,64.6470588235294,1,500,52.705882352941174,11.588235294117647,500.0
2974,2026-02-10,Starter,Asia Pacific,Education,Organic,1,68,23,65.0,0,0,0,49,72.25,24.375,65.0,0,232,72.25,24.375,232.0
2975,2025-02-16,Enterprise,Europe,Healthcare,Paid Search,1,49,13,79.0,0,0,0,399,48.4,12.65,79.0,0,591,48.4,12.65,591.0
2976,2025-03-17,Growth,North America,Finance,Outbound Sales,1,10,15,59.89473684210526,0,0,0,129,10.421052631578947,14.526315789473685,59.89473684210526,0,562,10.421052631578947,14.526315789473685,562.0
2977,2025-09-06,Enterprise,Asia Pacific,SaaS,Outbound Sales,1,45,24,69.61538461538461,2,0,0,399,41.69230769230769,24.0,69.61538461538461,2,389,41.69230769230769,24.0,389.0
2978,2024-11-05,Starter,North America,Education,Partner,1,29,11,16.208333333333332,1,0,0,49,28.833333333333332,10.583333333333334,16.208333333333332,1,694,28.833333333333332,10.583333333333334,694.0
2979,2025-12-09,Starter,Asia Pacific,Manufacturing,Partner,1,71,9,62.2,0,0,0,49,70.5,8.4,62.2,0,295,70.5,8.4,295.0
2980,2025-10-05,Growth,Europe,Education,Paid Search,1,21,19,45.38461538461539,1,0,0,129,21.46153846153846,19.307692307692307,45.38461538461539,1,360,21.46153846153846,19.307692307692307,360.0
2981,2026-07-27,Starter,Latin America,Healthcare,Partner,1,35,19,38.666666666666664,0,0,0,49,32.333333333333336,20.666666666666668,38.666666666666664,0,65,32.333333333333336,20.666666666666668,65.0
2982,2025-11-23,Growth,Latin America,Retail,Outbound Sales,1,65,30,75.63636363636364,0,0,0,129,63.90909090909091,24.90909090909091,75.63636363636364,0,311,63.90909090909091,24.90909090909091,311.0
2983,2025-10-02,Growth,Latin America,SaaS,Paid Search,1,19,18,20.53846153846154,2,0,0,129,19.307692307692307,17.153846153846153,20.53846153846154,2,363,19.307692307692307,17.153846153846153,363.0
2984,2026-01-23,Starter,Asia Pacific,SaaS,Outbound Sales,1,45,16,26.22222222222222,2,0,0,49,48.55555555555556,14.555555555555555,26.22222222222222,2,250,48.55555555555556,14.555555555555555,250.0
2985,2025-10-07,Starter,North America,SaaS,Organic,1,22,15,69.08333333333333,5,0,0,49,23.25,13.5,69.08333333333333,5,358,23.25,13.5,358.0
2986,2026-01-13,Growth,North America,Manufacturing,Outbound Sales,1,55,7,79.11111111111111,6,0,0,129,56.55555555555556,6.666666666666667,79.11111111111111,6,260,56.55555555555556,6.666666666666667,260.0
2987,2026-08-27,Starter,Latin America,Retail,Referral,1,63,12,58.0,0,0,0,49,73.0,13.0,58.0,0,34,73.0,13.0,34.0
2988,2026-06-30,Starter,Latin America,Education,Outbound Sales,1,21,5,80.25,1,0,0,49,21.5,4.0,80.25,1,92,21.5,4.0,92.0
2989,2025-03-18,Starter,Europe,Education,Partner,1,64,20,56.421052631578945,1,1,2025-09-17 00:00:00,49,60.0,20.05263157894737,56.421052631578945,1,561,60.0,20.05263157894737,183.0
2990,2025-09-23,Starter,Europe,Manufacturing,Organic,0,45,18,49.38461538461539,1,0,0,49,45.76923076923077,16.384615384615383,49.38461538461539,1,372,45.76923076923077,16.384615384615383,372.0
2991,2026-07-09,Growth,Europe,Manufacturing,Paid Search,1,30,20,73.0,0,0,0,129,32.333333333333336,19.333333333333332,73.0,0,83,32.333333333333336,19.333333333333332,83.0
2992,2025-05-23,Growth,Asia Pacific,Healthcare,Organic,1,72,16,48.0,0,0,0,129,69.05882352941177,15.882352941176471,48.0,0,495,69.05882352941177,15.882352941176471,495.0
2993,2026-03-04,Growth,Asia Pacific,Education,Partner,1,51,6,52.125,0,0,0,129,49.0,5.75,52.125,0,210,49.0,5.75,210.0
2994,2025-09-16,Starter,Europe,SaaS,Referral,0,23,32,64.6923076923077,0,0,0,49,21.307692307692307,33.53846153846154,64.6923076923077,0,379,21.307692307692307,33.53846153846154,379.0
2995,2025-04-29,Enterprise,North America,Manufacturing,Referral,1,63,14,34.0,0,0,0,399,63.05555555555556,13.444444444444445,34.0,0,519,63.05555555555556,13.444444444444445,519.0
2996,2025-12-11,Starter,Latin America,Retail,Partner,1,19,21,53.0,1,0,0,49,17.1,20.4,53.0,1,293,17.1,20.4,293.0
2997,2025-09-21,Starter,Asia Pacific,Retail,Organic,1,41,8,71.23076923076923,0,0,0,49,40.23076923076923,7.3076923076923075,71.23076923076923,0,374,40.23076923076923,7.3076923076923075,374.0
2998,2025-08-24,Starter,North America,Manufacturing,Referral,1,43,33,68.64285714285714,1,0,0,49,41.142857142857146,34.0,68.64285714285714,1,402,41.142857142857146,34.0,402.0
2999,2026-08-09,Starter,Europe,Retail,Partner,1,35,33,55.5,0,0,0,49,30.0,27.5,55.5,0,52,30.0,27.5,52.0
3000,2026-03-16,Starter,Asia Pacific,Healthcare,Partner,1,21,31,40.42857142857143,6,0,0,49,21.857142857142858,29.0,40.42857142857143,6,198,21.857142857142858,29.0,198.0
3001,2026-06-11,Enterprise,North America,Finance,Partner,0,62,23,89.5,1,0,0,399,62.0,23.25,89.5,1,111,62.0,23.25,111.0
3002,2025-07-05,Starter,Latin America,Education,Paid Search,1,40,8,26.9375,5,0,0,49,39.4375,8.0,26.9375,5,452,39.4375,8.0,452.0
3003,2025-09-28,Enterprise,Asia Pacific,Education,Organic,1,62,26,73.0,0,0,0,399,58.30769230769231,26.846153846153847,73.0,0,367,58.30769230769231,26.846153846153847,367.0
3004,2025-11-19,Starter,Asia Pacific,Healthcare,Outbound Sales,0,33,27,88.63636363636364,1,0,0,49,33.45454545454545,29.818181818181817,88.63636363636364,1,315,33.45454545454545,29.818181818181817,315.0
3005,2025-08-13,Starter,North America,SaaS,Outbound Sales,1,18,18,85.64285714285714,0,0,0,49,16.857142857142858,17.642857142857142,85.64285714285714,0,413,16.857142857142858,17.642857142857142,413.0
3006,2025-12-06,Starter,North America,Retail,Organic,1,47,17,51.0,0,0,0,49,44.1,17.4,51.0,0,298,44.1,17.4,298.0
3007,2025-11-07,Growth,Asia Pacific,Education,Partner,1,55,17,42.90909090909091,1,0,0,129,52.09090909090909,16.363636363636363,42.90909090909091,1,327,52.09090909090909,16.363636363636363,327.0
3008,2025-02-23,Enterprise,Latin America,SaaS,Outbound Sales,0,38,27,65.65,0,0,0,399,36.5,25.05,65.65,0,584,36.5,25.05,584.0
3009,2026-05-30,Enterprise,Latin America,Healthcare,Outbound Sales,1,33,13,68.8,0,0,0,399,32.2,11.8,68.8,0,123,32.2,11.8,123.0
3010,2025-05-22,Starter,Latin America,SaaS,Organic,1,45,23,80.94117647058823,0,0,0,49,45.294117647058826,21.352941176470587,80.94117647058823,0,496,45.294117647058826,21.352941176470587,496.0
3011,2026-06-28,Starter,Latin America,Retail,Outbound Sales,1,59,21,36.25,0,0,0,49,53.25,20.0,36.25,0,94,53.25,20.0,94.0
3012,2026-05-11,Starter,Europe,Manufacturing,Partner,0,69,11,71.2,0,0,0,49,70.2,9.8,71.2,0,142,70.2,9.8,142.0
3013,2025-05-02,Starter,Asia Pacific,Manufacturing,Paid Search,0,52,25,62.166666666666664,2,0,0,49,52.333333333333336,24.333333333333332,62.166666666666664,2,516,52.333333333333336,24.333333333333332,516.0
3014,2026-09-28,Growth,North America,Manufacturing,Organic,1,59,25,69.0,2,0,0,129,41.0,25.0,69.0,2,2,41.0,25.0,2.0
3015,2026-05-16,Enterprise,North America,Healthcare,Organic,1,48,17,81.4,0,0,0,399,44.0,15.0,81.4,0,137,44.0,15.0,137.0
3016,2024-11-26,Enterprise,Europe,Retail,Partner,1,41,7,58.130434782608695,0,0,0,399,40.82608695652174,6.173913043478261,58.130434782608695,0,673,40.82608695652174,6.173913043478261,673.0
3017,2026-02-14,Enterprise,North America,Retail,Referral,0,23,10,39.375,0,0,0,399,21.5,9.625,39.375,0,228,21.5,9.625,228.0
3018,2025-06-01,Enterprise,Asia Pacific,Education,Outbound Sales,1,48,11,58.94117647058823,2,0,0,399,50.0,11.411764705882353,58.94117647058823,2,486,50.0,11.411764705882353,486.0
3019,2026-01-21,Starter,North America,SaaS,Paid Search,1,79,9,64.44444444444444,4,0,0,49,71.22222222222223,7.888888888888889,64.44444444444444,4,252,71.22222222222223,7.888888888888889,252.0
3020,2025-08-24,Starter,Latin America,Finance,Paid Search,1,82,14,68.14285714285714,1,0,0,49,86.07142857142857,12.214285714285714,68.14285714285714,1,402,86.07142857142857,12.214285714285714,402.0
3021,2025-01-08,Growth,North America,Retail,Organic,1,72,17,71.22727272727273,2,0,0,129,69.54545454545455,16.818181818181817,71.22727272727273,2,630,69.54545454545455,16.818181818181817,630.0
3022,2025-12-22,Starter,Europe,Manufacturing,Paid Search,1,15,11,41.1,0,0,0,49,14.1,10.1,41.1,0,282,14.1,10.1,282.0
3023,2026-09-19,Starter,Latin America,Finance,Partner,1,63,24,35.0,3,0,0,49,56.0,26.0,35.0,3,11,56.0,26.0,11.0
3024,2026-03-25,Growth,Asia Pacific,Retail,Organic,1,18,24,62.285714285714285,1,0,0,129,16.428571428571427,20.571428571428573,62.285714285714285,1,189,16.428571428571427,20.571428571428573,189.0
3025,2025-03-21,Starter,Europe,Manufacturing,Partner,0,40,23,83.10526315789474,0,0,0,49,39.0,23.0,83.10526315789474,0,558,39.0,23.0,558.0
3026,2026-08-09,Growth,Europe,Healthcare,Paid Search,1,22,11,75.5,0,0,0,129,21.0,10.5,75.5,0,52,21.0,10.5,52.0
3027,2025-09-05,Growth,Europe,Manufacturing,Partner,1,110,19,49.0,4,0,0,129,107.78571428571429,19.285714285714285,49.0,4,390,107.78571428571429,19.285714285714285,390.0
3028,2025-07-04,Starter,Latin America,Retail,Organic,1,37,21,60.3125,2,0,0,49,37.375,20.0625,60.3125,2,453,37.375,20.0625,453.0
3029,2025-07-15,Starter,Europe,Retail,Paid Search,1,77,33,46.46666666666667,2,0,0,49,77.66666666666667,32.86666666666667,46.46666666666667,2,442,77.66666666666667,32.86666666666667,442.0
3030,2026-09-04,Enterprise,North America,Education,Referral,1,26,26,62.0,0,0,0,399,25.0,28.0,62.0,0,26,25.0,28.0,26.0
3031,2025-04-05,Starter,North America,SaaS,Organic,1,51,13,54.89473684210526,0,0,0,49,48.10526315789474,12.894736842105264,54.89473684210526,0,543,48.10526315789474,12.894736842105264,543.0
3032,2026-01-06,Starter,Latin America,Education,Paid Search,1,25,22,67.77777777777777,2,0,0,49,25.333333333333332,24.0,67.77777777777777,2,267,25.333333333333332,24.0,267.0
3033,2025-11-20,Growth,Asia Pacific,Retail,Outbound Sales,1,42,24,46.27272727272727,3,1,2026-01-26 00:00:00,129,38.18181818181818,24.545454545454547,46.27272727272727,3,314,38.18181818181818,24.545454545454547,67.0
3034,2026-02-01,Starter,Europe,Retail,Referral,0,35,10,72.33333333333333,2,0,0,49,38.22222222222222,9.88888888888889,72.33333333333333,2,241,38.22222222222222,9.88888888888889,241.0
3035,2026-07-04,Starter,Asia Pacific,Manufacturing,Referral,1,32,15,62.333333333333336,0,0,0,49,28.333333333333332,12.0,62.333333333333336,0,88,28.333333333333332,12.0,88.0
3036,2026-03-04,Starter,Europe,Retail,Partner,1,26,16,67.625,0,0,0,49,25.125,15.25,67.625,0,210,25.125,15.25,210.0
3037,2026-06-18,Growth,Latin America,Manufacturing,Paid Search,1,64,6,43.0,0,0,0,129,62.25,5.5,43.0,0,104,62.25,5.5,104.0
3038,2025-12-14,Growth,North America,Finance,Outbound Sales,1,66,21,34.4,0,0,0,129,69.4,21.0,34.4,0,290,69.4,21.0,290.0
3039,2026-04-30,Enterprise,Europe,Healthcare,Organic,1,79,19,74.0,0,0,0,399,73.66666666666667,17.666666666666668,74.0,0,153,73.66666666666667,17.666666666666668,153.0
3040,2026-04-01,Growth,Asia Pacific,Finance,Partner,1,64,15,65.28571428571429,1,0,0,129,66.14285714285714,13.571428571428571,65.28571428571429,1,182,66.14285714285714,13.571428571428571,182.0
3041,2026-01-01,Starter,Europe,Finance,Paid Search,1,58,14,86.5,1,0,0,49,54.9,14.0,86.5,1,272,54.9,14.0,272.0
3042,2026-05-09,Growth,Asia Pacific,SaaS,Referral,1,62,15,68.6,0,0,0,129,66.6,18.0,68.6,0,144,66.6,18.0,144.0
3043,2024-12-06,Starter,Latin America,Manufacturing,Paid Search,0,51,24,63.08695652173913,0,0,0,49,51.78260869565217,23.956521739130434,63.08695652173913,0,663,51.78260869565217,23.956521739130434,663.0
3044,2025-11-02,Starter,Europe,Manufacturing,Organic,1,4,20,72.58333333333333,1,0,0,49,3.25,18.5,72.58333333333333,1,332,3.25,18.5,332.0
3045,2026-05-02,Enterprise,Asia Pacific,Finance,Paid Search,1,46,22,83.83333333333333,1,0,0,399,44.0,17.0,83.83333333333333,1,151,44.0,17.0,151.0
3046,2026-06-30,Starter,Latin America,Finance,Partner,1,29,30,87.0,0,0,0,49,27.5,32.5,87.0,0,92,27.5,32.5,92.0
3047,2026-08-14,Starter,Asia Pacific,Manufacturing,Referral,0,36,14,58.5,0,0,0,49,35.0,12.0,58.5,0,47,35.0,12.0,47.0
3048,2025-01-25,Enterprise,Latin America,Finance,Outbound Sales,0,33,34,87.28571428571429,0,0,0,399,32.23809523809524,31.523809523809526,87.28571428571429,0,613,32.23809523809524,31.523809523809526,613.0
3049,2025-02-18,Starter,Europe,Healthcare,Partner,1,40,13,77.05,1,0,0,49,36.75,12.9,77.05,1,589,36.75,12.9,589.0
3050,2025-07-11,Growth,Europe,Healthcare,Partner,0,0,10,27.466666666666665,1,0,0,129,0.0,8.533333333333333,27.466666666666665,1,446,0.0,8.533333333333333,446.0
3051,2026-09-03,Starter,Asia Pacific,Finance,Outbound Sales,1,37,17,64.0,3,0,0,49,27.0,23.0,64.0,3,27,27.0,23.0,27.0
3052,2026-09-10,Growth,Europe,SaaS,Outbound Sales,1,61,33,41.0,0,0,0,129,49.0,38.0,41.0,0,20,49.0,38.0,20.0
3053,2025-10-28,Enterprise,North America,SaaS,Partner,0,32,20,95.66666666666667,1,0,0,399,29.083333333333332,22.666666666666668,95.66666666666667,1,337,29.083333333333332,22.666666666666668,337.0
3054,2025-04-18,Growth,Latin America,Education,Organic,1,68,35,65.05555555555556,0,0,0,129,65.44444444444444,34.22222222222222,65.05555555555556,0,530,65.44444444444444,34.22222222222222,530.0
3055,2026-08-23,Starter,North America,SaaS,Partner,1,41,12,73.0,3,0,0,49,37.0,11.0,73.0,3,38,37.0,11.0,38.0
3056,2026-07-19,Growth,Europe,Manufacturing,Organic,1,89,17,20.666666666666668,2,0,0,129,94.0,18.0,20.666666666666668,2,73,94.0,18.0,73.0
3057,2024-12-14,Enterprise,North America,Retail,Organic,1,60,1,67.5909090909091,0,0,0,399,57.81818181818182,0.36363636363636365,67.5909090909091,0,655,57.81818181818182,0.36363636363636365,655.0
3058,2026-05-29,Starter,North America,Finance,Outbound Sales,0,28,20,47.2,2,0,0,49,23.6,18.4,47.2,2,124,23.6,18.4,124.0
3059,2026-08-21,Starter,Asia Pacific,Retail,Paid Search,1,38,19,59.5,2,0,0,49,33.0,22.0,59.5,2,40,33.0,22.0,40.0
3060,2026-09-23,Starter,North America,Education,Organic,1,57,33,51.0,0,0,0,49,53.0,29.0,51.0,0,7,53.0,29.0,7.0
3061,2026-08-23,Enterprise,North America,SaaS,Paid Search,1,5,10,49.0,2,0,0,399,5.0,11.5,49.0,2,38,5.0,11.5,38.0
3062,2025-12-13,Starter,Asia Pacific,Education,Partner,1,55,38,18.0,0,0,0,49,56.2,34.1,18.0,0,291,56.2,34.1,291.0
3063,2025-10-04,Starter,Latin America,Education,Organic,1,5,27,67.15384615384616,1,0,0,49,4.461538461538462,25.307692307692307,67.15384615384616,1,361,4.461538461538462,25.307692307692307,361.0
3064,2026-01-13,Starter,Latin America,Retail,Referral,0,36,14,36.333333333333336,0,0,0,49,37.77777777777778,12.666666666666666,36.333333333333336,0,260,37.77777777777778,12.666666666666666,260.0
3065,2025-02-15,Growth,Europe,Retail,Paid Search,1,58,28,63.55,2,0,0,129,57.0,28.6,63.55,2,592,57.0,28.6,592.0
3066,2024-11-09,Starter,Europe,Retail,Outbound Sales,1,24,16,65.45833333333333,1,0,0,49,21.375,14.916666666666666,65.45833333333333,1,690,21.375,14.916666666666666,690.0
3067,2025-02-07,Starter,Europe,Healthcare,Paid Search,0,79,15,58.857142857142854,1,0,0,49,77.38095238095238,14.571428571428571,58.857142857142854,1,600,77.38095238095238,14.571428571428571,600.0
3068,2025-07-21,Growth,Latin America,Finance,Organic,1,35,23,68.06666666666666,0,0,0,129,34.666666666666664,23.266666666666666,68.06666666666666,0,436,34.666666666666664,23.266666666666666,436.0
3069,2025-06-14,Growth,Europe,Education,Outbound Sales,0,46,26,30.625,1,0,0,129,43.1875,25.875,30.625,1,473,43.1875,25.875,473.0
3070,2026-04-05,Starter,Europe,Manufacturing,Organic,1,68,19,50.166666666666664,0,0,0,49,64.5,17.5,50.166666666666664,0,178,64.5,17.5,178.0
3071,2026-04-14,Growth,Asia Pacific,Finance,Outbound Sales,1,59,23,71.83333333333333,1,0,0,129,62.666666666666664,23.666666666666668,71.83333333333333,1,169,62.666666666666664,23.666666666666668,169.0
3072,2026-05-24,Growth,Europe,SaaS,Partner,1,22,15,51.6,0,0,0,129,22.6,15.6,51.6,0,129,22.6,15.6,129.0
3073,2026-06-16,Growth,Europe,Education,Outbound Sales,1,50,38,92.75,0,0,0,129,42.75,36.75,92.75,0,106,42.75,36.75,106.0
3074,2026-06-11,Starter,North America,Finance,Organic,1,36,11,75.25,1,0,0,49,36.25,13.25,75.25,1,111,36.25,13.25,111.0
3075,2025-06-13,Starter,North America,Retail,Outbound Sales,1,48,17,48.125,1,0,0,49,50.3125,15.875,48.125,1,474,50.3125,15.875,474.0
3076,2026-01-29,Starter,Latin America,Manufacturing,Partner,1,63,13,61.0,1,0,0,49,67.11111111111111,14.11111111111111,61.0,1,244,67.11111111111111,14.11111111111111,244.0
3077,2025-11-17,Starter,North America,SaaS,Paid Search,1,75,26,63.27272727272727,0,0,0,49,74.9090909090909,21.818181818181817,63.27272727272727,0,317,74.9090909090909,21.818181818181817,317.0
3078,2025-12-04,Starter,Latin America,Retail,Referral,0,45,14,76.81818181818181,0,0,0,49,50.0,13.636363636363637,76.81818181818181,0,300,50.0,13.636363636363637,300.0
3079,2026-02-16,Starter,North America,Finance,Organic,1,17,16,43.5,3,0,0,49,15.625,18.125,43.5,3,226,15.625,18.125,226.0
3080,2026-09-25,Starter,Asia Pacific,Manufacturing,Outbound Sales,1,57,11,60.0,3,0,0,49,44.0,12.0,60.0,3,5,44.0,12.0,5.0
3081,2026-06-24,Growth,Asia Pacific,Healthcare,Organic,1,41,9,53.75,4,0,0,129,48.5,9.5,53.75,4,98,48.5,9.5,98.0
3082,2026-03-26,Starter,North America,Healthcare,Organic,1,37,13,30.857142857142858,0,1,2026-06-02 00:00:00,49,37.57142857142857,12.857142857142858,30.857142857142858,0,188,37.57142857142857,12.857142857142858,68.0
3083,2025-10-18,Starter,Asia Pacific,SaaS,Organic,1,23,15,66.91666666666667,0,0,0,49,22.0,14.333333333333334,66.91666666666667,0,347,22.0,14.333333333333334,347.0
3084,2024-11-24,Enterprise,Europe,Manufacturing,Referral,1,46,20,44.608695652173914,2,0,0,399,45.30434782608695,20.17391304347826,44.608695652173914,2,675,45.30434782608695,20.17391304347826,675.0
3085,2026-03-08,Starter,North America,Finance,Paid Search,0,58,3,65.57142857142857,0,0,0,49,56.142857142857146,2.857142857142857,65.57142857142857,0,206,56.142857142857146,2.857142857142857,206.0
3086,2025-02-14,Starter,Latin America,Manufacturing,Partner,0,50,17,48.55,3,0,0,49,52.6,16.05,48.55,3,593,52.6,16.05,593.0
3087,2025-08-28,Starter,Latin America,Finance,Organic,1,57,14,85.92857142857143,0,0,0,49,55.357142857142854,12.571428571428571,85.92857142857143,0,398,55.357142857142854,12.571428571428571,398.0
3088,2025-12-29,Growth,Europe,Retail,Referral,1,65,18,56.3,8,0,0,129,58.0,19.0,56.3,8,275,58.0,19.0,275.0
3089,2025-01-25,Growth,Latin America,Healthcare,Outbound Sales,1,71,22,55.714285714285715,0,0,0,129,68.85714285714286,21.952380952380953,55.714285714285715,0,613,68.85714285714286,21.952380952380953,613.0
3090,2025-02-25,Growth,North America,Finance,Outbound Sales,1,51,22,69.95,6,0,0,129,51.5,22.7,69.95,6,582,51.5,22.7,582.0
3091,2025-03-24,Enterprise,North America,Manufacturing,Organic,1,40,23,42.73684210526316,2,0,0,399,42.89473684210526,20.263157894736842,42.73684210526316,2,555,42.89473684210526,20.263157894736842,555.0
3092,2025-10-21,Starter,Latin America,Education,Outbound Sales,1,7,6,46.083333333333336,0,0,0,49,6.5,5.583333333333333,46.083333333333336,0,344,6.5,5.583333333333333,344.0
3093,2025-09-14,Growth,Latin America,Education,Partner,1,74,12,53.15384615384615,0,0,0,129,77.07692307692308,11.923076923076923,53.15384615384615,0,381,77.07692307692308,11.923076923076923,381.0
3094,2025-10-16,Growth,Latin America,Education,Partner,1,21,16,87.75,0,0,0,129,20.75,14.5,87.75,0,349,20.75,14.5,349.0
3095,2026-02-08,Starter,North America,SaaS,Partner,1,42,16,69.875,1,0,0,49,42.375,15.875,69.875,1,234,42.375,15.875,234.0
3096,2025-05-29,Starter,North America,Education,Organic,1,49,13,77.29411764705883,2,0,0,49,42.88235294117647,13.058823529411764,77.29411764705883,2,489,42.88235294117647,13.058823529411764,489.0
3097,2026-04-16,Growth,Asia Pacific,Education,Organic,1,25,19,86.83333333333333,0,0,0,129,22.5,17.333333333333332,86.83333333333333,0,167,22.5,17.333333333333332,167.0
3098,2026-03-08,Growth,North America,Manufacturing,Organic,0,51,22,67.57142857142857,0,0,0,129,52.285714285714285,20.142857142857142,67.57142857142857,0,206,52.285714285714285,20.142857142857142,206.0
3099,2025-10-21,Starter,Latin America,Healthcare,Paid Search,0,58,21,25.5,0,1,2026-07-21 00:00:00,49,55.5,19.666666666666668,25.5,0,344,55.5,19.666666666666668,273.0
3100,2025-02-06,Starter,North America,SaaS,Paid Search,1,30,14,56.285714285714285,0,0,0,49,29.38095238095238,13.0,56.285714285714285,0,601,29.38095238095238,13.0,601.0
3101,2026-01-21,Enterprise,Asia Pacific,Education,Referral,1,32,21,69.44444444444444,0,0,0,399,30.88888888888889,22.444444444444443,69.44444444444444,0,252,30.88888888888889,22.444444444444443,252.0
3102,2026-02-05,Enterprise,North America,Manufacturing,Organic,1,48,18,38.625,1,0,0,399,48.75,15.0,38.625,1,237,48.75,15.0,237.0
3103,2025-09-21,Enterprise,Asia Pacific,SaaS,Paid Search,1,22,15,55.0,1,0,0,399,21.615384615384617,14.076923076923077,55.0,1,374,21.615384615384617,14.076923076923077,374.0
3104,2025-01-06,Enterprise,Europe,Healthcare,Organic,1,57,18,36.45454545454545,0,0,0,399,52.86363636363637,16.681818181818183,36.45454545454545,0,632,52.86363636363637,16.681818181818183,632.0
3105,2025-09-02,Growth,Asia Pacific,Finance,Paid Search,0,56,22,83.28571428571429,2,0,0,129,57.57142857142857,23.428571428571427,83.28571428571429,2,393,57.57142857142857,23.428571428571427,393.0
3106,2024-12-14,Starter,North America,Finance,Organic,1,53,19,86.22727272727273,1,0,0,49,50.04545454545455,19.454545454545453,86.22727272727273,1,655,50.04545454545455,19.454545454545453,655.0
3107,2025-02-24,Starter,Latin America,Finance,Referral,1,22,26,34.7,3,0,0,49,20.75,22.05,34.7,3,583,20.75,22.05,583.0
3108,2024-11-22,Starter,Europe,Retail,Paid Search,0,5,1,76.04347826086956,1,0,0,49,4.478260869565218,0.6521739130434783,76.04347826086956,1,677,4.478260869565218,0.6521739130434783,677.0
3109,2025-10-16,Growth,Asia Pacific,SaaS,Paid Search,1,42,20,50.25,1,0,0,129,43.083333333333336,18.666666666666668,50.25,1,349,43.083333333333336,18.666666666666668,349.0
3110,2026-08-24,Starter,Latin America,Finance,Referral,1,52,17,69.0,1,0,0,49,47.5,21.0,69.0,1,37,47.5,21.0,37.0
3111,2025-02-18,Starter,Europe,Healthcare,Organic,1,39,31,33.1,0,0,0,49,36.7,31.1,33.1,0,589,36.7,31.1,589.0
3112,2026-09-23,Starter,North America,Education,Referral,1,40,18,26.0,0,0,0,49,29.0,20.0,26.0,0,7,29.0,20.0,7.0
3113,2025-04-16,Growth,North America,Healthcare,Partner,0,47,17,78.27777777777777,0,0,0,129,44.611111111111114,15.88888888888889,78.27777777777777,0,532,44.611111111111114,15.88888888888889,532.0
3114,2025-07-06,Starter,Europe,Manufacturing,Outbound Sales,1,71,19,56.5,0,0,0,49,72.3125,18.6875,56.5,0,451,72.3125,18.6875,451.0
3115,2026-04-11,Starter,Asia Pacific,Healthcare,Outbound Sales,1,59,12,31.833333333333332,0,0,0,49,65.5,10.166666666666666,31.833333333333332,0,172,65.5,10.166666666666666,172.0
3116,2025-04-26,Growth,North America,SaaS,Partner,0,16,25,74.44444444444444,0,0,0,129,15.833333333333334,23.38888888888889,74.44444444444444,0,522,15.833333333333334,23.38888888888889,522.0
3117,2026-05-18,Growth,North America,Finance,Referral,1,34,26,49.4,2,0,0,129,32.0,27.4,49.4,2,135,32.0,27.4,135.0
3118,2025-04-11,Growth,Europe,SaaS,Organic,1,44,41,51.611111111111114,0,0,0,129,44.27777777777778,38.44444444444444,51.611111111111114,0,537,44.27777777777778,38.44444444444444,537.0
3119,2025-10-03,Starter,Europe,Retail,Outbound Sales,1,17,27,21.23076923076923,1,1,2026-08-15 00:00:00,49,17.46153846153846,25.846153846153847,21.23076923076923,1,362,17.46153846153846,25.846153846153847,316.0
3120,2026-01-09,Growth,North America,Manufacturing,Partner,0,7,22,42.888888888888886,3,0,0,129,6.222222222222222,20.444444444444443,42.888888888888886,3,264,6.222222222222222,20.444444444444443,264.0
3121,2026-02-15,Starter,North America,SaaS,Outbound Sales,1,13,18,65.75,2,0,0,49,10.875,17.375,65.75,2,227,10.875,17.375,227.0
3122,2025-06-24,Growth,North America,Finance,Organic,1,37,22,38.0,0,0,0,129,37.0,19.875,38.0,0,463,37.0,19.875,463.0
3123,2025-12-18,Growth,Latin America,Retail,Paid Search,0,26,29,47.1,0,0,0,129,26.6,29.8,47.1,0,286,26.6,29.8,286.0
3124,2026-08-05,Growth,Asia Pacific,Manufacturing,Outbound Sales,1,61,18,59.0,1,0,0,129,65.5,17.5,59.0,1,56,65.5,17.5,56.0
3125,2025-05-06,Growth,Europe,SaaS,Outbound Sales,1,37,18,48.5,2,0,0,129,38.888888888888886,18.555555555555557,48.5,2,512,38.888888888888886,18.555555555555557,512.0
3126,2025-05-08,Starter,Europe,SaaS,Outbound Sales,1,6,21,67.77777777777777,8,0,0,49,5.444444444444445,20.22222222222222,67.77777777777777,8,510,5.444444444444445,20.22222222222222,510.0
3127,2026-08-16,Starter,Europe,Manufacturing,Outbound Sales,1,61,16,39.5,1,0,0,49,56.5,16.5,39.5,1,45,56.5,16.5,45.0
3128,2026-09-03,Starter,North America,SaaS,Referral,1,26,19,60.0,0,0,0,49,22.0,20.0,60.0,0,27,22.0,20.0,27.0
3129,2026-01-15,Starter,Europe,Retail,Outbound Sales,1,74,23,52.333333333333336,1,0,0,49,79.88888888888889,19.88888888888889,52.333333333333336,1,258,79.88888888888889,19.88888888888889,258.0
3130,2025-12-09,Growth,Asia Pacific,Manufacturing,Organic,1,30,0,64.9,0,0,0,129,31.2,0.0,64.9,0,295,31.2,0.0,295.0
3131,2024-11-28,Starter,Asia Pacific,Healthcare,Organic,1,25,25,72.6086956521739,0,0,0,49,24.695652173913043,25.608695652173914,72.6086956521739,0,671,24.695652173913043,25.608695652173914,671.0
3132,2026-07-20,Starter,Europe,Education,Partner,1,72,24,46.0,1,0,0,49,64.33333333333333,21.666666666666668,46.0,1,72,64.33333333333333,21.666666666666668,72.0
3133,2025-05-20,Starter,Asia Pacific,Finance,Partner,1,10,25,75.70588235294117,2,1,2026-02-04 00:00:00,49,9.529411764705882,23.941176470588236,75.70588235294117,2,498,9.529411764705882,23.941176470588236,260.0
3134,2026-06-28,Enterprise,North America,Retail,Paid Search,1,69,1,79.0,0,0,0,399,71.25,0.5,79.0,0,94,71.25,0.5,94.0
3135,2026-01-12,Starter,Asia Pacific,Manufacturing,Referral,1,60,11,64.33333333333333,2,0,0,49,68.77777777777777,10.88888888888889,64.33333333333333,2,261,68.77777777777777,10.88888888888889,261.0
3136,2025-12-02,Growth,Latin America,Retail,Referral,1,65,18,49.72727272727273,4,0,0,129,64.72727272727273,17.545454545454547,49.72727272727273,4,302,64.72727272727273,17.545454545454547,302.0
3137,2024-11-03,Starter,Asia Pacific,Finance,Outbound Sales,1,50,7,69.83333333333333,0,0,0,49,50.791666666666664,7.041666666666667,69.83333333333333,0,696,50.791666666666664,7.041666666666667,696.0
3138,2025-06-06,Growth,North America,Finance,Paid Search,1,24,21,53.294117647058826,1,0,0,129,22.647058823529413,20.529411764705884,53.294117647058826,1,481,22.647058823529413,20.529411764705884,481.0
3139,2025-05-28,Enterprise,Latin America,Education,Outbound Sales,1,53,18,60.05882352941177,0,0,0,399,53.470588235294116,17.0,60.05882352941177,0,490,53.470588235294116,17.0,490.0
3140,2025-08-11,Growth,Europe,Retail,Paid Search,1,41,32,30.285714285714285,7,0,0,129,41.357142857142854,34.714285714285715,30.285714285714285,7,415,41.357142857142854,34.714285714285715,415.0
3141,2025-01-02,Growth,Europe,Healthcare,Partner,0,28,20,73.54545454545455,0,0,0,129,26.40909090909091,19.045454545454547,73.54545454545455,0,636,26.40909090909091,19.045454545454547,636.0
3142,2026-06-13,Enterprise,Europe,Education,Paid Search,0,11,13,75.5,0,0,0,399,11.5,14.25,75.5,0,109,11.5,14.25,109.0
3143,2025-02-11,Growth,Europe,Retail,Outbound Sales,0,16,36,49.65,0,0,0,129,16.45,35.0,49.65,0,596,16.45,35.0,596.0
3144,2026-05-02,Starter,North America,Retail,Organic,1,76,20,77.0,1,0,0,49,74.83333333333333,19.833333333333332,77.0,1,151,74.83333333333333,19.833333333333332,151.0
3145,2025-05-09,Starter,North America,Retail,Partner,1,52,28,57.11764705882353,3,0,0,49,52.88235294117647,26.941176470588236,57.11764705882353,3,509,52.88235294117647,26.941176470588236,509.0
3146,2025-11-08,Growth,North America,Education,Paid Search,1,45,8,39.27272727272727,0,0,0,129,44.0,7.909090909090909,39.27272727272727,0,326,44.0,7.909090909090909,326.0
3147,2025-09-28,Starter,Asia Pacific,Retail,Organic,1,32,11,33.61538461538461,0,1,2026-02-05 00:00:00,49,30.615384615384617,10.538461538461538,33.61538461538461,0,367,30.615384615384617,10.538461538461538,130.0
3148,2026-02-10,Starter,Asia Pacific,Education,Referral,1,26,6,38.375,0,0,0,49,26.5,4.875,38.375,0,232,26.5,4.875,232.0
3149,2025-02-23,Growth,Asia Pacific,Retail,Outbound Sales,0,48,12,54.3,2,0,0,129,47.65,11.05,54.3,2,584,47.65,11.05,584.0
3150,2025-07-25,Starter,Latin America,Retail,Paid Search,1,27,16,65.0,0,0,0,49,27.733333333333334,14.6,65.0,0,432,27.733333333333334,14.6,432.0
3151,2026-09-16,Growth,Europe,Retail,Outbound Sales,0,30,15,52.0,0,0,0,129,29.0,14.0,52.0,0,14,29.0,14.0,14.0
3152,2026-03-15,Enterprise,North America,Retail,Referral,0,7,10,91.14285714285714,0,0,0,399,6.571428571428571,8.714285714285714,91.14285714285714,0,199,6.571428571428571,8.714285714285714,199.0
3153,2026-04-23,Growth,Latin America,Finance,Outbound Sales,0,39,1,81.66666666666667,1,0,0,129,42.666666666666664,0.5,81.66666666666667,1,160,42.666666666666664,0.5,160.0
3154,2026-08-15,Starter,Europe,Education,Referral,1,2,21,43.5,0,0,0,49,1.0,21.0,43.5,0,46,1.0,21.0,46.0
3155,2025-09-15,Growth,Europe,Retail,Partner,0,28,22,82.23076923076923,0,0,0,129,26.46153846153846,19.153846153846153,82.23076923076923,0,380,26.46153846153846,19.153846153846153,380.0
3156,2026-07-03,Growth,Latin America,Education,Organic,1,49,17,40.0,0,0,0,129,38.333333333333336,17.666666666666668,40.0,0,89,38.333333333333336,17.666666666666668,89.0
3157,2025-12-01,Starter,Asia Pacific,Education,Outbound Sales,1,46,12,65.63636363636364,0,0,0,49,42.63636363636363,9.272727272727273,65.63636363636364,0,303,42.63636363636363,9.272727272727273,303.0
3158,2026-07-17,Starter,Asia Pacific,Education,Organic,1,74,18,51.0,0,0,0,49,89.33333333333333,14.0,51.0,0,75,89.33333333333333,14.0,75.0
3159,2025-12-05,Starter,North America,Retail,Organic,0,67,21,56.2,2,0,0,49,68.5,19.1,56.2,2,299,68.5,19.1,299.0
3160,2026-06-23,Growth,Asia Pacific,Education,Partner,1,64,17,46.75,0,0,0,129,60.25,20.0,46.75,0,99,60.25,20.0,99.0
3161,2025-02-23,Growth,Asia Pacific,SaaS,Organic,1,40,4,87.3,0,0,0,129,37.4,3.85,87.3,0,584,37.4,3.85,584.0
3162,2025-10-21,Growth,North America,Healthcare,Referral,1,96,17,38.166666666666664,0,0,0,129,100.58333333333333,17.083333333333332,38.166666666666664,0,344,100.58333333333333,17.083333333333332,344.0
3163,2025-10-25,Starter,Latin America,Healthcare,Referral,1,26,27,50.916666666666664,5,0,0,49,23.416666666666668,29.25,50.916666666666664,5,340,23.416666666666668,29.25,340.0
3164,2026-02-10,Enterprise,Europe,Manufacturing,Referral,1,51,34,72.0,0,0,0,399,49.625,30.75,72.0,0,232,49.625,30.75,232.0
3165,2026-07-24,Growth,Europe,Finance,Outbound Sales,1,33,24,29.666666666666668,2,0,0,129,29.333333333333332,26.0,29.666666666666668,2,68,29.333333333333332,26.0,68.0
3166,2025-04-24,Starter,Asia Pacific,Manufacturing,Referral,0,65,9,42.77777777777778,1,0,0,49,59.94444444444444,7.722222222222222,42.77777777777778,1,524,59.94444444444444,7.722222222222222,524.0
3167,2026-09-19,Starter,Asia Pacific,Healthcare,Outbound Sales,1,45,15,66.0,2,1,2026-09-30 00:00:00,49,33.0,10.0,66.0,2,11,33.0,10.0,11.0
3168,2025-08-30,Starter,Latin America,Education,Referral,1,31,16,41.214285714285715,0,0,0,49,29.071428571428573,15.285714285714286,41.214285714285715,0,396,29.071428571428573,15.285714285714286,396.0
3169,2026-07-21,Starter,Latin America,Healthcare,Outbound Sales,1,63,18,20.333333333333332,0,0,0,49,68.66666666666667,21.666666666666668,20.333333333333332,0,71,68.66666666666667,21.666666666666668,71.0
3170,2026-06-26,Enterprise,Europe,Education,Referral,1,28,18,91.75,2,0,0,399,26.25,17.25,91.75,2,96,26.25,17.25,96.0
3171,2025-01-24,Starter,North America,Manufacturing,Partner,1,41,28,49.95238095238095,1,0,0,49,40.285714285714285,27.666666666666668,49.95238095238095,1,614,40.285714285714285,27.666666666666668,614.0
3172,2026-09-18,Growth,Asia Pacific,Education,Referral,1,19,21,79.0,1,0,0,129,22.0,19.0,79.0,1,12,22.0,19.0,12.0
3173,2025-03-16,Starter,Asia Pacific,Finance,Referral,1,22,11,59.05263157894737,4,0,0,49,21.842105263157894,10.578947368421053,59.05263157894737,4,563,21.842105263157894,10.578947368421053,563.0
3174,2025-09-15,Enterprise,North America,SaaS,Referral,1,24,22,34.53846153846154,0,0,0,399,24.076923076923077,21.153846153846153,34.53846153846154,0,380,24.076923076923077,21.153846153846153,380.0
3175,2025-02-27,Enterprise,Europe,Education,Organic,1,24,16,48.55,0,0,0,399,23.45,14.35,48.55,0,580,23.45,14.35,580.0
3176,2025-07-01,Starter,North America,Manufacturing,Partner,1,31,0,59.3125,1,0,0,49,28.375,0.0,59.3125,1,456,28.375,0.0,456.0
3177,2025-09-07,Growth,North America,SaaS,Partner,1,9,17,70.46153846153847,0,1,2025-12-05 00:00:00,129,8.76923076923077,15.0,70.46153846153847,0,388,8.76923076923077,15.0,89.0
3178,2025-05-05,Starter,Latin America,Education,Partner,1,62,23,55.94444444444444,2,0,0,49,60.111111111111114,21.11111111111111,55.94444444444444,2,513,60.111111111111114,21.11111111111111,513.0
3179,2025-11-16,Starter,North America,Healthcare,Paid Search,1,46,29,33.72727272727273,0,0,0,49,42.18181818181818,27.454545454545453,33.72727272727273,0,318,42.18181818181818,27.454545454545453,318.0
3180,2025-03-23,Growth,North America,Manufacturing,Paid Search,0,47,17,22.94736842105263,2,0,0,129,47.526315789473685,15.68421052631579,22.94736842105263,2,556,47.526315789473685,15.68421052631579,556.0
3181,2026-04-06,Growth,Asia Pacific,Education,Referral,1,27,3,85.33333333333333,3,0,0,129,27.5,2.3333333333333335,85.33333333333333,3,177,27.5,2.3333333333333335,177.0
3182,2025-12-01,Enterprise,Europe,Finance,Referral,1,18,17,92.63636363636364,0,0,0,399,17.818181818181817,16.818181818181817,92.63636363636364,0,303,17.818181818181817,16.818181818181817,303.0
3183,2026-01-01,Starter,Latin America,Healthcare,Outbound Sales,1,0,9,70.8,0,0,0,49,0.0,8.1,70.8,0,272,0.0,8.1,272.0
3184,2026-07-02,Growth,North America,SaaS,Referral,1,66,27,52.0,0,0,0,129,73.25,30.25,52.0,0,90,73.25,30.25,90.0
3185,2025-03-20,Starter,Asia Pacific,SaaS,Referral,1,44,13,85.05263157894737,0,0,0,49,47.36842105263158,12.842105263157896,85.05263157894737,0,559,47.36842105263158,12.842105263157896,559.0
3186,2026-06-10,Growth,Europe,Healthcare,Outbound Sales,1,53,14,28.0,1,0,0,129,50.5,13.5,28.0,1,112,50.5,13.5,112.0
3187,2025-11-26,Enterprise,North America,Manufacturing,Referral,1,50,13,86.0909090909091,5,0,0,399,47.90909090909091,12.181818181818182,86.0909090909091,5,308,47.90909090909091,12.181818181818182,308.0
3188,2026-01-06,Enterprise,North America,Manufacturing,Partner,0,24,14,50.55555555555556,4,0,0,399,23.22222222222222,12.88888888888889,50.55555555555556,4,267,23.22222222222222,12.88888888888889,267.0
3189,2025-05-08,Starter,Latin America,SaaS,Outbound Sales,1,25,23,88.5,1,0,0,49,24.27777777777778,22.055555555555557,88.5,1,510,24.27777777777778,22.055555555555557,510.0
3190,2026-03-12,Enterprise,Latin America,Finance,Organic,1,69,10,56.57142857142857,3,0,0,399,69.57142857142857,10.714285714285714,56.57142857142857,3,202,69.57142857142857,10.714285714285714,202.0
3191,2026-08-11,Enterprise,Europe,SaaS,Referral,1,56,16,56.5,6,0,0,399,53.5,11.0,56.5,6,50,53.5,11.0,50.0
3192,2026-05-03,Starter,Europe,SaaS,Paid Search,1,22,21,56.833333333333336,0,0,0,49,21.0,20.333333333333332,56.833333333333336,0,150,21.0,20.333333333333332,150.0
3193,2026-08-21,Starter,Asia Pacific,Retail,Referral,0,44,15,39.0,0,0,0,49,45.5,18.5,39.0,0,40,45.5,18.5,40.0
3194,2025-04-25,Starter,Europe,Finance,Referral,1,47,26,32.888888888888886,0,0,0,49,45.77777777777778,26.38888888888889,32.888888888888886,0,523,45.77777777777778,26.38888888888889,523.0
3195,2026-05-21,Starter,Latin America,Retail,Organic,1,62,22,50.6,0,0,0,49,51.4,23.4,50.6,0,132,51.4,23.4,132.0
3196,2025-04-18,Starter,Asia Pacific,Manufacturing,Referral,0,41,19,53.611111111111114,6,0,0,49,42.166666666666664,18.88888888888889,53.611111111111114,6,530,42.166666666666664,18.88888888888889,530.0
3197,2026-03-15,Starter,Asia Pacific,Manufacturing,Paid Search,1,47,26,40.0,0,0,0,49,39.57142857142857,27.285714285714285,40.0,0,199,39.57142857142857,27.285714285714285,199.0
3198,2025-08-21,Growth,North America,Retail,Outbound Sales,1,25,8,52.57142857142857,0,0,0,129,25.142857142857142,6.928571428571429,52.57142857142857,0,405,25.142857142857142,6.928571428571429,405.0
3199,2025-03-22,Growth,Latin America,Healthcare,Outbound Sales,0,26,9,91.21052631578948,1,0,0,129,24.210526315789473,9.105263157894736,91.21052631578948,1,557,24.210526315789473,9.105263157894736,557.0
3200,2025-05-09,Starter,Europe,Healthcare,Paid Search,1,71,20,65.88235294117646,0,0,0,49,73.6470588235294,19.58823529411765,65.88235294117646,0,509,73.6470588235294,19.58823529411765,509.0
3201,2025-09-17,Enterprise,Asia Pacific,Manufacturing,Paid Search,0,57,21,52.38461538461539,1,0,0,399,55.46153846153846,19.153846153846153,52.38461538461539,1,378,55.46153846153846,19.153846153846153,378.0
3202,2026-02-03,Enterprise,Latin America,Manufacturing,Outbound Sales,1,14,8,40.125,5,0,0,399,13.75,7.75,40.125,5,239,13.75,7.75,239.0
3203,2026-07-26,Growth,North America,Healthcare,Partner,0,7,23,31.0,2,0,0,129,6.666666666666667,18.0,31.0,2,66,6.666666666666667,18.0,66.0
3204,2024-12-23,Starter,Asia Pacific,Education,Organic,1,2,12,46.72727272727273,2,0,0,49,1.5909090909090908,12.363636363636363,46.72727272727273,2,646,1.5909090909090908,12.363636363636363,646.0
3205,2025-11-01,Growth,Latin America,SaaS,Referral,1,41,35,51.416666666666664,1,0,0,129,39.916666666666664,31.833333333333332,51.416666666666664,1,333,39.916666666666664,31.833333333333332,333.0
3206,2024-11-08,Starter,Europe,Healthcare,Partner,0,28,33,75.5,2,0,0,49,28.333333333333332,32.5,75.5,2,691,28.333333333333332,32.5,691.0
3207,2026-03-10,Enterprise,Asia Pacific,Education,Outbound Sales,1,56,9,65.71428571428571,0,0,0,399,53.57142857142857,9.285714285714286,65.71428571428571,0,204,53.57142857142857,9.285714285714286,204.0
3208,2025-03-18,Starter,North America,Manufacturing,Organic,0,52,18,33.421052631578945,0,0,0,49,51.73684210526316,18.63157894736842,33.421052631578945,0,561,51.73684210526316,18.63157894736842,561.0
3209,2025-05-17,Enterprise,North America,Manufacturing,Organic,1,64,19,62.294117647058826,0,0,0,399,68.29411764705883,19.470588235294116,62.294117647058826,0,501,68.29411764705883,19.470588235294116,501.0
3210,2025-11-27,Starter,Europe,Finance,Referral,1,41,11,70.54545454545455,0,0,0,49,38.36363636363637,10.818181818181818,70.54545454545455,0,307,38.36363636363637,10.818181818181818,307.0
3211,2026-05-28,Starter,Latin America,SaaS,Partner,0,70,32,53.6,0,0,0,49,63.8,27.2,53.6,0,125,63.8,27.2,125.0
3212,2026-03-31,Starter,Asia Pacific,Finance,Outbound Sales,1,14,23,63.857142857142854,2,0,0,49,13.571428571428571,24.428571428571427,63.857142857142854,2,183,13.571428571428571,24.428571428571427,183.0
3213,2026-08-29,Enterprise,Asia Pacific,Retail,Partner,1,33,6,84.5,3,1,2026-09-29 00:00:00,399,32.0,5.5,84.5,3,32,32.0,5.5,31.0
3214,2025-12-22,Enterprise,Latin America,Healthcare,Partner,1,20,26,14.2,3,0,0,399,18.1,26.5,14.2,3,282,18.1,26.5,282.0
3215,2026-03-17,Growth,Europe,Healthcare,Outbound Sales,1,20,20,36.142857142857146,0,0,0,129,19.857142857142858,16.142857142857142,36.142857142857146,0,197,19.857142857142858,16.142857142857142,197.0
3216,2025-12-29,Starter,Latin America,Retail,Referral,1,27,28,26.5,3,0,0,49,26.8,28.0,26.5,3,275,26.8,28.0,275.0
3217,2026-01-27,Enterprise,Latin America,Finance,Organic,1,37,21,69.66666666666667,3,1,2026-07-01 00:00:00,399,34.666666666666664,21.444444444444443,69.66666666666667,3,246,34.666666666666664,21.444444444444443,155.0
3218,2025-04-19,Enterprise,Asia Pacific,SaaS,Outbound Sales,0,21,8,75.5,0,0,0,399,20.0,6.722222222222222,75.5,0,529,20.0,6.722222222222222,529.0
3219,2025-01-22,Starter,North America,Healthcare,Referral,1,0,28,70.71428571428571,4,0,0,49,0.0,26.61904761904762,70.71428571428571,4,616,0.0,26.61904761904762,616.0
3220,2026-05-31,Starter,Asia Pacific,Manufacturing,Outbound Sales,1,61,23,89.0,0,0,0,49,63.6,23.2,89.0,0,122,63.6,23.2,122.0
3221,2024-11-30,Growth,Europe,Healthcare,Referral,0,39,16,87.6086956521739,1,0,0,129,38.52173913043478,14.869565217391305,87.6086956521739,1,669,38.52173913043478,14.869565217391305,669.0
3222,2025-06-12,Enterprise,North America,Manufacturing,Organic,1,44,26,88.125,2,0,0,399,42.1875,27.8125,88.125,2,475,42.1875,27.8125,475.0
3223,2025-08-25,Starter,North America,Healthcare,Partner,1,0,13,42.5,3,0,0,49,0.0,12.928571428571429,42.5,3,401,0.0,12.928571428571429,401.0
3224,2024-12-02,Starter,Europe,SaaS,Organic,1,34,10,56.30434782608695,2,0,0,49,31.73913043478261,9.521739130434783,56.30434782608695,2,667,31.73913043478261,9.521739130434783,667.0
3225,2025-08-07,Starter,Europe,Education,Outbound Sales,1,55,17,74.07142857142857,0,0,0,49,52.5,16.5,74.07142857142857,0,419,52.5,16.5,419.0
3226,2025-06-17,Growth,North America,Education,Organic,1,48,13,69.75,3,0,0,129,46.3125,11.625,69.75,3,470,46.3125,11.625,470.0
3227,2026-05-03,Enterprise,Europe,Education,Organic,1,42,32,82.66666666666667,5,0,0,399,40.333333333333336,30.666666666666668,82.66666666666667,5,150,40.333333333333336,30.666666666666668,150.0
3228,2025-08-21,Growth,Asia Pacific,Finance,Paid Search,1,68,23,35.642857142857146,0,0,0,129,64.14285714285714,21.214285714285715,35.642857142857146,0,405,64.14285714285714,21.214285714285715,405.0
3229,2025-04-20,Starter,Asia Pacific,Finance,Referral,0,29,20,73.27777777777777,0,0,0,49,30.88888888888889,21.77777777777778,73.27777777777777,0,528,30.88888888888889,21.77777777777778,528.0
3230,2026-02-10,Starter,North America,Healthcare,Paid Search,1,13,16,85.0,1,0,0,49,11.375,16.125,85.0,1,232,11.375,16.125,232.0
3231,2026-06-01,Growth,Asia Pacific,Retail,Paid Search,1,20,22,66.4,0,0,0,129,21.4,21.6,66.4,0,121,21.4,21.6,121.0
3232,2026-03-21,Starter,Asia Pacific,Healthcare,Paid Search,1,29,25,85.42857142857143,0,0,0,49,26.571428571428573,22.0,85.42857142857143,0,193,26.571428571428573,22.0,193.0
3233,2026-05-15,Enterprise,North America,SaaS,Referral,1,25,4,49.6,0,0,0,399,23.2,4.4,49.6,0,138,23.2,4.4,138.0
3234,2026-04-06,Starter,Asia Pacific,Education,Organic,1,44,12,31.666666666666668,3,1,2026-06-03 00:00:00,49,46.333333333333336,10.333333333333334,31.666666666666668,3,177,46.333333333333336,10.333333333333334,58.0
3235,2026-06-08,Starter,North America,Manufacturing,Outbound Sales,1,104,21,66.0,0,0,0,49,118.0,20.5,66.0,0,114,118.0,20.5,114.0
3236,2025-02-23,Starter,Latin America,Education,Organic,1,46,24,46.95,1,0,0,49,45.35,24.35,46.95,1,584,45.35,24.35,584.0
3237,2025-07-31,Growth,Asia Pacific,Healthcare,Paid Search,1,31,30,37.53333333333333,0,0,0,129,30.2,29.466666666666665,37.53333333333333,0,426,30.2,29.466666666666665,426.0
3238,2026-05-09,Enterprise,North America,Education,Partner,0,22,4,36.4,0,0,0,399,20.4,3.8,36.4,0,144,20.4,3.8,144.0
3239,2025-11-09,Starter,Europe,Manufacturing,Referral,1,50,25,86.81818181818181,0,0,0,49,49.09090909090909,22.90909090909091,86.81818181818181,0,325,49.09090909090909,22.90909090909091,325.0
3240,2026-05-08,Enterprise,Europe,Education,Paid Search,1,0,24,25.4,0,0,0,399,0.0,21.4,25.4,0,145,0.0,21.4,145.0
3241,2024-12-11,Enterprise,North America,Education,Partner,0,33,7,73.68181818181819,0,0,0,399,34.36363636363637,7.181818181818182,73.68181818181819,0,658,34.36363636363637,7.181818181818182,658.0
3242,2026-01-24,Starter,Europe,Finance,Organic,1,36,14,78.66666666666667,0,0,0,49,38.111111111111114,14.222222222222221,78.66666666666667,0,249,38.111111111111114,14.222222222222221,249.0
3243,2026-05-12,Starter,Europe,Manufacturing,Outbound Sales,1,52,18,61.0,1,1,2026-07-08 00:00:00,49,46.8,16.8,61.0,1,141,46.8,16.8,57.0
3244,2026-01-08,Growth,Europe,Retail,Partner,1,37,24,42.111111111111114,0,1,2026-03-05 00:00:00,129,39.44444444444444,22.333333333333332,42.111111111111114,0,265,39.44444444444444,22.333333333333332,56.0
3245,2026-08-30,Starter,Europe,Manufacturing,Referral,1,44,16,78.0,1,0,0,49,51.5,17.5,78.0,1,31,51.5,17.5,31.0
3246,2025-07-10,Growth,Asia Pacific,Healthcare,Paid Search,1,35,19,48.666666666666664,0,0,0,129,34.8,17.866666666666667,48.666666666666664,0,447,34.8,17.866666666666667,447.0
3247,2025-08-30,Growth,Asia Pacific,Finance,Paid Search,0,21,11,21.642857142857142,1,0,0,129,19.5,10.785714285714286,21.642857142857142,1,396,19.5,10.785714285714286,396.0
3248,2024-12-02,Growth,Europe,Retail,Outbound Sales,1,51,27,52.608695652173914,1,0,0,129,50.17391304347826,28.26086956521739,52.608695652173914,1,667,50.17391304347826,28.26086956521739,667.0
3249,2026-02-02,Starter,Latin America,SaaS,Paid Search,0,4,22,42.77777777777778,0,0,0,49,3.5555555555555554,20.555555555555557,42.77777777777778,0,240,3.5555555555555554,20.555555555555557,240.0
3250,2025-07-26,Starter,Latin America,SaaS,Paid Search,1,43,3,87.8,0,0,0,49,41.8,2.933333333333333,87.8,0,431,41.8,2.933333333333333,431.0
3251,2025-10-21,Enterprise,North America,SaaS,Outbound Sales,0,40,16,73.33333333333333,2,0,0,399,41.166666666666664,14.666666666666666,73.33333333333333,2,344,41.166666666666664,14.666666666666666,344.0
3252,2025-01-27,Growth,Latin America,Education,Referral,1,42,15,47.38095238095238,1,0,0,129,41.523809523809526,15.238095238095237,47.38095238095238,1,611,41.523809523809526,15.238095238095237,611.0
3253,2026-01-22,Growth,Asia Pacific,Finance,Referral,0,43,15,93.11111111111111,1,0,0,129,44.44444444444444,14.333333333333334,93.11111111111111,1,251,44.44444444444444,14.333333333333334,251.0
3254,2025-02-27,Starter,North America,SaaS,Referral,1,42,16,85.1,0,0,0,49,42.35,16.3,85.1,0,580,42.35,16.3,580.0
3255,2025-06-29,Growth,North America,Manufacturing,Paid Search,1,39,13,45.625,1,0,0,129,37.1875,10.875,45.625,1,458,37.1875,10.875,458.0
3256,2025-06-01,Starter,Latin America,Manufacturing,Referral,1,20,30,53.94117647058823,0,0,0,49,20.176470588235293,29.0,53.94117647058823,0,486,20.176470588235293,29.0,486.0
3257,2026-06-24,Starter,Asia Pacific,Manufacturing,Referral,1,38,6,58.0,0,0,0,49,37.75,5.25,58.0,0,98,37.75,5.25,98.0
3258,2025-10-24,Growth,Latin America,Healthcare,Organic,0,80,30,60.083333333333336,0,0,0,129,79.75,26.75,60.083333333333336,0,341,79.75,26.75,341.0
3259,2026-07-16,Starter,Europe,Education,Outbound Sales,1,61,18,37.333333333333336,2,0,0,49,51.666666666666664,21.0,37.333333333333336,2,76,51.666666666666664,21.0,76.0
3260,2026-08-08,Growth,Latin America,SaaS,Organic,1,70,23,26.0,0,0,0,129,79.0,23.5,26.0,0,53,79.0,23.5,53.0
3261,2026-01-11,Growth,North America,Education,Paid Search,1,55,7,72.33333333333333,0,0,0,129,59.666666666666664,7.111111111111111,72.33333333333333,0,262,59.666666666666664,7.111111111111111,262.0
3262,2025-04-17,Growth,North America,Healthcare,Partner,1,24,17,78.22222222222223,0,0,0,129,22.666666666666668,16.88888888888889,78.22222222222223,0,531,22.666666666666668,16.88888888888889,531.0
3263,2026-07-22,Growth,Europe,Manufacturing,Outbound Sales,1,49,36,79.33333333333333,3,0,0,129,50.0,31.666666666666668,79.33333333333333,3,70,50.0,31.666666666666668,70.0
3264,2025-03-21,Growth,Europe,Healthcare,Paid Search,1,67,19,27.0,0,0,0,129,69.0,16.842105263157894,27.0,0,558,69.0,16.842105263157894,558.0
3265,2025-05-29,Starter,North America,Finance,Paid Search,1,41,15,29.764705882352942,0,0,0,49,42.76470588235294,15.117647058823529,29.764705882352942,0,489,42.76470588235294,15.117647058823529,489.0
3266,2025-05-29,Starter,Europe,SaaS,Outbound Sales,0,16,23,45.05882352941177,1,0,0,49,15.647058823529411,22.941176470588236,45.05882352941177,1,489,15.647058823529411,22.941176470588236,489.0
3267,2024-12-29,Starter,Europe,Education,Partner,0,50,14,84.54545454545455,0,1,2025-11-15 00:00:00,49,44.90909090909091,13.545454545454545,84.54545454545455,0,640,44.90909090909091,13.545454545454545,321.0
3268,2025-10-24,Growth,North America,SaaS,Organic,0,49,9,87.16666666666667,0,0,0,129,46.75,8.25,87.16666666666667,0,341,46.75,8.25,341.0
3269,2026-04-28,Starter,North America,Manufacturing,Paid Search,1,88,24,42.833333333333336,1,0,0,49,92.33333333333333,25.833333333333332,42.833333333333336,1,155,92.33333333333333,25.833333333333332,155.0
3270,2025-08-13,Growth,North America,SaaS,Referral,1,45,17,25.642857142857142,0,0,0,129,45.785714285714285,16.142857142857142,25.642857142857142,0,413,45.785714285714285,16.142857142857142,413.0
3271,2026-07-03,Starter,North America,Finance,Outbound Sales,0,36,22,78.0,0,0,0,49,33.0,21.333333333333332,78.0,0,89,33.0,21.333333333333332,89.0
3272,2026-05-04,Starter,North America,Healthcare,Paid Search,1,53,22,80.2,2,0,0,49,56.2,21.8,80.2,2,149,56.2,21.8,149.0
3273,2025-04-20,Starter,Latin America,Finance,Referral,1,33,7,77.05555555555556,1,0,0,49,31.38888888888889,6.666666666666667,77.05555555555556,1,528,31.38888888888889,6.666666666666667,528.0
3274,2025-09-26,Growth,North America,Healthcare,Referral,1,54,19,89.61538461538461,0,1,2026-03-24 00:00:00,129,50.23076923076923,17.384615384615383,89.61538461538461,0,369,50.23076923076923,17.384615384615383,179.0
3275,2025-08-22,Starter,North America,Retail,Organic,1,54,20,70.64285714285714,0,0,0,49,52.714285714285715,21.642857142857142,70.64285714285714,0,404,52.714285714285715,21.642857142857142,404.0
3276,2026-06-08,Growth,Europe,Retail,Outbound Sales,1,24,27,86.5,2,0,0,129,25.5,30.25,86.5,2,114,25.5,30.25,114.0
3277,2025-07-30,Enterprise,Asia Pacific,Finance,Organic,0,63,15,48.266666666666666,0,1,2026-05-19 00:00:00,399,62.93333333333333,14.866666666666667,48.266666666666666,0,427,62.93333333333333,14.866666666666667,293.0
3278,2026-09-25,Enterprise,Asia Pacific,Manufacturing,Partner,0,43,23,48.0,1,0,0,399,35.0,20.0,48.0,1,5,35.0,20.0,5.0
3279,2025-02-04,Starter,Latin America,SaaS,Organic,1,45,19,71.42857142857143,1,0,0,49,39.19047619047619,18.428571428571427,71.42857142857143,1,603,39.19047619047619,18.428571428571427,603.0
3280,2025-03-17,Enterprise,Latin America,Education,Partner,1,17,31,72.52631578947368,2,0,0,399,15.947368421052632,28.736842105263158,72.52631578947368,2,562,15.947368421052632,28.736842105263158,562.0
3281,2025-12-25,Starter,Europe,Education,Partner,1,59,15,87.0,0,0,0,49,57.0,15.1,87.0,0,279,57.0,15.1,279.0
3282,2024-12-29,Growth,Europe,Finance,Referral,1,53,19,53.40909090909091,2,0,0,129,53.68181818181818,20.59090909090909,53.40909090909091,2,640,53.68181818181818,20.59090909090909,640.0
3283,2025-08-09,Growth,Europe,Education,Paid Search,1,48,33,23.571428571428573,1,0,0,129,48.857142857142854,36.285714285714285,23.571428571428573,1,417,48.857142857142854,36.285714285714285,417.0
3284,2026-09-01,Starter,Europe,Education,Organic,0,46,2,63.0,2,0,0,49,52.0,1.0,63.0,2,29,52.0,1.0,29.0
3285,2025-03-08,Growth,Europe,Finance,Referral,1,34,31,53.7,3,0,0,129,34.05,33.55,53.7,3,571,34.05,33.55,571.0
3286,2025-03-14,Enterprise,Asia Pacific,Finance,Partner,1,49,8,58.21052631578947,0,0,0,399,48.526315789473685,7.421052631578948,58.21052631578947,0,565,48.526315789473685,7.421052631578948,565.0
3287,2025-07-12,Starter,Asia Pacific,Healthcare,Paid Search,0,24,25,64.73333333333333,0,0,0,49,23.6,24.733333333333334,64.73333333333333,0,445,23.6,24.733333333333334,445.0
3288,2025-03-28,Enterprise,Asia Pacific,Education,Organic,1,42,7,78.6842105263158,0,0,0,399,40.0,5.684210526315789,78.6842105263158,0,551,40.0,5.684210526315789,551.0
3289,2025-09-24,Starter,Europe,Education,Paid Search,1,44,18,43.84615384615385,1,0,0,49,44.84615384615385,17.53846153846154,43.84615384615385,1,371,44.84615384615385,17.53846153846154,371.0
3290,2025-07-10,Growth,Europe,Manufacturing,Referral,0,61,13,72.26666666666667,3,0,0,129,60.93333333333333,12.266666666666667,72.26666666666667,3,447,60.93333333333333,12.266666666666667,447.0
3291,2026-09-22,Growth,Asia Pacific,Manufacturing,Paid Search,1,28,25,18.0,0,0,0,129,26.0,32.0,18.0,0,8,26.0,32.0,8.0
3292,2025-12-06,Starter,Europe,Healthcare,Partner,1,50,11,59.0,2,1,2026-09-12 00:00:00,49,51.2,11.0,59.0,2,298,51.2,11.0,280.0
3293,2025-03-24,Enterprise,Latin America,Retail,Paid Search,1,15,17,85.78947368421052,5,1,2026-02-12 00:00:00,399,13.631578947368421,17.42105263157895,85.78947368421052,5,555,13.631578947368421,17.42105263157895,325.0
3294,2026-08-08,Starter,Latin America,Finance,Referral,1,50,24,30.0,0,0,0,49,61.0,28.5,30.0,0,53,61.0,28.5,53.0
3295,2025-08-01,Enterprise,Latin America,Manufacturing,Referral,1,83,19,47.06666666666667,5,0,0,399,80.8,20.8,47.06666666666667,5,425,80.8,20.8,425.0
3296,2026-08-03,Starter,Asia Pacific,Healthcare,Organic,1,11,12,26.5,1,0,0,49,10.0,13.0,26.5,1,58,10.0,13.0,58.0
3297,2025-12-28,Starter,Asia Pacific,Education,Referral,0,35,16,84.6,0,0,0,49,34.6,14.0,84.6,0,276,34.6,14.0,276.0
3298,2025-11-18,Starter,Europe,Finance,Paid Search,0,52,14,65.0909090909091,6,0,0,49,55.54545454545455,11.0,65.0909090909091,6,316,55.54545454545455,11.0,316.0
3299,2026-02-04,Starter,Europe,Education,Referral,1,47,10,58.625,2,0,0,49,48.5,9.25,58.625,2,238,48.5,9.25,238.0
3300,2025-01-15,Starter,North America,Manufacturing,Referral,1,22,26,73.80952380952381,1,0,0,49,21.714285714285715,24.476190476190474,73.80952380952381,1,623,21.714285714285715,24.476190476190474,623.0
3301,2026-08-09,Starter,North America,Education,Partner,0,59,10,41.0,2,0,0,49,61.0,7.0,41.0,2,52,61.0,7.0,52.0
3302,2025-02-02,Growth,North America,Education,Paid Search,1,78,19,69.71428571428571,5,0,0,129,79.85714285714286,20.095238095238095,69.71428571428571,5,605,79.85714285714286,20.095238095238095,605.0
3303,2025-12-16,Growth,Latin America,Finance,Referral,1,43,23,63.7,0,0,0,129,42.7,22.5,63.7,0,288,42.7,22.5,288.0
3304,2026-04-10,Growth,Europe,Retail,Partner,1,37,14,61.5,1,0,0,129,36.333333333333336,12.666666666666666,61.5,1,173,36.333333333333336,12.666666666666666,173.0
3305,2025-08-10,Starter,Asia Pacific,Finance,Partner,1,22,20,51.142857142857146,0,0,0,49,22.357142857142858,20.142857142857142,51.142857142857146,0,416,22.357142857142858,20.142857142857142,416.0
3306,2025-11-11,Starter,North America,Manufacturing,Outbound Sales,1,26,22,63.27272727272727,0,0,0,49,27.545454545454547,16.545454545454547,63.27272727272727,0,323,27.545454545454547,16.545454545454547,323.0
3307,2026-02-07,Starter,Europe,SaaS,Partner,1,60,12,45.75,3,0,0,49,49.375,10.875,45.75,3,235,49.375,10.875,235.0
3308,2026-03-13,Starter,Asia Pacific,SaaS,Paid Search,1,42,17,59.857142857142854,1,0,0,49,39.42857142857143,17.571428571428573,59.857142857142854,1,201,39.42857142857143,17.571428571428573,201.0
3309,2025-09-30,Starter,Asia Pacific,Retail,Partner,1,25,27,30.846153846153847,0,0,0,49,25.307692307692307,26.923076923076923,30.846153846153847,0,365,25.307692307692307,26.923076923076923,365.0
3310,2026-06-17,Growth,Europe,Healthcare,Outbound Sales,1,52,15,55.5,0,0,0,129,41.0,16.25,55.5,0,105,41.0,16.25,105.0
3311,2024-11-01,Growth,Europe,Education,Outbound Sales,1,41,25,60.0,0,0,0,129,43.875,26.416666666666668,60.0,0,698,43.875,26.416666666666668,698.0
3312,2025-02-02,Growth,Asia Pacific,Retail,Organic,1,44,25,33.142857142857146,0,0,0,129,42.904761904761905,23.38095238095238,33.142857142857146,0,605,42.904761904761905,23.38095238095238,605.0
3313,2026-02-11,Starter,Latin America,Manufacturing,Partner,1,8,22,58.5,0,0,0,49,7.625,22.0,58.5,0,231,7.625,22.0,231.0
3314,2026-08-11,Starter,Asia Pacific,Finance,Partner,1,19,10,59.0,2,0,0,49,16.5,9.5,59.0,2,50,16.5,9.5,50.0
3315,2026-09-10,Growth,North America,Retail,Referral,1,8,9,54.0,2,0,0,129,8.0,10.0,54.0,2,20,8.0,10.0,20.0
3316,2025-10-31,Starter,Asia Pacific,Finance,Paid Search,1,44,24,82.75,3,0,0,49,45.333333333333336,21.25,82.75,3,334,45.333333333333336,21.25,334.0
3317,2025-01-02,Starter,Europe,Finance,Outbound Sales,1,20,15,58.90909090909091,8,0,0,49,18.90909090909091,13.954545454545455,58.90909090909091,8,636,18.90909090909091,13.954545454545455,636.0
3318,2026-04-30,Growth,Latin America,Manufacturing,Paid Search,1,11,18,85.0,1,0,0,129,9.666666666666666,17.5,85.0,1,153,9.666666666666666,17.5,153.0
3319,2025-12-11,Enterprise,Europe,Finance,Partner,1,29,12,75.1,2,0,0,399,30.1,11.3,75.1,2,293,30.1,11.3,293.0
3320,2025-06-10,Starter,Europe,Healthcare,Organic,0,35,23,51.3125,3,0,0,49,35.375,22.75,51.3125,3,477,35.375,22.75,477.0
3321,2026-01-12,Starter,Asia Pacific,Finance,Organic,1,24,26,56.77777777777778,2,0,0,49,24.333333333333332,27.0,56.77777777777778,2,261,24.333333333333332,27.0,261.0
3322,2025-06-03,Growth,Latin America,SaaS,Referral,1,36,35,53.1764705882353,0,0,0,129,33.76470588235294,35.35294117647059,53.1764705882353,0,484,33.76470588235294,35.35294117647059,484.0
3323,2026-03-20,Growth,Asia Pacific,Healthcare,Paid Search,1,22,12,51.57142857142857,5,0,0,129,21.0,11.0,51.57142857142857,5,194,21.0,11.0,194.0
3324,2025-07-31,Starter,Asia Pacific,Manufacturing,Organic,1,40,15,56.733333333333334,4,0,0,49,41.0,14.266666666666667,56.733333333333334,4,426,41.0,14.266666666666667,426.0
3325,2025-09-25,Growth,Europe,SaaS,Partner,1,58,17,22.0,2,0,0,129,56.53846153846154,16.23076923076923,22.0,2,370,56.53846153846154,16.23076923076923,370.0
3326,2025-08-16,Growth,Asia Pacific,Manufacturing,Referral,1,51,11,77.64285714285714,1,0,0,129,54.785714285714285,10.428571428571429,77.64285714285714,1,410,54.785714285714285,10.428571428571429,410.0
3327,2025-10-10,Enterprise,Latin America,SaaS,Partner,1,30,13,64.41666666666667,1,1,2026-08-16 00:00:00,399,30.416666666666668,12.5,64.41666666666667,1,355,30.416666666666668,12.5,310.0
3328,2026-06-13,Enterprise,Latin America,Retail,Referral,1,27,24,47.5,1,0,0,399,27.0,22.0,47.5,1,109,27.0,22.0,109.0
3329,2025-03-12,Starter,North America,SaaS,Paid Search,1,59,27,59.36842105263158,0,0,0,49,55.05263157894737,27.63157894736842,59.36842105263158,0,567,55.05263157894737,27.63157894736842,567.0
3330,2026-06-01,Starter,North America,Manufacturing,Outbound Sales,1,79,12,18.8,0,0,0,49,79.4,13.0,18.8,0,121,79.4,13.0,121.0
3331,2026-03-10,Starter,North America,Finance,Paid Search,0,53,7,73.14285714285714,1,0,0,49,53.0,6.428571428571429,73.14285714285714,1,204,53.0,6.428571428571429,204.0
3332,2025-10-16,Starter,Europe,Finance,Referral,1,70,11,68.83333333333333,2,0,0,49,66.25,11.166666666666666,68.83333333333333,2,349,66.25,11.166666666666666,349.0
3333,2026-09-28,Starter,Europe,Healthcare,Referral,0,72,21,34.0,1,0,0,49,83.0,18.0,34.0,1,2,83.0,18.0,2.0
3334,2024-12-18,Growth,Latin America,Manufacturing,Partner,1,35,2,59.77272727272727,2,0,0,129,35.13636363636363,1.3636363636363635,59.77272727272727,2,651,35.13636363636363,1.3636363636363635,651.0
3335,2024-12-16,Enterprise,North America,Education,Paid Search,1,46,26,84.27272727272727,4,0,0,399,47.09090909090909,28.181818181818183,84.27272727272727,4,653,47.09090909090909,28.181818181818183,653.0
3336,2025-02-08,Starter,North America,Finance,Outbound Sales,1,20,25,76.1,1,0,0,49,20.15,25.9,76.1,1,599,20.15,25.9,599.0
3337,2026-08-02,Starter,Latin America,Manufacturing,Referral,1,36,35,50.5,1,0,0,49,27.5,33.0,50.5,1,59,27.5,33.0,59.0
3338,2026-02-12,Starter,Europe,SaaS,Partner,1,58,11,62.625,2,0,0,49,52.25,10.625,62.625,2,230,52.25,10.625,230.0
3339,2024-11-15,Starter,North America,Healthcare,Referral,1,36,9,81.26086956521739,1,0,0,49,34.17391304347826,8.91304347826087,81.26086956521739,1,684,34.17391304347826,8.91304347826087,684.0
3340,2025-03-06,Starter,Europe,Healthcare,Referral,1,60,10,60.1,0,0,0,49,60.05,9.85,60.1,0,573,60.05,9.85,573.0
3341,2025-04-09,Starter,Latin America,Retail,Paid Search,1,50,13,61.72222222222222,0,0,0,49,52.166666666666664,11.38888888888889,61.72222222222222,0,539,52.166666666666664,11.38888888888889,539.0
3342,2026-01-24,Enterprise,Asia Pacific,Education,Outbound Sales,0,89,25,51.666666666666664,1,0,0,399,87.55555555555556,25.77777777777778,51.666666666666664,1,249,87.55555555555556,25.77777777777778,249.0
3343,2026-02-09,Starter,North America,Finance,Partner,1,32,24,57.5,0,0,0,49,29.125,25.75,57.5,0,233,29.125,25.75,233.0
3344,2024-10-30,Starter,Latin America,Finance,Outbound Sales,0,61,13,69.0,0,0,0,49,60.25,12.833333333333334,69.0,0,700,60.25,12.833333333333334,700.0
3345,2026-01-11,Growth,Latin America,Healthcare,Paid Search,1,26,14,57.77777777777778,2,0,0,129,25.77777777777778,14.333333333333334,57.77777777777778,2,262,25.77777777777778,14.333333333333334,262.0
3346,2025-05-25,Starter,Latin America,Education,Organic,0,30,17,53.529411764705884,0,0,0,49,28.058823529411764,16.41176470588235,53.529411764705884,0,493,28.058823529411764,16.41176470588235,493.0
3347,2025-03-14,Starter,Asia Pacific,Education,Outbound Sales,1,93,19,70.15789473684211,0,0,0,49,93.15789473684211,19.57894736842105,70.15789473684211,0,565,93.15789473684211,19.57894736842105,565.0
3348,2026-08-26,Growth,Asia Pacific,Manufacturing,Outbound Sales,0,41,24,65.5,1,0,0,129,44.5,28.0,65.5,1,35,44.5,28.0,35.0
3349,2025-09-04,Starter,Europe,Retail,Referral,1,17,17,81.57142857142857,2,0,0,49,17.214285714285715,17.214285714285715,81.57142857142857,2,391,17.214285714285715,17.214285714285715,391.0
3350,2025-04-10,Growth,Europe,Finance,Paid Search,1,58,6,45.888888888888886,0,0,0,129,57.666666666666664,5.388888888888889,45.888888888888886,0,538,57.666666666666664,5.388888888888889,538.0
3351,2025-08-06,Starter,Latin America,Finance,Partner,1,30,31,5.866666666666666,0,0,0,49,30.733333333333334,33.86666666666667,5.866666666666666,0,420,30.733333333333334,33.86666666666667,420.0
3352,2025-02-02,Starter,Europe,Manufacturing,Referral,0,14,23,63.04761904761905,1,0,0,49,13.238095238095237,23.476190476190474,63.04761904761905,1,605,13.238095238095237,23.476190476190474,605.0
3353,2026-08-31,Starter,Latin America,Finance,Partner,0,44,24,52.5,2,0,0,49,51.0,26.5,52.5,2,30,51.0,26.5,30.0
3354,2025-11-03,Starter,Latin America,Education,Referral,1,56,20,51.166666666666664,0,0,0,49,51.583333333333336,19.25,51.166666666666664,0,331,51.583333333333336,19.25,331.0
3355,2025-07-13,Starter,Asia Pacific,Retail,Outbound Sales,1,61,18,54.13333333333333,2,0,0,49,62.0,16.333333333333332,54.13333333333333,2,444,62.0,16.333333333333332,444.0
3356,2025-01-22,Growth,North America,Healthcare,Outbound Sales,0,22,0,27.095238095238095,4,0,0,129,20.904761904761905,0.0,27.095238095238095,4,616,20.904761904761905,0.0,616.0
3357,2025-11-14,Starter,Latin America,Retail,Paid Search,1,28,19,79.27272727272727,1,0,0,49,26.636363636363637,17.545454545454547,79.27272727272727,1,320,26.636363636363637,17.545454545454547,320.0
3358,2026-09-10,Starter,North America,Retail,Paid Search,1,58,6,100.0,0,0,0,49,67.0,8.0,100.0,0,20,67.0,8.0,20.0
3359,2026-08-25,Growth,Latin America,Finance,Paid Search,0,75,14,78.0,0,1,2026-09-25 00:00:00,129,89.5,16.5,78.0,0,36,89.5,16.5,31.0
3360,2024-12-22,Growth,Latin America,Education,Outbound Sales,1,69,21,85.63636363636364,1,0,0,129,64.22727272727273,18.5,85.63636363636364,1,647,64.22727272727273,18.5,647.0
3361,2025-12-09,Starter,North America,Finance,Outbound Sales,0,63,18,83.7,0,0,0,49,67.3,17.2,83.7,0,295,67.3,17.2,295.0
3362,2026-08-01,Starter,Europe,SaaS,Partner,1,15,10,20.666666666666668,0,0,0,49,14.333333333333334,10.0,20.666666666666668,0,60,14.333333333333334,10.0,60.0
3363,2025-09-07,Growth,Latin America,Finance,Partner,1,91,11,65.76923076923077,1,0,0,129,90.46153846153847,11.23076923076923,65.76923076923077,1,388,90.46153846153847,11.23076923076923,388.0
3364,2025-06-26,Growth,North America,Healthcare,Partner,0,26,22,80.625,3,0,0,129,24.3125,22.75,80.625,3,461,24.3125,22.75,461.0
3365,2026-01-12,Growth,Asia Pacific,Education,Paid Search,1,55,3,76.55555555555556,0,0,0,129,54.888888888888886,2.111111111111111,76.55555555555556,0,261,54.888888888888886,2.111111111111111,261.0
3366,2026-09-01,Growth,Europe,Education,Outbound Sales,0,71,13,42.0,0,0,0,129,63.0,17.0,42.0,0,29,63.0,17.0,29.0
3367,2025-01-31,Growth,Asia Pacific,Healthcare,Paid Search,1,31,11,84.47619047619048,4,0,0,129,30.142857142857142,9.619047619047619,84.47619047619048,4,607,30.142857142857142,9.619047619047619,607.0
3368,2025-02-04,Starter,Asia Pacific,Education,Paid Search,1,73,13,21.095238095238095,0,0,0,49,65.57142857142857,13.571428571428571,21.095238095238095,0,603,65.57142857142857,13.571428571428571,603.0
3369,2024-10-31,Enterprise,Latin America,SaaS,Paid Search,1,70,4,45.916666666666664,2,0,0,399,72.79166666666667,3.25,45.916666666666664,2,699,72.79166666666667,3.25,699.0
3370,2025-06-05,Starter,Europe,Retail,Organic,1,39,33,67.88235294117646,1,0,0,49,37.35294117647059,32.1764705882353,67.88235294117646,1,482,37.35294117647059,32.1764705882353,482.0
3371,2026-03-02,Starter,North America,Retail,Organic,0,51,20,39.0,0,0,0,49,47.875,20.625,39.0,0,212,47.875,20.625,212.0
3372,2025-01-17,Growth,Latin America,Education,Organic,0,22,16,49.04761904761905,3,0,0,129,22.476190476190474,16.238095238095237,49.04761904761905,3,621,22.476190476190474,16.238095238095237,621.0
3373,2025-03-14,Enterprise,Europe,SaaS,Partner,0,65,32,53.78947368421053,5,0,0,399,59.31578947368421,31.894736842105264,53.78947368421053,5,565,59.31578947368421,31.894736842105264,565.0
3374,2026-06-29,Starter,Latin America,Education,Organic,1,32,29,88.0,0,0,0,49,34.5,29.5,88.0,0,93,34.5,29.5,93.0
3375,2025-06-18,Starter,Europe,Healthcare,Partner,1,47,10,83.0,1,0,0,49,46.75,10.125,83.0,1,469,46.75,10.125,469.0
3376,2026-04-14,Starter,Asia Pacific,Manufacturing,Partner,1,65,22,53.666666666666664,0,0,0,49,57.5,21.5,53.666666666666664,0,169,57.5,21.5,169.0
3377,2026-09-26,Starter,Asia Pacific,Retail,Paid Search,1,49,34,59.0,0,0,0,49,39.0,42.0,59.0,0,4,39.0,42.0,4.0
3378,2026-01-28,Growth,Asia Pacific,Retail,Referral,1,90,4,35.55555555555556,6,0,0,129,86.66666666666667,3.7777777777777777,35.55555555555556,6,245,86.66666666666667,3.7777777777777777,245.0
3379,2024-11-08,Growth,Asia Pacific,Finance,Outbound Sales,1,85,19,26.5,2,0,0,129,87.54166666666667,18.541666666666668,26.5,2,691,87.54166666666667,18.541666666666668,691.0
3380,2024-11-07,Growth,Asia Pacific,Retail,Paid Search,1,74,3,46.958333333333336,1,0,0,129,75.04166666666667,2.6666666666666665,46.958333333333336,1,692,75.04166666666667,2.6666666666666665,692.0
3381,2025-10-16,Starter,Asia Pacific,Finance,Organic,0,38,9,57.916666666666664,5,0,0,49,36.083333333333336,8.583333333333334,57.916666666666664,5,349,36.083333333333336,8.583333333333334,349.0
3382,2025-03-02,Starter,Europe,Finance,Partner,0,42,26,64.3,1,0,0,49,42.55,24.7,64.3,1,577,42.55,24.7,577.0
3383,2026-01-05,Starter,Europe,Manufacturing,Organic,1,29,9,80.66666666666667,4,1,2026-07-31 00:00:00,49,31.666666666666668,8.222222222222221,80.66666666666667,4,268,31.666666666666668,8.222222222222221,207.0
3384,2025-03-14,Starter,Latin America,Education,Partner,1,20,5,57.526315789473685,4,0,0,49,19.05263157894737,4.631578947368421,57.526315789473685,4,565,19.05263157894737,4.631578947368421,565.0
3385,2026-03-03,Growth,Europe,Education,Organic,1,61,15,82.375,3,0,0,129,50.75,15.125,82.375,3,211,50.75,15.125,211.0
3386,2025-01-10,Growth,Latin America,Healthcare,Paid Search,1,32,5,65.38095238095238,2,0,0,129,31.61904761904762,4.142857142857143,65.38095238095238,2,628,31.61904761904762,4.142857142857143,628.0
3387,2025-06-21,Enterprise,North America,Manufacturing,Paid Search,1,4,29,63.75,1,0,0,399,3.5625,30.125,63.75,1,466,3.5625,30.125,466.0
3388,2025-11-26,Enterprise,Europe,Healthcare,Outbound Sales,1,43,7,39.0,2,0,0,399,40.72727272727273,6.636363636363637,39.0,2,308,40.72727272727273,6.636363636363637,308.0
3389,2025-01-29,Enterprise,Asia Pacific,Finance,Organic,1,48,9,29.142857142857142,0,0,0,399,44.666666666666664,8.476190476190476,29.142857142857142,0,609,44.666666666666664,8.476190476190476,609.0
3390,2025-02-11,Starter,Asia Pacific,Finance,Organic,0,12,13,52.45,4,0,0,49,11.8,12.1,52.45,4,596,11.8,12.1,596.0
3391,2025-02-12,Enterprise,Europe,SaaS,Organic,0,46,14,89.55,3,0,0,399,42.75,12.4,89.55,3,595,42.75,12.4,595.0
3392,2025-09-15,Enterprise,Latin America,Manufacturing,Paid Search,1,31,16,36.0,0,0,0,399,29.0,14.846153846153847,36.0,0,380,29.0,14.846153846153847,380.0
3393,2025-11-10,Starter,Latin America,SaaS,Outbound Sales,0,45,21,66.18181818181819,0,0,0,49,42.36363636363637,20.272727272727273,66.18181818181819,0,324,42.36363636363637,20.272727272727273,324.0
3394,2025-09-01,Growth,Europe,Finance,Partner,1,63,25,70.64285714285714,4,0,0,129,61.785714285714285,26.0,70.64285714285714,4,394,61.785714285714285,26.0,394.0
3395,2025-03-19,Starter,Latin America,Finance,Paid Search,1,55,12,67.36842105263158,3,0,0,49,53.63157894736842,11.210526315789474,67.36842105263158,3,560,53.63157894736842,11.210526315789474,560.0
3396,2025-11-25,Growth,North America,Finance,Organic,1,58,20,88.0,1,0,0,129,62.36363636363637,18.181818181818183,88.0,1,309,62.36363636363637,18.181818181818183,309.0
3397,2025-03-15,Starter,Europe,Manufacturing,Paid Search,1,29,23,52.94736842105263,6,0,0,49,28.94736842105263,23.57894736842105,52.94736842105263,6,564,28.94736842105263,23.57894736842105,564.0
3398,2026-08-17,Enterprise,North America,Healthcare,Organic,0,56,34,43.5,1,0,0,399,56.0,28.0,43.5,1,44,56.0,28.0,44.0
3399,2026-09-23,Growth,North America,Finance,Partner,0,26,17,82.0,2,0,0,129,19.0,11.0,82.0,2,7,19.0,11.0,7.0
3400,2025-03-25,Starter,North America,SaaS,Partner,1,33,29,40.89473684210526,1,0,0,49,32.05263157894737,31.36842105263158,40.89473684210526,1,554,32.05263157894737,31.36842105263158,554.0
3401,2025-01-08,Starter,Latin America,Education,Organic,1,77,20,76.0,0,0,0,49,76.77272727272727,19.40909090909091,76.0,0,630,76.77272727272727,19.40909090909091,630.0
3402,2026-04-26,Starter,Europe,Finance,Outbound Sales,1,33,13,57.5,0,0,0,49,33.166666666666664,13.833333333333334,57.5,0,157,33.166666666666664,13.833333333333334,157.0
3403,2026-05-29,Starter,North America,Education,Paid Search,1,64,9,78.2,1,0,0,49,71.8,8.4,78.2,1,124,71.8,8.4,124.0
3404,2024-11-07,Growth,Latin America,Finance,Outbound Sales,1,25,18,80.375,0,1,2025-10-15 00:00:00,129,25.25,17.375,80.375,0,692,25.25,17.375,342.0
3405,2026-08-26,Growth,Asia Pacific,Finance,Partner,0,38,14,48.5,0,0,0,129,42.0,14.5,48.5,0,35,42.0,14.5,35.0
3406,2025-04-16,Enterprise,North America,Retail,Outbound Sales,0,0,6,66.33333333333333,3,0,0,399,0.0,5.833333333333333,66.33333333333333,3,532,0.0,5.833333333333333,532.0
3407,2026-01-23,Starter,Asia Pacific,Healthcare,Partner,0,46,24,63.111111111111114,1,1,2026-05-22 00:00:00,49,46.666666666666664,26.333333333333332,63.111111111111114,1,250,46.666666666666664,26.333333333333332,119.0
3408,2025-06-05,Starter,Europe,SaaS,Referral,0,24,18,62.588235294117645,0,0,0,49,22.176470588235293,17.647058823529413,62.588235294117645,0,482,22.176470588235293,17.647058823529413,482.0
3409,2026-08-04,Growth,Asia Pacific,Education,Organic,1,29,17,97.0,0,0,0,129,29.0,19.5,97.0,0,57,29.0,19.5,57.0
3410,2025-04-03,Starter,Asia Pacific,Healthcare,Partner,0,19,15,60.68421052631579,2,0,0,49,18.05263157894737,15.894736842105264,60.68421052631579,2,545,18.05263157894737,15.894736842105264,545.0
3411,2025-12-25,Starter,Europe,Education,Organic,1,28,10,49.8,0,0,0,49,30.1,10.6,49.8,0,279,30.1,10.6,279.0
3412,2026-07-22,Growth,Asia Pacific,Education,Partner,1,36,12,57.666666666666664,0,0,0,129,39.0,11.333333333333334,57.666666666666664,0,70,39.0,11.333333333333334,70.0
3413,2026-01-26,Starter,Europe,SaaS,Partner,0,34,20,25.666666666666668,0,0,0,49,30.0,19.555555555555557,25.666666666666668,0,247,30.0,19.555555555555557,247.0
3414,2025-06-09,Enterprise,Europe,Manufacturing,Outbound Sales,1,35,30,75.4375,0,0,0,399,36.875,29.4375,75.4375,0,478,36.875,29.4375,478.0
3415,2025-01-26,Growth,Europe,Education,Referral,0,47,19,38.142857142857146,2,0,0,129,45.61904761904762,16.571428571428573,38.142857142857146,2,612,45.61904761904762,16.571428571428573,612.0
3416,2025-02-09,Growth,North America,SaaS,Organic,1,59,16,47.85,0,0,0,129,56.5,15.75,47.85,0,598,56.5,15.75,598.0
3417,2025-03-22,Growth,North America,Healthcare,Outbound Sales,1,44,20,57.68421052631579,7,0,0,129,41.421052631578945,21.0,57.68421052631579,7,557,41.421052631578945,21.0,557.0
3418,2025-03-05,Starter,Europe,Education,Outbound Sales,0,61,25,36.2,0,0,0,49,64.15,24.95,36.2,0,574,64.15,24.95,574.0
3419,2026-06-25,Starter,Latin America,Manufacturing,Paid Search,1,71,21,54.0,1,0,0,49,74.75,21.0,54.0,1,97,74.75,21.0,97.0
3420,2025-11-27,Starter,Europe,Education,Outbound Sales,1,70,20,81.18181818181819,0,0,0,49,65.45454545454545,21.727272727272727,81.18181818181819,0,307,65.45454545454545,21.727272727272727,307.0
3421,2025-10-24,Growth,Latin America,Healthcare,Organic,0,0,21,87.91666666666667,2,0,0,129,0.0,21.5,87.91666666666667,2,341,0.0,21.5,341.0
3422,2026-01-12,Starter,Asia Pacific,Manufacturing,Referral,1,37,9,68.22222222222223,0,0,0,49,34.22222222222222,8.444444444444445,68.22222222222223,0,261,34.22222222222222,8.444444444444445,261.0
3423,2025-09-17,Starter,Latin America,Retail,Referral,1,8,2,62.76923076923077,4,0,0,49,7.769230769230769,1.3846153846153846,62.76923076923077,4,378,7.769230769230769,1.3846153846153846,378.0
3424,2025-03-22,Starter,Asia Pacific,Education,Referral,1,26,12,41.421052631578945,3,0,0,49,25.263157894736842,11.210526315789474,41.421052631578945,3,557,25.263157894736842,11.210526315789474,557.0
3425,2025-07-10,Starter,North America,Retail,Organic,1,77,16,30.533333333333335,1,0,0,49,77.93333333333334,14.933333333333334,30.533333333333335,1,447,77.93333333333334,14.933333333333334,447.0
3426,2025-08-09,Starter,Europe,Retail,Referral,1,61,27,84.71428571428571,1,0,0,49,61.785714285714285,26.928571428571427,84.71428571428571,1,417,61.785714285714285,26.928571428571427,417.0
3427,2026-08-21,Growth,Latin America,Manufacturing,Outbound Sales,1,58,18,58.5,1,1,2026-09-21 00:00:00,129,49.5,18.0,58.5,1,40,49.5,18.0,31.0
3428,2025-07-11,Starter,Asia Pacific,Retail,Partner,1,49,25,48.733333333333334,1,1,2026-05-20 00:00:00,49,46.0,26.333333333333332,48.733333333333334,1,446,46.0,26.333333333333332,313.0
3429,2026-07-07,Starter,Asia Pacific,Retail,Referral,0,45,14,89.66666666666667,4,0,0,49,42.333333333333336,11.666666666666666,89.66666666666667,4,85,42.333333333333336,11.666666666666666,85.0
3430,2026-07-06,Growth,Europe,Manufacturing,Organic,1,65,17,28.333333333333332,0,1,2026-09-20 00:00:00,129,73.33333333333333,17.666666666666668,28.333333333333332,0,86,73.33333333333333,17.666666666666668,76.0
3431,2026-07-14,Starter,North America,Healthcare,Partner,0,46,19,70.33333333333333,3,0,0,49,43.666666666666664,19.333333333333332,70.33333333333333,3,78,43.666666666666664,19.333333333333332,78.0
3432,2025-08-17,Growth,Latin America,Finance,Partner,0,38,16,51.214285714285715,0,0,0,129,36.857142857142854,15.571428571428571,51.214285714285715,0,409,36.857142857142854,15.571428571428571,409.0
3433,2024-11-26,Growth,Europe,Finance,Referral,1,58,12,60.391304347826086,2,0,0,129,60.52173913043478,11.304347826086957,60.391304347826086,2,673,60.52173913043478,11.304347826086957,673.0
3434,2026-09-04,Growth,Asia Pacific,Retail,Outbound Sales,1,40,5,67.0,3,0,0,129,32.0,4.0,67.0,3,26,32.0,4.0,26.0
3435,2025-09-03,Starter,North America,Finance,Organic,0,40,17,27.642857142857142,0,0,0,49,39.857142857142854,16.428571428571427,27.642857142857142,0,392,39.857142857142854,16.428571428571427,392.0
3436,2025-05-28,Enterprise,North America,Education,Organic,1,28,20,82.41176470588235,0,0,0,399,29.764705882352942,21.470588235294116,82.41176470588235,0,490,29.764705882352942,21.470588235294116,490.0
3437,2026-04-13,Starter,North America,Finance,Paid Search,1,18,11,66.83333333333333,0,0,0,49,17.666666666666668,9.5,66.83333333333333,0,170,17.666666666666668,9.5,170.0
3438,2026-07-13,Enterprise,Asia Pacific,Retail,Partner,1,74,18,29.0,0,0,0,399,88.0,15.666666666666666,29.0,0,79,88.0,15.666666666666666,79.0
3439,2026-04-04,Enterprise,North America,Healthcare,Paid Search,1,22,22,29.833333333333332,5,0,0,399,23.333333333333332,26.0,29.833333333333332,5,179,23.333333333333332,26.0,179.0
3440,2025-05-11,Starter,North America,Healthcare,Outbound Sales,1,44,16,62.411764705882355,1,0,0,49,44.94117647058823,15.529411764705882,62.411764705882355,1,507,44.94117647058823,15.529411764705882,507.0
3441,2025-12-05,Starter,Asia Pacific,SaaS,Partner,1,45,14,23.6,2,0,0,49,46.4,14.2,23.6,2,299,46.4,14.2,299.0
3442,2025-08-28,Starter,North America,SaaS,Referral,1,27,21,57.857142857142854,0,0,0,49,26.928571428571427,17.928571428571427,57.857142857142854,0,398,26.928571428571427,17.928571428571427,398.0
3443,2026-08-22,Starter,North America,Healthcare,Paid Search,1,67,20,100.0,0,0,0,49,66.0,20.0,100.0,0,39,66.0,20.0,39.0
3444,2024-12-24,Growth,Europe,Finance,Organic,1,53,14,73.0909090909091,2,0,0,129,52.95454545454545,13.272727272727273,73.0909090909091,2,645,52.95454545454545,13.272727272727273,645.0
3445,2025-07-02,Starter,North America,SaaS,Partner,1,65,16,27.5625,1,0,0,49,63.75,15.4375,27.5625,1,455,63.75,15.4375,455.0
3446,2026-03-20,Starter,Asia Pacific,Education,Partner,1,72,12,63.142857142857146,2,0,0,49,71.85714285714286,12.571428571428571,63.142857142857146,2,194,71.85714285714286,12.571428571428571,194.0
3447,2025-11-29,Enterprise,Europe,Education,Referral,1,24,0,27.90909090909091,4,0,0,399,22.727272727272727,0.0,27.90909090909091,4,305,22.727272727272727,0.0,305.0
3448,2025-02-22,Starter,North America,Manufacturing,Paid Search,0,78,15,56.0,2,0,0,49,77.7,15.45,56.0,2,585,77.7,15.45,585.0
3449,2025-07-03,Starter,Europe,Education,Referral,1,43,20,19.25,3,0,0,49,41.6875,19.5,19.25,3,454,41.6875,19.5,454.0
3450,2026-03-25,Growth,North America,Finance,Organic,1,56,15,93.28571428571429,2,0,0,129,57.285714285714285,13.857142857142858,93.28571428571429,2,189,57.285714285714285,13.857142857142858,189.0
3451,2026-08-14,Growth,Asia Pacific,SaaS,Referral,1,63,4,61.5,0,0,0,129,58.5,3.0,61.5,0,47,58.5,3.0,47.0
3452,2026-06-30,Starter,Asia Pacific,Finance,Paid Search,1,65,24,82.75,2,0,0,49,61.25,26.5,82.75,2,92,61.25,26.5,92.0
3453,2025-01-10,Growth,North America,SaaS,Paid Search,0,40,22,74.33333333333333,0,0,0,129,42.23809523809524,21.285714285714285,74.33333333333333,0,628,42.23809523809524,21.285714285714285,628.0
3454,2026-04-23,Starter,Latin America,Healthcare,Referral,1,45,31,49.833333333333336,0,0,0,49,40.666666666666664,27.833333333333332,49.833333333333336,0,160,40.666666666666664,27.833333333333332,160.0
3455,2024-11-11,Growth,North America,Education,Referral,1,23,15,56.34782608695652,0,0,0,129,21.434782608695652,15.130434782608695,56.34782608695652,0,688,21.434782608695652,15.130434782608695,688.0
3456,2025-11-03,Starter,Europe,Retail,Paid Search,1,26,23,64.5,1,0,0,49,26.333333333333332,24.583333333333332,64.5,1,331,26.333333333333332,24.583333333333332,331.0
3457,2025-09-19,Enterprise,Asia Pacific,SaaS,Outbound Sales,1,19,13,76.46153846153847,6,0,0,399,18.692307692307693,12.461538461538462,76.46153846153847,6,376,18.692307692307693,12.461538461538462,376.0
3458,2025-03-14,Starter,Latin America,Finance,Referral,1,34,34,50.31578947368421,3,0,0,49,33.63157894736842,33.26315789473684,50.31578947368421,3,565,33.63157894736842,33.26315789473684,565.0
3459,2025-11-30,Enterprise,Europe,Manufacturing,Outbound Sales,1,29,12,70.0909090909091,6,0,0,399,31.454545454545453,11.454545454545455,70.0909090909091,6,304,31.454545454545453,11.454545454545455,304.0
3460,2026-06-04,Enterprise,Asia Pacific,Manufacturing,Organic,1,16,14,86.25,0,0,0,399,16.5,10.25,86.25,0,118,16.5,10.25,118.0
3461,2026-01-03,Enterprise,Europe,SaaS,Referral,1,27,32,38.4,0,1,2026-05-06 00:00:00,399,25.2,36.2,38.4,0,270,25.2,36.2,123.0
3462,2026-05-12,Starter,Europe,Manufacturing,Referral,1,64,17,70.6,0,0,0,49,65.6,20.4,70.6,0,141,65.6,20.4,141.0
3463,2026-09-29,Starter,Latin America,SaaS,Paid Search,1,24,24,42.0,0,1,2026-09-30 00:00:00,49,25.0,23.0,42.0,0,1,25.0,23.0,1.0
3464,2025-04-24,Starter,Europe,Manufacturing,Referral,0,63,7,59.77777777777778,0,0,0,49,61.111111111111114,6.388888888888889,59.77777777777778,0,524,61.111111111111114,6.388888888888889,524.0
3465,2026-02-24,Growth,Europe,Retail,Outbound Sales,1,84,17,9.875,0,0,0,129,86.0,14.625,9.875,0,218,86.0,14.625,218.0
3466,2025-01-12,Enterprise,Europe,Finance,Outbound Sales,1,67,17,82.0,2,0,0,399,65.80952380952381,17.285714285714285,82.0,2,626,65.80952380952381,17.285714285714285,626.0
3467,2024-11-16,Starter,Asia Pacific,Education,Partner,1,39,23,61.26086956521739,3,1,2025-10-12 00:00:00,49,38.43478260869565,22.0,61.26086956521739,3,683,38.43478260869565,22.0,330.0
3468,2025-01-07,Starter,Asia Pacific,Retail,Partner,1,69,8,44.0,2,0,0,49,64.63636363636364,7.2272727272727275,44.0,2,631,64.63636363636364,7.2272727272727275,631.0
3469,2024-11-13,Starter,Europe,Healthcare,Paid Search,0,69,10,54.0,1,0,0,49,65.08695652173913,10.26086956521739,54.0,1,686,65.08695652173913,10.26086956521739,686.0
3470,2025-07-25,Enterprise,Asia Pacific,Retail,Partner,1,50,12,34.0,3,0,0,399,49.0,10.466666666666667,34.0,3,432,49.0,10.466666666666667,432.0
3471,2025-06-07,Starter,Latin America,Finance,Outbound Sales,1,63,20,44.470588235294116,2,0,0,49,69.23529411764706,19.41176470588235,44.470588235294116,2,480,69.23529411764706,19.41176470588235,480.0
3472,2024-12-09,Starter,Europe,Finance,Organic,1,46,16,86.95652173913044,3,0,0,49,47.47826086956522,16.347826086956523,86.95652173913044,3,660,47.47826086956522,16.347826086956523,660.0
3473,2024-12-30,Growth,Latin America,Education,Organic,1,71,13,69.86363636363636,2,0,0,129,68.31818181818181,12.136363636363637,69.86363636363636,2,639,68.31818181818181,12.136363636363637,639.0
3474,2025-12-11,Starter,Europe,Education,Referral,1,44,9,23.9,3,0,0,49,43.9,8.2,23.9,3,293,43.9,8.2,293.0
3475,2026-04-01,Starter,Asia Pacific,Finance,Referral,0,91,15,82.57142857142857,0,0,0,49,84.85714285714286,16.714285714285715,82.57142857142857,0,182,84.85714285714286,16.714285714285715,182.0
3476,2025-08-19,Starter,Latin America,SaaS,Organic,1,71,29,57.0,0,0,0,49,74.07142857142857,28.214285714285715,57.0,0,407,74.07142857142857,28.214285714285715,407.0
3477,2026-08-04,Starter,North America,Education,Partner,1,72,10,29.5,1,0,0,49,68.5,9.5,29.5,1,57,68.5,9.5,57.0
3478,2026-03-27,Starter,North America,Retail,Partner,1,72,22,71.71428571428571,2,0,0,49,62.42857142857143,19.0,71.71428571428571,2,187,62.42857142857143,19.0,187.0
3479,2025-12-29,Starter,North America,Manufacturing,Organic,0,19,22,7.6,1,0,0,49,18.2,23.0,7.6,1,275,18.2,23.0,275.0
3480,2026-01-06,Growth,Latin America,SaaS,Paid Search,1,30,8,78.44444444444444,4,0,0,129,30.444444444444443,8.11111111111111,78.44444444444444,4,267,30.444444444444443,8.11111111111111,267.0
3481,2025-12-15,Enterprise,Asia Pacific,Manufacturing,Organic,1,60,23,72.8,0,0,0,399,64.1,22.7,72.8,0,289,64.1,22.7,289.0
3482,2025-01-22,Starter,Latin America,Education,Organic,1,65,4,61.57142857142857,0,0,0,49,62.857142857142854,3.5714285714285716,61.57142857142857,0,616,62.857142857142854,3.5714285714285716,616.0
3483,2026-08-16,Growth,Europe,Healthcare,Outbound Sales,1,24,10,94.5,0,0,0,129,20.5,6.5,94.5,0,45,20.5,6.5,45.0
3484,2026-05-02,Enterprise,Europe,Education,Organic,0,38,25,64.66666666666667,4,0,0,399,35.0,21.333333333333332,64.66666666666667,4,151,35.0,21.333333333333332,151.0
3485,2026-05-03,Starter,Latin America,Retail,Organic,1,43,19,49.5,2,0,0,49,42.333333333333336,19.5,49.5,2,150,42.333333333333336,19.5,150.0
3486,2026-07-22,Enterprise,North America,Healthcare,Organic,0,28,15,66.66666666666667,2,0,0,399,24.0,14.333333333333334,66.66666666666667,2,70,24.0,14.333333333333334,70.0
3487,2025-04-04,Growth,North America,Manufacturing,Referral,0,19,32,60.526315789473685,0,0,0,129,18.789473684210527,34.36842105263158,60.526315789473685,0,544,18.789473684210527,34.36842105263158,544.0
3488,2025-08-10,Starter,North America,Retail,Paid Search,0,30,13,29.928571428571427,0,0,0,49,30.642857142857142,13.357142857142858,29.928571428571427,0,416,30.642857142857142,13.357142857142858,416.0
3489,2025-01-23,Enterprise,Europe,Finance,Outbound Sales,1,73,14,77.52380952380952,0,0,0,399,72.14285714285714,13.285714285714286,77.52380952380952,0,615,72.14285714285714,13.285714285714286,615.0
3490,2025-09-12,Growth,Latin America,Finance,Paid Search,1,67,22,48.69230769230769,4,0,0,129,69.61538461538461,21.846153846153847,48.69230769230769,4,383,69.61538461538461,21.846153846153847,383.0
3491,2025-01-18,Growth,Europe,Healthcare,Organic,1,18,12,61.523809523809526,3,0,0,129,16.761904761904763,11.904761904761905,61.523809523809526,3,620,16.761904761904763,11.904761904761905,620.0
3492,2026-04-06,Enterprise,Europe,Finance,Organic,0,32,20,70.83333333333333,1,0,0,399,31.166666666666668,19.0,70.83333333333333,1,177,31.166666666666668,19.0,177.0
3493,2025-05-26,Starter,Asia Pacific,SaaS,Partner,0,26,25,54.11764705882353,3,0,0,49,23.941176470588236,23.764705882352942,54.11764705882353,3,492,23.941176470588236,23.764705882352942,492.0
3494,2025-04-07,Starter,Asia Pacific,Education,Partner,0,41,10,47.26315789473684,3,0,0,49,39.89473684210526,9.894736842105264,47.26315789473684,3,541,39.89473684210526,9.894736842105264,541.0
3495,2026-05-02,Growth,Latin America,Manufacturing,Outbound Sales,1,32,18,65.0,0,0,0,129,30.833333333333332,17.666666666666668,65.0,0,151,30.833333333333332,17.666666666666668,151.0
3496,2025-09-29,Growth,Europe,Manufacturing,Outbound Sales,1,40,20,35.61538461538461,1,0,0,129,40.38461538461539,18.846153846153847,35.61538461538461,1,366,40.38461538461539,18.846153846153847,366.0
3497,2025-12-04,Growth,Latin America,Manufacturing,Paid Search,0,75,14,66.81818181818181,2,0,0,129,76.63636363636364,14.454545454545455,66.81818181818181,2,300,76.63636363636364,14.454545454545455,300.0
3498,2026-06-22,Starter,Asia Pacific,Manufacturing,Outbound Sales,0,40,4,68.5,4,0,0,49,37.75,4.25,68.5,4,100,37.75,4.25,100.0
3499,2026-08-10,Growth,North America,Healthcare,Paid Search,0,59,22,66.5,1,0,0,129,52.5,26.0,66.5,1,51,52.5,26.0,51.0
3500,2026-08-26,Starter,Asia Pacific,SaaS,Organic,1,62,13,75.0,5,0,0,49,60.0,13.5,75.0,5,35,60.0,13.5,35.0
3501,2026-09-27,Growth,Asia Pacific,Retail,Partner,1,47,21,71.0,1,0,0,129,57.0,13.0,71.0,1,3,57.0,13.0,3.0
3502,2026-08-19,Starter,Latin America,Finance,Organic,0,19,8,69.0,1,0,0,49,19.0,8.5,69.0,1,42,19.0,8.5,42.0
3503,2025-01-05,Growth,Europe,Finance,Paid Search,1,39,23,46.77272727272727,1,0,0,129,39.22727272727273,25.545454545454547,46.77272727272727,1,633,39.22727272727273,25.545454545454547,633.0
3504,2025-09-12,Enterprise,North America,Retail,Organic,1,40,21,43.84615384615385,0,1,2026-05-23 00:00:00,399,37.53846153846154,22.384615384615383,43.84615384615385,0,383,37.53846153846154,22.384615384615383,253.0
3505,2025-07-01,Growth,Asia Pacific,Retail,Referral,1,19,24,70.1875,3,0,0,129,19.0,23.1875,70.1875,3,456,19.0,23.1875,456.0
3506,2024-12-28,Growth,Latin America,Finance,Partner,1,32,29,38.68181818181818,0,0,0,129,32.63636363636363,29.818181818181817,38.68181818181818,0,641,32.63636363636363,29.818181818181817,641.0
3507,2025-07-07,Growth,Latin America,Finance,Referral,1,19,29,45.4375,0,0,0,129,18.75,32.6875,45.4375,0,450,18.75,32.6875,450.0
3508,2025-01-26,Starter,Asia Pacific,SaaS,Outbound Sales,1,37,4,87.0952380952381,0,0,0,49,37.666666666666664,3.5238095238095237,87.0952380952381,0,612,37.666666666666664,3.5238095238095237,612.0
3509,2026-01-17,Enterprise,North America,SaaS,Organic,1,51,17,49.22222222222222,2,0,0,399,51.44444444444444,15.555555555555555,49.22222222222222,2,256,51.44444444444444,15.555555555555555,256.0
3510,2025-02-25,Growth,Asia Pacific,Manufacturing,Organic,0,16,27,79.15,0,0,0,129,14.6,26.25,79.15,0,582,14.6,26.25,582.0
3511,2026-02-06,Enterprise,North America,Healthcare,Referral,1,5,20,54.75,2,0,0,399,4.875,15.75,54.75,2,236,4.875,15.75,236.0
3512,2026-07-18,Starter,North America,Retail,Outbound Sales,1,30,11,54.333333333333336,1,0,0,49,24.666666666666668,11.666666666666666,54.333333333333336,1,74,24.666666666666668,11.666666666666666,74.0
3513,2026-07-15,Growth,Latin America,Manufacturing,Paid Search,1,32,29,55.0,1,0,0,129,27.333333333333332,33.666666666666664,55.0,1,77,27.333333333333332,33.666666666666664,77.0
3514,2024-12-25,Growth,Asia Pacific,Education,Organic,1,58,33,74.36363636363636,2,0,0,129,56.54545454545455,31.363636363636363,74.36363636363636,2,644,56.54545454545455,31.363636363636363,644.0
3515,2025-09-11,Starter,Asia Pacific,SaaS,Partner,1,70,23,80.76923076923077,0,0,0,49,76.3076923076923,21.23076923076923,80.76923076923077,0,384,76.3076923076923,21.23076923076923,384.0
3516,2026-09-12,Growth,North America,Finance,Referral,1,51,19,56.0,5,0,0,129,39.0,19.0,56.0,5,18,39.0,19.0,18.0
3517,2026-09-03,Growth,Latin America,SaaS,Outbound Sales,1,35,33,36.0,1,0,0,129,25.0,42.0,36.0,1,27,25.0,42.0,27.0
3518,2025-04-27,Enterprise,Latin America,Finance,Outbound Sales,1,30,28,70.38888888888889,0,0,0,399,28.555555555555557,28.22222222222222,70.38888888888889,0,521,28.555555555555557,28.22222222222222,521.0
3519,2025-03-01,Growth,Asia Pacific,Healthcare,Outbound Sales,1,25,28,70.05,5,0,0,129,24.25,28.45,70.05,5,578,24.25,28.45,578.0
3520,2024-11-11,Growth,North America,Finance,Paid Search,1,5,12,38.869565217391305,0,0,0,129,4.217391304347826,11.043478260869565,38.869565217391305,0,688,4.217391304347826,11.043478260869565,688.0
3521,2025-03-19,Starter,Latin America,Education,Referral,0,45,20,53.526315789473685,3,0,0,49,46.0,18.57894736842105,53.526315789473685,3,560,46.0,18.57894736842105,560.0
3522,2024-11-10,Starter,North America,Manufacturing,Referral,1,28,13,49.73913043478261,0,0,0,49,27.17391304347826,12.73913043478261,49.73913043478261,0,689,27.17391304347826,12.73913043478261,689.0
3523,2025-04-15,Starter,Europe,Finance,Outbound Sales,0,39,17,71.27777777777777,2,0,0,49,36.27777777777778,17.555555555555557,71.27777777777777,2,533,36.27777777777778,17.555555555555557,533.0
3524,2026-03-22,Growth,North America,Finance,Organic,0,0,21,49.285714285714285,2,0,0,129,0.0,21.714285714285715,49.285714285714285,2,192,0.0,21.714285714285715,192.0
3525,2025-10-20,Growth,North America,SaaS,Partner,0,34,33,87.83333333333333,2,0,0,129,33.333333333333336,33.0,87.83333333333333,2,345,33.333333333333336,33.0,345.0
3526,2026-04-18,Starter,North America,Finance,Referral,0,46,13,48.333333333333336,0,0,0,49,45.5,12.166666666666666,48.333333333333336,0,165,45.5,12.166666666666666,165.0
3527,2026-04-12,Growth,Latin America,Retail,Organic,0,35,11,86.83333333333333,0,0,0,129,30.0,9.666666666666666,86.83333333333333,0,171,30.0,9.666666666666666,171.0
3528,2025-07-22,Starter,Latin America,Manufacturing,Outbound Sales,1,44,24,59.06666666666667,0,0,0,49,42.8,23.6,59.06666666666667,0,435,42.8,23.6,435.0
3529,2025-04-18,Starter,North America,Finance,Outbound Sales,1,8,19,85.05555555555556,1,0,0,49,7.555555555555555,17.72222222222222,85.05555555555556,1,530,7.555555555555555,17.72222222222222,530.0
3530,2025-11-14,Starter,Latin America,Manufacturing,Outbound Sales,1,0,28,48.09090909090909,3,1,2026-02-16 00:00:00,49,0.0,27.727272727272727,48.09090909090909,3,320,0.0,27.727272727272727,94.0
3531,2025-08-01,Starter,Europe,Healthcare,Paid Search,1,42,1,75.13333333333334,1,0,0,49,41.733333333333334,0.4666666666666667,75.13333333333334,1,425,41.733333333333334,0.4666666666666667,425.0
3532,2025-02-27,Starter,Europe,Finance,Referral,1,4,8,65.65,0,0,0,49,3.65,6.8,65.65,0,580,3.65,6.8,580.0
3533,2024-11-29,Enterprise,Latin America,Education,Referral,1,27,9,74.78260869565217,2,0,0,399,26.17391304347826,7.956521739130435,74.78260869565217,2,670,26.17391304347826,7.956521739130435,670.0
3534,2025-10-08,Starter,Asia Pacific,SaaS,Organic,1,47,39,74.91666666666667,1,0,0,49,53.583333333333336,37.5,74.91666666666667,1,357,53.583333333333336,37.5,357.0
3535,2026-01-12,Starter,Latin America,Healthcare,Outbound Sales,0,18,8,48.0,0,0,0,49,17.22222222222222,7.0,48.0,0,261,17.22222222222222,7.0,261.0
3536,2025-08-04,Starter,Asia Pacific,Retail,Paid Search,1,51,21,43.4,0,0,0,49,47.266666666666666,21.0,43.4,0,422,47.266666666666666,21.0,422.0
3537,2026-04-19,Growth,Europe,SaaS,Partner,1,62,20,31.166666666666668,1,0,0,129,59.166666666666664,20.5,31.166666666666668,1,164,59.166666666666664,20.5,164.0
3538,2025-01-03,Growth,Europe,Manufacturing,Referral,0,47,0,58.95454545454545,0,0,0,129,44.68181818181818,0.0,58.95454545454545,0,635,44.68181818181818,0.0,635.0
3539,2025-07-26,Starter,North America,Finance,Outbound Sales,1,56,27,51.86666666666667,0,0,0,49,52.53333333333333,23.333333333333332,51.86666666666667,0,431,52.53333333333333,23.333333333333332,431.0
3540,2026-06-12,Enterprise,Asia Pacific,Healthcare,Paid Search,1,40,19,47.5,0,0,0,399,40.5,17.25,47.5,0,110,40.5,17.25,110.0
3541,2026-08-03,Starter,North America,Retail,Partner,0,56,16,61.0,0,0,0,49,58.0,20.0,61.0,0,58,58.0,20.0,58.0
3542,2025-01-16,Starter,Asia Pacific,Finance,Paid Search,0,63,14,40.333333333333336,1,0,0,49,67.57142857142857,14.380952380952381,40.333333333333336,1,622,67.57142857142857,14.380952380952381,622.0
3543,2026-03-22,Starter,North America,Healthcare,Outbound Sales,1,47,22,27.428571428571427,0,0,0,49,43.142857142857146,23.0,27.428571428571427,0,192,43.142857142857146,23.0,192.0
3544,2026-02-08,Enterprise,Europe,Finance,Partner,1,24,20,59.5,3,0,0,399,24.75,20.5,59.5,3,234,24.75,20.5,234.0
3545,2026-04-06,Starter,Latin America,SaaS,Referral,0,75,31,81.33333333333333,0,0,0,49,79.5,28.333333333333332,81.33333333333333,0,177,79.5,28.333333333333332,177.0
3546,2025-11-02,Growth,Asia Pacific,Healthcare,Paid Search,1,68,15,70.5,0,0,0,129,68.33333333333333,15.666666666666666,70.5,0,332,68.33333333333333,15.666666666666666,332.0
3547,2024-12-25,Starter,Latin America,Healthcare,Partner,1,35,24,47.90909090909091,0,0,0,49,32.90909090909091,23.636363636363637,47.90909090909091,0,644,32.90909090909091,23.636363636363637,644.0
3548,2026-03-25,Growth,Europe,Education,Partner,0,103,14,73.28571428571429,6,0,0,129,99.42857142857143,14.571428571428571,73.28571428571429,6,189,99.42857142857143,14.571428571428571,189.0
3549,2026-06-02,Starter,North America,Education,Outbound Sales,1,25,12,58.8,0,0,0,49,26.6,12.4,58.8,0,120,26.6,12.4,120.0
3550,2025-04-18,Growth,Asia Pacific,Education,Outbound Sales,0,60,22,57.27777777777778,4,0,0,129,59.22222222222222,21.5,57.27777777777778,4,530,59.22222222222222,21.5,530.0
3551,2025-11-10,Starter,Europe,Healthcare,Paid Search,1,50,1,32.45454545454545,1,0,0,49,49.09090909090909,0.45454545454545453,32.45454545454545,1,324,49.09090909090909,0.45454545454545453,324.0
3552,2025-04-09,Starter,Latin America,Finance,Outbound Sales,1,47,9,51.666666666666664,1,0,0,49,43.388888888888886,9.055555555555555,51.666666666666664,1,539,43.388888888888886,9.055555555555555,539.0
3553,2025-07-18,Starter,North America,Finance,Organic,0,88,24,70.4,1,0,0,49,86.26666666666667,25.133333333333333,70.4,1,439,86.26666666666667,25.133333333333333,439.0
3554,2025-02-12,Starter,Latin America,Healthcare,Partner,0,15,25,42.65,0,0,0,49,14.35,25.0,42.65,0,595,14.35,25.0,595.0
3555,2026-06-09,Growth,Europe,Healthcare,Organic,1,48,21,69.25,2,0,0,129,46.5,18.5,69.25,2,113,46.5,18.5,113.0
3556,2026-09-20,Starter,Asia Pacific,Education,Referral,1,49,19,33.0,0,0,0,49,61.0,21.0,33.0,0,10,61.0,21.0,10.0
3557,2025-02-25,Starter,Latin America,SaaS,Organic,0,35,10,52.35,0,0,0,49,32.9,9.6,52.35,0,582,32.9,9.6,582.0
3558,2025-06-20,Starter,Latin America,Retail,Referral,1,32,10,72.75,3,0,0,49,31.6875,10.75,72.75,3,467,31.6875,10.75,467.0
3559,2026-04-04,Starter,Europe,Manufacturing,Paid Search,1,41,21,35.833333333333336,2,0,0,49,42.5,19.0,35.833333333333336,2,179,42.5,19.0,179.0
3560,2024-11-01,Starter,North America,Healthcare,Outbound Sales,1,59,28,41.166666666666664,0,0,0,49,58.375,27.75,41.166666666666664,0,698,58.375,27.75,698.0
3561,2024-12-14,Growth,North America,Manufacturing,Outbound Sales,1,48,12,86.68181818181819,0,0,0,129,47.81818181818182,12.090909090909092,86.68181818181819,0,655,47.81818181818182,12.090909090909092,655.0
3562,2024-11-11,Growth,Latin America,SaaS,Paid Search,1,38,10,38.65217391304348,2,0,0,129,38.65217391304348,9.173913043478262,38.65217391304348,2,688,38.65217391304348,9.173913043478262,688.0
3563,2025-07-07,Starter,North America,Manufacturing,Referral,1,62,13,62.9375,1,0,0,49,56.125,11.8125,62.9375,1,450,56.125,11.8125,450.0
3564,2024-12-16,Starter,North America,SaaS,Organic,1,3,23,54.04545454545455,3,0,0,49,2.6818181818181817,19.636363636363637,54.04545454545455,3,653,2.6818181818181817,19.636363636363637,653.0
3565,2026-02-25,Growth,Europe,Healthcare,Partner,1,58,19,64.875,2,0,0,129,61.625,17.5,64.875,2,217,61.625,17.5,217.0
3566,2025-11-06,Growth,Asia Pacific,Manufacturing,Referral,1,57,5,91.36363636363636,3,0,0,129,54.18181818181818,4.7272727272727275,91.36363636363636,3,328,54.18181818181818,4.7272727272727275,328.0
3567,2025-11-26,Enterprise,Europe,Healthcare,Paid Search,1,76,23,83.45454545454545,0,0,0,399,78.81818181818181,21.545454545454547,83.45454545454545,0,308,78.81818181818181,21.545454545454547,308.0
3568,2025-04-01,Growth,North America,Healthcare,Referral,0,76,34,38.26315789473684,0,0,0,129,78.26315789473684,33.78947368421053,38.26315789473684,0,547,78.26315789473684,33.78947368421053,547.0
3569,2025-05-01,Growth,Asia Pacific,Finance,Partner,1,34,17,58.333333333333336,0,0,0,129,30.833333333333332,15.055555555555555,58.333333333333336,0,517,30.833333333333332,15.055555555555555,517.0
3570,2024-12-05,Enterprise,Asia Pacific,Manufacturing,Outbound Sales,1,36,30,50.78260869565217,0,0,0,399,35.56521739130435,29.26086956521739,50.78260869565217,0,664,35.56521739130435,29.26086956521739,664.0
3571,2026-05-19,Starter,Latin America,Finance,Referral,1,42,14,58.2,4,0,0,49,37.0,14.4,58.2,4,134,37.0,14.4,134.0
3572,2026-09-01,Starter,Latin America,Retail,Partner,0,37,22,92.0,0,0,0,49,32.0,16.0,92.0,0,29,32.0,16.0,29.0
3573,2026-01-02,Starter,Asia Pacific,SaaS,Partner,0,30,1,68.6,1,0,0,49,28.9,0.4,68.6,1,271,28.9,0.4,271.0
3574,2025-06-16,Growth,Asia Pacific,Finance,Referral,1,78,9,26.25,0,0,0,129,74.75,8.1875,26.25,0,471,74.75,8.1875,471.0
3575,2025-09-24,Starter,Europe,Finance,Organic,1,41,21,58.23076923076923,2,0,0,49,40.53846153846154,21.846153846153847,58.23076923076923,2,371,40.53846153846154,21.846153846153847,371.0
3576,2025-07-11,Growth,Latin America,Education,Organic,0,5,20,69.46666666666667,2,0,0,129,4.533333333333333,21.666666666666668,69.46666666666667,2,446,4.533333333333333,21.666666666666668,446.0
3577,2025-12-30,Growth,Europe,Healthcare,Partner,1,49,21,69.7,1,0,0,129,46.0,20.6,69.7,1,274,46.0,20.6,274.0
3578,2025-09-22,Starter,Europe,Finance,Organic,1,40,0,54.07692307692308,0,0,0,49,40.38461538461539,0.0,54.07692307692308,0,373,40.38461538461539,0.0,373.0
3579,2025-08-03,Starter,North America,Finance,Organic,1,27,20,78.66666666666667,0,0,0,49,26.866666666666667,16.933333333333334,78.66666666666667,0,423,26.866666666666667,16.933333333333334,423.0
3580,2025-01-17,Growth,Asia Pacific,Manufacturing,Paid Search,1,17,23,83.57142857142857,6,1,2025-12-05 00:00:00,129,15.857142857142858,22.666666666666668,83.57142857142857,6,621,15.857142857142858,22.666666666666668,322.0
3581,2025-11-15,Growth,North America,Retail,Organic,1,12,20,76.9090909090909,1,0,0,129,11.272727272727273,18.636363636363637,76.9090909090909,1,319,11.272727272727273,18.636363636363637,319.0
3582,2025-03-01,Growth,Asia Pacific,Finance,Partner,1,26,15,35.4,2,0,0,129,25.65,14.55,35.4,2,578,25.65,14.55,578.0
3583,2026-03-28,Growth,Asia Pacific,Retail,Organic,1,55,34,47.714285714285715,1,0,0,129,56.0,33.42857142857143,47.714285714285715,1,186,56.0,33.42857142857143,186.0
3584,2026-09-19,Starter,Latin America,Finance,Outbound Sales,1,33,16,39.0,2,0,0,49,34.0,11.0,39.0,2,11,34.0,11.0,11.0
3585,2024-12-22,Starter,Asia Pacific,SaaS,Outbound Sales,1,54,28,62.04545454545455,1,0,0,49,55.36363636363637,27.181818181818183,62.04545454545455,1,647,55.36363636363637,27.181818181818183,647.0
3586,2025-05-01,Growth,Asia Pacific,Finance,Referral,0,49,35,63.166666666666664,0,0,0,129,49.166666666666664,33.111111111111114,63.166666666666664,0,517,49.166666666666664,33.111111111111114,517.0
3587,2025-06-15,Starter,North America,Retail,Outbound Sales,0,12,19,36.8125,0,0,0,49,11.625,17.6875,36.8125,0,472,11.625,17.6875,472.0
3588,2026-04-11,Growth,North America,Finance,Referral,0,82,2,36.0,0,0,0,129,84.0,1.8333333333333333,36.0,0,172,84.0,1.8333333333333333,172.0
3589,2024-12-16,Starter,Europe,Manufacturing,Outbound Sales,1,47,15,58.59090909090909,3,0,0,49,43.81818181818182,14.863636363636363,58.59090909090909,3,653,43.81818181818182,14.863636363636363,653.0
3590,2025-12-14,Growth,North America,Healthcare,Referral,1,51,20,56.7,1,0,0,129,47.5,22.4,56.7,1,290,47.5,22.4,290.0
3591,2025-01-08,Growth,Latin America,Healthcare,Organic,0,45,17,66.0,2,0,0,129,47.04545454545455,15.681818181818182,66.0,2,630,47.04545454545455,15.681818181818182,630.0
3592,2026-02-18,Starter,Asia Pacific,Finance,Referral,1,63,17,91.5,2,0,0,49,66.5,16.75,91.5,2,224,66.5,16.75,224.0
3593,2025-08-15,Enterprise,Asia Pacific,Finance,Referral,0,52,18,40.642857142857146,3,0,0,399,50.57142857142857,17.0,40.642857142857146,3,411,50.57142857142857,17.0,411.0
3594,2025-09-13,Growth,Europe,Healthcare,Organic,1,20,19,19.0,4,0,0,129,19.76923076923077,18.153846153846153,19.0,4,382,19.76923076923077,18.153846153846153,382.0
3595,2025-09-30,Starter,Asia Pacific,Retail,Partner,1,68,16,67.07692307692308,0,0,0,49,72.6923076923077,14.0,67.07692307692308,0,365,72.6923076923077,14.0,365.0
3596,2025-01-26,Growth,Latin America,Finance,Partner,1,30,6,26.523809523809526,4,0,0,129,29.666666666666668,5.0476190476190474,26.523809523809526,4,612,29.666666666666668,5.0476190476190474,612.0
3597,2026-05-19,Starter,Asia Pacific,SaaS,Organic,1,42,9,38.0,3,0,0,49,47.4,8.4,38.0,3,134,47.4,8.4,134.0
3598,2026-02-09,Growth,North America,Retail,Referral,1,77,11,66.75,1,0,0,129,74.375,10.375,66.75,1,233,74.375,10.375,233.0
3599,2024-11-07,Starter,Europe,SaaS,Paid Search,0,26,29,24.25,0,0,0,49,26.166666666666668,27.125,24.25,0,692,26.166666666666668,27.125,692.0
3600,2025-11-11,Growth,North America,Finance,Partner,0,46,6,31.181818181818183,1,0,0,129,47.09090909090909,5.545454545454546,31.181818181818183,1,323,47.09090909090909,5.545454545454546,323.0
3601,2025-05-23,Growth,Asia Pacific,SaaS,Organic,1,42,23,51.0,0,0,0,129,43.0,22.41176470588235,51.0,0,495,43.0,22.41176470588235,495.0
3602,2025-08-24,Growth,North America,Finance,Partner,0,59,7,75.42857142857143,0,0,0,129,61.92857142857143,6.357142857142857,75.42857142857143,0,402,61.92857142857143,6.357142857142857,402.0
3603,2026-05-30,Growth,North America,Healthcare,Referral,0,67,29,61.0,0,0,0,129,64.2,33.6,61.0,0,123,64.2,33.6,123.0
3604,2025-09-06,Growth,Europe,Finance,Outbound Sales,1,27,12,86.0,0,0,0,129,26.307692307692307,11.615384615384615,86.0,0,389,26.307692307692307,11.615384615384615,389.0
3605,2026-07-29,Starter,North America,Finance,Paid Search,1,91,10,46.333333333333336,0,0,0,49,82.33333333333333,11.666666666666666,46.333333333333336,0,63,82.33333333333333,11.666666666666666,63.0
3606,2025-07-05,Starter,Europe,Manufacturing,Organic,1,47,22,41.125,1,0,0,49,45.125,22.625,41.125,1,452,45.125,22.625,452.0
3607,2026-02-17,Starter,Europe,Manufacturing,Organic,1,36,21,45.125,0,0,0,49,35.625,20.125,45.125,0,225,35.625,20.125,225.0
3608,2025-11-11,Starter,North America,Manufacturing,Referral,0,86,31,36.0,0,0,0,49,90.36363636363636,31.272727272727273,36.0,0,323,90.36363636363636,31.272727272727273,323.0
3609,2026-06-27,Growth,Europe,Retail,Outbound Sales,1,77,22,43.25,1,0,0,129,69.5,25.5,43.25,1,95,69.5,25.5,95.0
3610,2026-03-19,Growth,Europe,Education,Paid Search,1,50,15,80.14285714285714,0,0,0,129,50.57142857142857,14.142857142857142,80.14285714285714,0,195,50.57142857142857,14.142857142857142,195.0
3611,2025-05-18,Starter,Latin America,SaaS,Paid Search,0,22,14,52.705882352941174,0,0,0,49,22.294117647058822,13.588235294117647,52.705882352941174,0,500,22.294117647058822,13.588235294117647,500.0
3612,2026-05-12,Starter,Latin America,Finance,Paid Search,1,75,16,59.0,0,0,0,49,82.2,19.0,59.0,0,141,82.2,19.0,141.0
3613,2025-07-08,Growth,North America,Education,Referral,1,22,16,0.6666666666666666,0,0,0,129,21.133333333333333,16.866666666666667,0.6666666666666666,0,449,21.133333333333333,16.866666666666667,449.0
3614,2025-04-02,Growth,Asia Pacific,SaaS,Outbound Sales,0,20,17,81.26315789473684,2,0,0,129,19.526315789473685,18.05263157894737,81.26315789473684,2,546,19.526315789473685,18.05263157894737,546.0
3615,2024-11-05,Growth,Europe,Manufacturing,Paid Search,1,56,27,37.833333333333336,2,0,0,129,52.208333333333336,28.791666666666668,37.833333333333336,2,694,52.208333333333336,28.791666666666668,694.0
3616,2025-12-23,Enterprise,Latin America,Manufacturing,Paid Search,0,15,12,57.8,2,0,0,399,14.0,12.6,57.8,2,281,14.0,12.6,281.0
3617,2024-11-23,Starter,North America,Retail,Partner,1,35,10,57.43478260869565,3,0,0,49,35.608695652173914,9.782608695652174,57.43478260869565,3,676,35.608695652173914,9.782608695652174,676.0
3618,2025-06-25,Growth,Asia Pacific,Manufacturing,Paid Search,1,2,15,70.1875,0,0,0,129,1.375,14.0,70.1875,0,462,1.375,14.0,462.0
3619,2026-05-07,Growth,Asia Pacific,Finance,Partner,1,51,7,46.6,5,0,0,129,49.6,8.0,46.6,5,146,49.6,8.0,146.0
3620,2025-10-19,Starter,North America,Healthcare,Paid Search,1,45,12,13.5,1,0,0,49,43.75,12.666666666666666,13.5,1,346,43.75,12.666666666666666,346.0
3621,2026-08-12,Starter,Asia Pacific,Retail,Referral,0,21,22,36.0,0,1,2026-09-11 00:00:00,49,22.0,28.5,36.0,0,49,22.0,28.5,30.0
3622,2025-10-08,Enterprise,Asia Pacific,Education,Organic,0,7,23,52.25,1,0,0,399,6.416666666666667,21.833333333333332,52.25,1,357,6.416666666666667,21.833333333333332,357.0
3623,2024-10-31,Growth,Europe,Healthcare,Paid Search,1,44,29,43.208333333333336,0,0,0,129,43.0,30.083333333333332,43.208333333333336,0,699,43.0,30.083333333333332,699.0
3624,2026-09-03,Starter,Latin America,Education,Outbound Sales,1,48,30,83.0,1,0,0,49,53.0,30.0,83.0,1,27,53.0,30.0,27.0
3625,2025-11-19,Starter,Europe,Finance,Organic,1,71,14,77.27272727272727,2,0,0,49,76.63636363636364,14.272727272727273,77.27272727272727,2,315,76.63636363636364,14.272727272727273,315.0
3626,2025-09-09,Enterprise,Latin America,Education,Outbound Sales,1,29,14,33.15384615384615,0,0,0,399,29.153846153846153,14.384615384615385,33.15384615384615,0,386,29.153846153846153,14.384615384615385,386.0
3627,2025-02-13,Starter,Europe,Finance,Outbound Sales,1,85,27,81.85,0,0,0,49,82.8,24.1,81.85,0,594,82.8,24.1,594.0
3628,2025-05-28,Starter,Europe,Healthcare,Outbound Sales,1,53,26,82.29411764705883,3,0,0,49,55.470588235294116,26.0,82.29411764705883,3,490,55.470588235294116,26.0,490.0
3629,2026-04-25,Starter,Asia Pacific,Finance,Paid Search,1,22,5,54.666666666666664,0,0,0,49,24.666666666666668,4.333333333333333,54.666666666666664,0,158,24.666666666666668,4.333333333333333,158.0
3630,2025-06-30,Growth,North America,Finance,Organic,1,27,4,87.625,1,1,2026-03-01 00:00:00,129,25.0625,3.5625,87.625,1,457,25.0625,3.5625,244.0
3631,2026-03-17,Starter,Europe,Retail,Partner,1,46,18,44.142857142857146,0,0,0,49,50.857142857142854,17.142857142857142,44.142857142857146,0,197,50.857142857142854,17.142857142857142,197.0
3632,2024-12-30,Enterprise,Europe,Finance,Partner,1,26,17,77.22727272727273,3,0,0,399,25.772727272727273,16.0,77.22727272727273,3,639,25.772727272727273,16.0,639.0
3633,2025-03-24,Starter,Asia Pacific,Healthcare,Organic,0,59,35,68.0,2,0,0,49,58.526315789473685,32.89473684210526,68.0,2,555,58.526315789473685,32.89473684210526,555.0
3634,2025-08-12,Enterprise,Latin America,Healthcare,Organic,1,1,11,80.21428571428571,2,0,0,399,0.5,10.285714285714286,80.21428571428571,2,414,0.5,10.285714285714286,414.0
3635,2025-02-02,Starter,Asia Pacific,Education,Organic,0,46,22,79.14285714285714,0,0,0,49,44.61904761904762,22.238095238095237,79.14285714285714,0,605,44.61904761904762,22.238095238095237,605.0
3636,2024-12-13,Growth,Europe,SaaS,Organic,1,49,16,51.40909090909091,2,0,0,129,47.59090909090909,15.909090909090908,51.40909090909091,2,656,47.59090909090909,15.909090909090908,656.0
3637,2025-06-24,Growth,Europe,Finance,Outbound Sales,1,66,8,52.125,0,0,0,129,63.4375,7.5,52.125,0,463,63.4375,7.5,463.0
3638,2026-04-15,Starter,Europe,Manufacturing,Paid Search,1,42,18,80.0,2,0,0,49,40.166666666666664,18.5,80.0,2,168,40.166666666666664,18.5,168.0
3639,2025-12-26,Starter,Europe,Finance,Partner,1,38,8,82.8,0,0,0,49,36.8,8.4,82.8,0,278,36.8,8.4,278.0
3640,2025-11-15,Growth,North America,Healthcare,Referral,1,56,22,61.27272727272727,1,0,0,129,57.63636363636363,23.0,61.27272727272727,1,319,57.63636363636363,23.0,319.0
3641,2026-02-11,Starter,Latin America,Healthcare,Paid Search,0,0,3,85.375,1,0,0,49,0.0,3.0,85.375,1,231,0.0,3.0,231.0
3642,2025-01-24,Growth,Asia Pacific,Healthcare,Outbound Sales,0,54,7,65.85714285714286,0,0,0,129,54.904761904761905,6.9523809523809526,65.85714285714286,0,614,54.904761904761905,6.9523809523809526,614.0
3643,2026-06-16,Starter,North America,Retail,Outbound Sales,1,31,16,35.0,1,0,0,49,30.5,17.25,35.0,1,106,30.5,17.25,106.0
3644,2025-02-04,Growth,Latin America,Healthcare,Referral,0,47,20,74.52380952380952,1,0,0,129,46.57142857142857,19.428571428571427,74.52380952380952,1,603,46.57142857142857,19.428571428571427,603.0
3645,2026-03-31,Starter,Asia Pacific,SaaS,Referral,1,40,25,85.14285714285714,1,0,0,49,38.42857142857143,27.142857142857142,85.14285714285714,1,183,38.42857142857143,27.142857142857142,183.0
3646,2025-03-15,Starter,Europe,Manufacturing,Referral,1,39,23,57.78947368421053,2,0,0,49,38.8421052631579,23.36842105263158,57.78947368421053,2,564,38.8421052631579,23.36842105263158,564.0
3647,2026-08-13,Starter,Europe,Retail,Paid Search,1,18,12,72.0,1,0,0,49,14.0,11.0,72.0,1,48,14.0,11.0,48.0
3648,2025-12-07,Growth,North America,Healthcare,Referral,1,22,17,51.0,0,0,0,129,19.0,16.5,51.0,0,297,19.0,16.5,297.0
3649,2025-01-14,Starter,North America,Manufacturing,Paid Search,1,55,17,74.76190476190476,2,0,0,49,51.95238095238095,17.571428571428573,74.76190476190476,2,624,51.95238095238095,17.571428571428573,624.0
3650,2026-06-28,Enterprise,Latin America,SaaS,Organic,0,39,22,61.0,2,0,0,399,34.5,18.5,61.0,2,94,34.5,18.5,94.0
3651,2026-06-03,Starter,Europe,Healthcare,Partner,1,30,20,22.0,0,0,0,49,31.0,18.25,22.0,0,119,31.0,18.25,119.0
3652,2025-01-01,Growth,Europe,Finance,Organic,0,30,3,53.31818181818182,3,0,0,129,30.59090909090909,2.5454545454545454,53.31818181818182,3,637,30.59090909090909,2.5454545454545454,637.0
3653,2026-01-18,Starter,Latin America,Finance,Outbound Sales,1,83,16,27.666666666666668,1,0,0,49,81.0,15.444444444444445,27.666666666666668,1,255,81.0,15.444444444444445,255.0
3654,2026-09-08,Starter,North America,Manufacturing,Referral,1,37,21,72.0,3,0,0,49,38.0,18.0,72.0,3,22,38.0,18.0,22.0
3655,2025-03-12,Growth,Europe,Finance,Outbound Sales,0,35,21,66.21052631578948,1,0,0,129,32.36842105263158,20.63157894736842,66.21052631578948,1,567,32.36842105263158,20.63157894736842,567.0
3656,2025-06-29,Enterprise,Europe,Healthcare,Organic,1,37,19,56.0625,6,0,0,399,38.625,19.3125,56.0625,6,458,38.625,19.3125,458.0
3657,2025-08-24,Starter,North America,Education,Outbound Sales,1,12,13,24.428571428571427,4,0,0,49,12.0,13.0,24.428571428571427,4,402,12.0,13.0,402.0
3658,2025-07-24,Enterprise,Asia Pacific,Education,Referral,0,31,18,62.53333333333333,0,0,0,399,28.333333333333332,16.933333333333334,62.53333333333333,0,433,28.333333333333332,16.933333333333334,433.0
3659,2025-09-17,Enterprise,Asia Pacific,Education,Outbound Sales,1,41,26,63.76923076923077,0,0,0,399,41.92307692307692,28.23076923076923,63.76923076923077,0,378,41.92307692307692,28.23076923076923,378.0
3660,2025-12-06,Starter,Europe,Education,Organic,1,61,20,32.9,4,0,0,49,60.6,17.9,32.9,4,298,60.6,17.9,298.0
3661,2025-09-29,Growth,North America,Finance,Partner,0,24,16,66.38461538461539,0,0,0,129,22.615384615384617,13.76923076923077,66.38461538461539,0,366,22.615384615384617,13.76923076923077,366.0
3662,2025-09-20,Growth,Europe,Education,Outbound Sales,0,50,31,29.0,0,0,0,129,50.30769230769231,31.0,29.0,0,375,50.30769230769231,31.0,375.0
3663,2026-02-05,Starter,Asia Pacific,Healthcare,Organic,1,40,18,59.75,0,0,0,49,38.625,16.75,59.75,0,237,38.625,16.75,237.0
3664,2025-08-04,Starter,Asia Pacific,Manufacturing,Organic,1,36,27,64.13333333333334,1,0,0,49,34.333333333333336,28.0,64.13333333333334,1,422,34.333333333333336,28.0,422.0
3665,2025-06-26,Growth,Europe,Finance,Referral,0,46,23,90.5625,0,0,0,129,48.4375,21.8125,90.5625,0,461,48.4375,21.8125,461.0
3666,2025-01-14,Enterprise,Europe,Finance,Referral,0,68,21,80.76190476190476,2,0,0,399,67.28571428571429,20.666666666666668,80.76190476190476,2,624,67.28571428571429,20.666666666666668,624.0
3667,2025-05-25,Starter,Latin America,SaaS,Organic,1,47,22,28.294117647058822,0,0,0,49,46.470588235294116,19.58823529411765,28.294117647058822,0,493,46.470588235294116,19.58823529411765,493.0
3668,2025-03-18,Growth,Latin America,Manufacturing,Paid Search,1,54,17,63.89473684210526,0,0,0,129,51.94736842105263,17.105263157894736,63.89473684210526,0,561,51.94736842105263,17.105263157894736,561.0
3669,2026-06-20,Growth,Europe,Finance,Referral,0,58,20,46.5,0,0,0,129,54.0,17.75,46.5,0,102,54.0,17.75,102.0
3670,2025-02-18,Enterprise,Asia Pacific,Finance,Paid Search,0,38,18,40.95,0,0,0,399,34.5,17.6,40.95,0,589,34.5,17.6,589.0
3671,2025-04-07,Starter,Latin America,Retail,Outbound Sales,1,33,31,11.263157894736842,2,0,0,49,33.94736842105263,33.578947368421055,11.263157894736842,2,541,33.94736842105263,33.578947368421055,541.0
3672,2025-02-15,Starter,North America,Retail,Outbound Sales,0,47,19,0.6,1,0,0,49,48.6,17.35,0.6,1,592,48.6,17.35,592.0
3673,2025-04-16,Growth,North America,Manufacturing,Outbound Sales,1,56,7,79.83333333333333,1,0,0,129,54.27777777777778,6.722222222222222,79.83333333333333,1,532,54.27777777777778,6.722222222222222,532.0
3674,2026-02-02,Enterprise,Europe,Education,Referral,1,66,19,56.333333333333336,6,0,0,399,60.333333333333336,15.88888888888889,56.333333333333336,6,240,60.333333333333336,15.88888888888889,240.0
3675,2026-02-19,Starter,Europe,Healthcare,Outbound Sales,1,37,8,34.875,1,0,0,49,35.25,7.25,34.875,1,223,35.25,7.25,223.0
3676,2025-09-16,Starter,Asia Pacific,SaaS,Referral,1,38,15,79.38461538461539,2,0,0,49,37.0,13.384615384615385,79.38461538461539,2,379,37.0,13.384615384615385,379.0
3677,2025-12-20,Growth,Asia Pacific,Education,Outbound Sales,1,60,16,61.5,0,0,0,129,59.4,16.8,61.5,0,284,59.4,16.8,284.0
3678,2025-03-02,Growth,North America,Healthcare,Referral,1,41,11,78.3,0,0,0,129,39.8,9.75,78.3,0,577,39.8,9.75,577.0
3679,2026-05-01,Growth,Europe,Retail,Partner,0,53,12,65.66666666666667,8,0,0,129,48.0,13.333333333333334,65.66666666666667,8,152,48.0,13.333333333333334,152.0
3680,2025-10-31,Enterprise,Asia Pacific,SaaS,Referral,1,41,27,85.58333333333333,0,0,0,399,41.75,27.333333333333332,85.58333333333333,0,334,41.75,27.333333333333332,334.0
3681,2025-05-30,Starter,Europe,Education,Outbound Sales,1,50,23,45.64705882352941,2,0,0,49,47.76470588235294,21.529411764705884,45.64705882352941,2,488,47.76470588235294,21.529411764705884,488.0
3682,2026-02-04,Starter,North America,Finance,Organic,1,60,30,43.875,2,0,0,49,60.5,27.375,43.875,2,238,60.5,27.375,238.0
3683,2025-09-10,Growth,North America,Healthcare,Referral,1,83,15,40.23076923076923,4,0,0,129,86.15384615384616,13.692307692307692,40.23076923076923,4,385,86.15384615384616,13.692307692307692,385.0
3684,2026-02-16,Starter,Latin America,Healthcare,Organic,1,75,8,55.75,0,0,0,49,68.875,7.5,55.75,0,226,68.875,7.5,226.0
3685,2025-07-28,Starter,North America,Education,Organic,1,44,7,24.133333333333333,1,0,0,49,42.86666666666667,6.0,24.133333333333333,1,429,42.86666666666667,6.0,429.0
3686,2025-03-01,Growth,Asia Pacific,Healthcare,Referral,0,48,22,56.75,0,0,0,129,47.35,21.6,56.75,0,578,47.35,21.6,578.0
3687,2025-01-30,Starter,Europe,Healthcare,Referral,1,46,12,70.23809523809524,1,0,0,49,47.95238095238095,11.714285714285714,70.23809523809524,1,608,47.95238095238095,11.714285714285714,608.0
3688,2025-04-09,Enterprise,North America,SaaS,Paid Search,1,69,24,10.11111111111111,1,1,2026-06-26 00:00:00,399,67.33333333333333,25.0,10.11111111111111,1,539,67.33333333333333,25.0,443.0
3689,2025-09-06,Starter,Latin America,Retail,Outbound Sales,0,42,12,53.46153846153846,0,0,0,49,40.69230769230769,11.307692307692308,53.46153846153846,0,389,40.69230769230769,11.307692307692308,389.0
3690,2026-07-09,Enterprise,North America,Retail,Partner,0,32,33,46.0,0,0,0,399,33.666666666666664,34.0,46.0,0,83,33.666666666666664,34.0,83.0
3691,2024-12-10,Starter,Europe,SaaS,Organic,1,53,1,46.36363636363637,1,0,0,49,50.63636363636363,0.6363636363636364,46.36363636363637,1,659,50.63636363636363,0.6363636363636364,659.0
3692,2025-06-07,Enterprise,North America,Healthcare,Paid Search,0,43,19,63.11764705882353,0,0,0,399,40.8235294117647,18.941176470588236,63.11764705882353,0,480,40.8235294117647,18.941176470588236,480.0
3693,2025-09-30,Starter,Asia Pacific,SaaS,Organic,0,65,17,62.46153846153846,1,0,0,49,67.92307692307692,16.76923076923077,62.46153846153846,1,365,67.92307692307692,16.76923076923077,365.0
3694,2025-03-30,Enterprise,Asia Pacific,Retail,Organic,1,49,18,59.8421052631579,0,0,0,399,47.89473684210526,17.157894736842106,59.8421052631579,0,549,47.89473684210526,17.157894736842106,549.0
3695,2025-01-31,Starter,Europe,Retail,Partner,1,42,28,61.42857142857143,1,0,0,49,40.38095238095238,27.523809523809526,61.42857142857143,1,607,40.38095238095238,27.523809523809526,607.0
3696,2025-07-11,Growth,Asia Pacific,Retail,Referral,1,77,22,46.4,0,0,0,129,75.06666666666666,20.933333333333334,46.4,0,446,75.06666666666666,20.933333333333334,446.0
3697,2025-10-29,Enterprise,Europe,Healthcare,Outbound Sales,0,69,9,53.083333333333336,0,1,2026-06-18 00:00:00,399,69.83333333333333,9.083333333333334,53.083333333333336,0,336,69.83333333333333,9.083333333333334,232.0
3698,2026-04-08,Starter,Latin America,SaaS,Paid Search,1,50,14,63.0,0,0,0,49,53.333333333333336,15.5,63.0,0,175,53.333333333333336,15.5,175.0
3699,2024-12-19,Enterprise,Latin America,Education,Referral,1,34,6,59.5,0,0,0,399,33.09090909090909,5.7727272727272725,59.5,0,650,33.09090909090909,5.7727272727272725,650.0
3700,2026-09-23,Growth,Latin America,Healthcare,Paid Search,1,25,19,55.0,0,0,0,129,20.0,24.0,55.0,0,7,20.0,24.0,7.0
3701,2025-09-01,Starter,North America,Manufacturing,Organic,1,17,19,79.0,2,0,0,49,17.357142857142858,18.5,79.0,2,394,17.357142857142858,18.5,394.0
3702,2025-07-23,Growth,North America,Finance,Outbound Sales,1,54,18,76.4,3,0,0,129,50.2,18.066666666666666,76.4,3,434,50.2,18.066666666666666,434.0
3703,2025-04-26,Enterprise,North America,Manufacturing,Organic,1,34,17,54.611111111111114,0,0,0,399,32.55555555555556,16.38888888888889,54.611111111111114,0,522,32.55555555555556,16.38888888888889,522.0
3704,2024-11-30,Starter,Latin America,Education,Outbound Sales,1,12,23,44.52173913043478,1,0,0,49,11.304347826086957,20.91304347826087,44.52173913043478,1,669,11.304347826086957,20.91304347826087,669.0
3705,2025-12-18,Growth,Latin America,Healthcare,Paid Search,1,93,16,51.2,5,0,0,129,96.9,14.7,51.2,5,286,96.9,14.7,286.0
3706,2026-02-05,Starter,Asia Pacific,Healthcare,Organic,1,42,13,58.5,4,0,0,49,44.75,14.375,58.5,4,237,44.75,14.375,237.0
3707,2026-05-22,Starter,Latin America,Manufacturing,Organic,1,36,17,96.4,0,0,0,49,34.8,17.6,96.4,0,131,34.8,17.6,131.0
3708,2026-05-16,Growth,Asia Pacific,Healthcare,Paid Search,1,54,21,53.8,0,0,0,129,52.6,21.4,53.8,0,137,52.6,21.4,137.0
3709,2025-07-12,Starter,Asia Pacific,Manufacturing,Outbound Sales,0,11,15,69.46666666666667,2,0,0,49,11.066666666666666,15.066666666666666,69.46666666666667,2,445,11.066666666666666,15.066666666666666,445.0
3710,2025-02-03,Starter,Asia Pacific,Finance,Partner,1,53,10,36.19047619047619,0,0,0,49,49.95238095238095,9.095238095238095,36.19047619047619,0,604,49.95238095238095,9.095238095238095,604.0
3711,2026-02-15,Starter,Latin America,Education,Paid Search,1,71,10,44.125,2,0,0,49,72.75,9.375,44.125,2,227,72.75,9.375,227.0
3712,2025-02-11,Starter,Asia Pacific,SaaS,Partner,1,70,35,83.4,0,0,0,49,68.95,32.95,83.4,0,596,68.95,32.95,596.0
3713,2025-03-22,Starter,Europe,Healthcare,Paid Search,0,74,21,59.63157894736842,1,0,0,49,74.78947368421052,21.68421052631579,59.63157894736842,1,557,74.78947368421052,21.68421052631579,557.0
3714,2025-03-03,Starter,North America,Education,Partner,1,6,23,79.2,0,0,0,49,5.65,24.2,79.2,0,576,5.65,24.2,576.0
3715,2024-11-11,Starter,Latin America,Education,Referral,0,52,19,83.56521739130434,0,0,0,49,49.30434782608695,16.347826086956523,83.56521739130434,0,688,49.30434782608695,16.347826086956523,688.0
3716,2025-01-01,Growth,Europe,Retail,Organic,0,39,8,52.22727272727273,0,0,0,129,40.0,7.363636363636363,52.22727272727273,0,637,40.0,7.363636363636363,637.0
3717,2025-06-14,Growth,Europe,Healthcare,Referral,1,65,21,95.5625,5,0,0,129,67.4375,21.0,95.5625,5,473,67.4375,21.0,473.0
3718,2025-03-12,Growth,Europe,Finance,Partner,1,33,21,58.89473684210526,0,0,0,129,31.63157894736842,19.894736842105264,58.89473684210526,0,567,31.63157894736842,19.894736842105264,567.0
3719,2025-05-20,Enterprise,Latin America,Manufacturing,Paid Search,1,0,9,30.41176470588235,2,0,0,399,0.0,8.882352941176471,30.41176470588235,2,498,0.0,8.882352941176471,498.0
3720,2025-12-14,Enterprise,Europe,Finance,Paid Search,1,74,18,86.5,0,0,0,399,77.5,16.3,86.5,0,290,77.5,16.3,290.0
3721,2025-11-15,Growth,North America,SaaS,Partner,0,10,21,43.27272727272727,1,0,0,129,9.090909090909092,19.0,43.27272727272727,1,319,9.090909090909092,19.0,319.0
3722,2026-08-06,Growth,North America,Finance,Outbound Sales,1,19,12,78.5,4,0,0,129,15.5,8.0,78.5,4,55,15.5,8.0,55.0
3723,2026-08-21,Starter,Europe,Retail,Outbound Sales,0,43,11,19.5,4,0,0,49,48.0,8.5,19.5,4,40,48.0,8.5,40.0
3724,2025-01-24,Starter,Asia Pacific,Manufacturing,Referral,0,62,16,47.80952380952381,1,0,0,49,59.142857142857146,15.333333333333334,47.80952380952381,1,614,59.142857142857146,15.333333333333334,614.0
3725,2026-06-18,Growth,North America,Retail,Partner,1,69,14,33.75,0,0,0,129,69.0,14.25,33.75,0,104,69.0,14.25,104.0
3726,2026-06-22,Growth,Asia Pacific,Education,Paid Search,1,14,13,47.5,0,0,0,129,12.5,11.75,47.5,0,100,12.5,11.75,100.0
3727,2025-07-22,Enterprise,North America,Manufacturing,Organic,1,53,8,75.06666666666666,1,0,0,399,55.333333333333336,7.266666666666667,75.06666666666666,1,435,55.333333333333336,7.266666666666667,435.0
3728,2025-01-14,Growth,North America,Retail,Outbound Sales,1,22,26,81.14285714285714,4,0,0,129,21.238095238095237,24.095238095238095,81.14285714285714,4,624,21.238095238095237,24.095238095238095,624.0
3729,2024-11-21,Enterprise,Asia Pacific,Manufacturing,Referral,1,49,11,54.869565217391305,0,0,0,399,50.82608695652174,9.869565217391305,54.869565217391305,0,678,50.82608695652174,9.869565217391305,678.0
3730,2025-01-04,Starter,Europe,Finance,Organic,1,0,19,77.54545454545455,0,0,0,49,0.0,19.772727272727273,77.54545454545455,0,634,0.0,19.772727272727273,634.0
3731,2025-05-20,Growth,Europe,Finance,Partner,0,41,27,64.23529411764706,2,0,0,129,41.76470588235294,26.88235294117647,64.23529411764706,2,498,41.76470588235294,26.88235294117647,498.0
3732,2026-08-22,Growth,North America,Education,Organic,1,45,21,98.0,1,0,0,129,44.5,22.5,98.0,1,39,44.5,22.5,39.0
3733,2026-01-27,Starter,Europe,Manufacturing,Paid Search,1,65,20,63.0,1,0,0,49,65.11111111111111,18.666666666666668,63.0,1,246,65.11111111111111,18.666666666666668,246.0
3734,2025-03-10,Starter,Latin America,Retail,Paid Search,1,63,9,50.10526315789474,0,0,0,49,63.73684210526316,8.157894736842104,50.10526315789474,0,569,63.73684210526316,8.157894736842104,569.0
3735,2025-02-01,Enterprise,Latin America,Retail,Outbound Sales,1,33,29,43.476190476190474,0,0,0,399,31.80952380952381,26.047619047619047,43.476190476190474,0,606,31.80952380952381,26.047619047619047,606.0
3736,2025-10-04,Growth,Latin America,Retail,Outbound Sales,0,59,9,77.0,0,0,0,129,56.23076923076923,9.153846153846153,77.0,0,361,56.23076923076923,9.153846153846153,361.0
3737,2025-03-04,Starter,Latin America,Healthcare,Partner,1,37,9,51.0,0,0,0,49,36.7,7.7,51.0,0,575,36.7,7.7,575.0
3738,2024-12-12,Growth,Latin America,Finance,Partner,1,37,20,46.0,3,1,2025-09-04 00:00:00,129,37.81818181818182,20.136363636363637,46.0,3,657,37.81818181818182,20.136363636363637,266.0
3739,2024-12-20,Growth,Latin America,Manufacturing,Outbound Sales,0,63,8,65.45454545454545,0,0,0,129,63.36363636363637,7.636363636363637,65.45454545454545,0,649,63.36363636363637,7.636363636363637,649.0
3740,2025-04-20,Enterprise,Europe,Finance,Outbound Sales,1,0,14,55.77777777777778,0,0,0,399,0.0,13.5,55.77777777777778,0,528,0.0,13.5,528.0
3741,2026-06-09,Growth,Latin America,Finance,Organic,1,36,30,49.75,0,0,0,129,38.25,30.75,49.75,0,113,38.25,30.75,113.0
3742,2026-01-16,Starter,North America,SaaS,Partner,1,50,9,61.77777777777778,1,0,0,49,48.77777777777778,9.11111111111111,61.77777777777778,1,257,48.77777777777778,9.11111111111111,257.0
3743,2025-12-08,Enterprise,North America,SaaS,Referral,1,43,11,74.3,0,0,0,399,44.4,9.8,74.3,0,296,44.4,9.8,296.0
3744,2026-03-22,Starter,Latin America,Manufacturing,Outbound Sales,1,34,16,42.714285714285715,0,0,0,49,28.857142857142858,14.428571428571429,42.714285714285715,0,192,28.857142857142858,14.428571428571429,192.0
3745,2024-11-29,Growth,Latin America,Manufacturing,Referral,1,53,31,49.95652173913044,3,0,0,129,53.95652173913044,28.956521739130434,49.95652173913044,3,670,53.95652173913044,28.956521739130434,670.0
3746,2025-11-25,Starter,Asia Pacific,Healthcare,Partner,1,63,17,54.54545454545455,0,0,0,49,63.81818181818182,17.0,54.54545454545455,0,309,63.81818181818182,17.0,309.0
3747,2026-09-29,Starter,Asia Pacific,Retail,Referral,1,24,15,61.0,0,0,0,49,25.0,19.0,61.0,0,1,25.0,19.0,1.0
3748,2026-01-09,Growth,Asia Pacific,Retail,Outbound Sales,1,40,20,80.77777777777777,0,0,0,129,41.55555555555556,21.333333333333332,80.77777777777777,0,264,41.55555555555556,21.333333333333332,264.0
3749,2025-04-24,Starter,Asia Pacific,SaaS,Organic,0,24,14,30.666666666666668,2,0,0,49,24.444444444444443,14.777777777777779,30.666666666666668,2,524,24.444444444444443,14.777777777777779,524.0
3750,2025-10-27,Growth,North America,Retail,Partner,1,65,19,71.91666666666667,1,0,0,129,63.916666666666664,18.0,71.91666666666667,1,338,63.916666666666664,18.0,338.0
3751,2025-06-06,Growth,North America,Education,Referral,0,51,20,72.47058823529412,0,0,0,129,48.470588235294116,20.235294117647058,72.47058823529412,0,481,48.470588235294116,20.235294117647058,481.0
3752,2025-05-09,Starter,Asia Pacific,Healthcare,Organic,1,54,30,44.529411764705884,0,0,0,49,52.88235294117647,29.176470588235293,44.529411764705884,0,509,52.88235294117647,29.176470588235293,509.0
3753,2025-08-07,Enterprise,North America,Retail,Partner,1,25,22,58.07142857142857,1,0,0,399,22.0,23.0,58.07142857142857,1,419,22.0,23.0,419.0
3754,2025-08-12,Growth,North America,Education,Partner,0,46,19,70.42857142857143,0,0,0,129,48.0,19.5,70.42857142857143,0,414,48.0,19.5,414.0
3755,2026-01-29,Enterprise,Europe,Education,Outbound Sales,1,0,15,32.666666666666664,6,0,0,399,0.0,14.444444444444445,32.666666666666664,6,244,0.0,14.444444444444445,244.0
3756,2025-03-31,Starter,Europe,Education,Partner,1,58,6,31.210526315789473,4,0,0,49,58.05263157894737,5.578947368421052,31.210526315789473,4,548,58.05263157894737,5.578947368421052,548.0
3757,2024-12-04,Growth,Europe,Retail,Paid Search,0,64,20,80.73913043478261,0,0,0,129,61.56521739130435,18.52173913043478,80.73913043478261,0,665,61.56521739130435,18.52173913043478,665.0
3758,2026-07-20,Growth,Latin America,Retail,Paid Search,0,59,14,65.33333333333333,0,0,0,129,58.666666666666664,13.0,65.33333333333333,0,72,58.666666666666664,13.0,72.0
3759,2026-07-26,Starter,Latin America,SaaS,Partner,1,47,23,42.666666666666664,1,0,0,49,41.333333333333336,26.0,42.666666666666664,1,66,41.333333333333336,26.0,66.0
3760,2026-07-23,Enterprise,Europe,SaaS,Outbound Sales,1,47,11,48.666666666666664,1,0,0,399,47.333333333333336,12.666666666666666,48.666666666666664,1,69,47.333333333333336,12.666666666666666,69.0
3761,2025-07-08,Starter,Asia Pacific,Education,Paid Search,0,5,23,65.73333333333333,0,0,0,49,4.533333333333333,20.533333333333335,65.73333333333333,0,449,4.533333333333333,20.533333333333335,449.0
3762,2026-08-23,Growth,Latin America,SaaS,Paid Search,0,21,20,65.5,3,0,0,129,21.0,21.5,65.5,3,38,21.0,21.5,38.0
3763,2025-08-28,Starter,Asia Pacific,Education,Organic,1,65,13,46.92857142857143,0,0,0,49,64.57142857142857,12.285714285714286,46.92857142857143,0,398,64.57142857142857,12.285714285714286,398.0
3764,2026-03-24,Growth,Asia Pacific,Healthcare,Referral,1,23,21,67.57142857142857,0,0,0,129,22.428571428571427,20.571428571428573,67.57142857142857,0,190,22.428571428571427,20.571428571428573,190.0
3765,2025-12-25,Growth,Asia Pacific,SaaS,Referral,0,63,16,68.3,0,0,0,129,60.0,14.9,68.3,0,279,60.0,14.9,279.0
3766,2026-05-16,Starter,North America,Education,Paid Search,1,39,5,83.4,0,0,0,49,35.2,5.4,83.4,0,137,35.2,5.4,137.0
3767,2026-03-04,Starter,Latin America,SaaS,Partner,1,43,30,32.5,0,0,0,49,40.375,35.25,32.5,0,210,40.375,35.25,210.0
3768,2024-12-31,Growth,North America,Retail,Paid Search,1,49,27,55.22727272727273,7,0,0,129,48.54545454545455,25.363636363636363,55.22727272727273,7,638,48.54545454545455,25.363636363636363,638.0
3769,2025-01-27,Starter,Asia Pacific,SaaS,Outbound Sales,1,30,33,64.71428571428571,1,0,0,49,29.857142857142858,32.80952380952381,64.71428571428571,1,611,29.857142857142858,32.80952380952381,611.0
3770,2025-08-12,Starter,Latin America,Education,Referral,1,58,23,46.642857142857146,3,0,0,49,57.142857142857146,23.571428571428573,46.642857142857146,3,414,57.142857142857146,23.571428571428573,414.0
3771,2025-11-26,Enterprise,Latin America,Education,Organic,1,40,25,75.27272727272727,3,1,2026-03-06 00:00:00,399,35.90909090909091,22.90909090909091,75.27272727272727,3,308,35.90909090909091,22.90909090909091,100.0
3772,2026-01-02,Enterprise,Latin America,Healthcare,Organic,1,30,14,54.5,1,0,0,399,28.0,14.3,54.5,1,271,28.0,14.3,271.0
3773,2025-05-22,Starter,Asia Pacific,SaaS,Paid Search,1,30,8,60.411764705882355,0,0,0,49,29.176470588235293,7.0588235294117645,60.411764705882355,0,496,29.176470588235293,7.0588235294117645,496.0
3774,2026-08-19,Starter,Asia Pacific,Education,Paid Search,1,15,15,41.5,0,0,0,49,15.5,16.5,41.5,0,42,15.5,16.5,42.0
3775,2026-04-21,Growth,Europe,Education,Outbound Sales,1,48,20,60.5,0,0,0,129,48.166666666666664,20.333333333333332,60.5,0,162,48.166666666666664,20.333333333333332,162.0
3776,2025-07-12,Starter,Europe,Education,Outbound Sales,1,48,20,39.53333333333333,0,0,0,49,49.06666666666667,19.8,39.53333333333333,0,445,49.06666666666667,19.8,445.0
3777,2026-08-06,Growth,Latin America,Manufacturing,Paid Search,1,51,17,61.5,4,0,0,129,63.0,17.0,61.5,4,55,63.0,17.0,55.0
3778,2026-05-09,Starter,Asia Pacific,Manufacturing,Referral,1,63,16,49.0,1,0,0,49,64.0,13.0,49.0,1,144,64.0,13.0,144.0
3779,2024-11-18,Starter,North America,Education,Organic,0,72,25,55.73913043478261,3,0,0,49,74.08695652173913,24.869565217391305,55.73913043478261,3,681,74.08695652173913,24.869565217391305,681.0
3780,2025-11-25,Starter,Europe,SaaS,Organic,0,21,27,22.363636363636363,3,0,0,49,19.818181818181817,24.454545454545453,22.363636363636363,3,309,19.818181818181817,24.454545454545453,309.0
3781,2025-11-01,Growth,Europe,Manufacturing,Partner,0,30,23,85.83333333333333,0,0,0,129,29.75,19.0,85.83333333333333,0,333,29.75,19.0,333.0
3782,2026-03-05,Starter,Europe,Retail,Outbound Sales,1,62,21,59.0,1,0,0,49,56.0,19.857142857142858,59.0,1,209,56.0,19.857142857142858,209.0
3783,2026-05-10,Starter,Latin America,Education,Outbound Sales,1,85,34,62.6,0,0,0,49,87.2,32.0,62.6,0,143,87.2,32.0,143.0
3784,2026-03-10,Starter,Europe,SaaS,Partner,0,24,26,61.0,1,0,0,49,22.714285714285715,29.428571428571427,61.0,1,204,22.714285714285715,29.428571428571427,204.0
3785,2025-10-17,Starter,Europe,SaaS,Outbound Sales,0,63,7,31.666666666666668,2,0,0,49,61.916666666666664,6.5,31.666666666666668,2,348,61.916666666666664,6.5,348.0
3786,2026-06-01,Enterprise,Asia Pacific,Manufacturing,Organic,1,20,16,48.4,2,0,0,399,19.0,15.8,48.4,2,121,19.0,15.8,121.0
3787,2026-03-28,Starter,Asia Pacific,Education,Organic,1,62,32,87.14285714285714,0,0,0,49,62.714285714285715,37.0,87.14285714285714,0,186,62.714285714285715,37.0,186.0
3788,2025-09-24,Growth,Latin America,Healthcare,Organic,1,34,11,64.15384615384616,2,0,0,129,34.38461538461539,12.384615384615385,64.15384615384616,2,371,34.38461538461539,12.384615384615385,371.0
3789,2025-12-01,Growth,Latin America,SaaS,Outbound Sales,1,22,10,49.18181818181818,1,0,0,129,19.363636363636363,9.090909090909092,49.18181818181818,1,303,19.363636363636363,9.090909090909092,303.0
3790,2025-08-02,Enterprise,Latin America,Education,Paid Search,1,36,17,67.8,0,0,0,399,35.13333333333333,16.2,67.8,0,424,35.13333333333333,16.2,424.0
3791,2025-05-02,Starter,Europe,SaaS,Paid Search,1,63,13,55.5,1,0,0,49,63.166666666666664,12.11111111111111,55.5,1,516,63.166666666666664,12.11111111111111,516.0
3792,2024-11-25,Growth,Europe,SaaS,Partner,0,34,13,27.82608695652174,2,0,0,129,31.82608695652174,12.695652173913043,27.82608695652174,2,674,31.82608695652174,12.695652173913043,674.0
3793,2025-09-21,Starter,Asia Pacific,Retail,Partner,1,44,23,49.07692307692308,2,0,0,49,46.38461538461539,22.23076923076923,49.07692307692308,2,374,46.38461538461539,22.23076923076923,374.0
3794,2026-07-03,Enterprise,Asia Pacific,Education,Outbound Sales,0,51,27,63.333333333333336,0,0,0,399,56.0,24.0,63.333333333333336,0,89,56.0,24.0,89.0
3795,2025-06-11,Starter,Europe,Healthcare,Paid Search,1,39,5,63.125,1,0,0,49,37.1875,4.5625,63.125,1,476,37.1875,4.5625,476.0
3796,2024-11-29,Starter,North America,Retail,Paid Search,0,24,11,21.304347826086957,2,0,0,49,24.304347826086957,10.08695652173913,21.304347826086957,2,670,24.304347826086957,10.08695652173913,670.0
3797,2025-08-13,Starter,North America,Education,Partner,1,71,22,42.285714285714285,0,0,0,49,66.21428571428571,21.142857142857142,42.285714285714285,0,413,66.21428571428571,21.142857142857142,413.0
3798,2024-12-28,Starter,Latin America,Finance,Outbound Sales,1,66,9,83.36363636363636,1,0,0,49,68.0,8.045454545454545,83.36363636363636,1,641,68.0,8.045454545454545,641.0
3799,2026-02-25,Enterprise,Asia Pacific,Healthcare,Partner,0,64,21,47.0,0,0,0,399,66.0,20.375,47.0,0,217,66.0,20.375,217.0
3800,2026-04-25,Starter,Asia Pacific,Finance,Partner,1,30,15,58.5,0,0,0,49,28.833333333333332,13.166666666666666,58.5,0,158,28.833333333333332,13.166666666666666,158.0
3801,2025-10-31,Starter,Asia Pacific,Healthcare,Partner,0,45,35,53.583333333333336,2,0,0,49,45.583333333333336,33.25,53.583333333333336,2,334,45.583333333333336,33.25,334.0
3802,2026-06-20,Starter,Latin America,Retail,Partner,0,56,30,48.75,1,0,0,49,53.0,29.25,48.75,1,102,53.0,29.25,102.0
3803,2025-06-25,Enterprise,Asia Pacific,Retail,Outbound Sales,0,23,28,62.4375,0,0,0,399,21.625,29.9375,62.4375,0,462,21.625,29.9375,462.0
3804,2025-04-11,Starter,Asia Pacific,Manufacturing,Partner,1,51,29,62.05555555555556,5,0,0,49,53.111111111111114,27.77777777777778,62.05555555555556,5,537,53.111111111111114,27.77777777777778,537.0
3805,2025-02-09,Growth,Asia Pacific,Education,Partner,1,24,5,65.75,2,0,0,129,23.1,4.05,65.75,2,598,23.1,4.05,598.0
3806,2025-07-10,Growth,Europe,Education,Partner,1,41,15,78.13333333333334,1,0,0,129,41.0,14.533333333333333,78.13333333333334,1,447,41.0,14.533333333333333,447.0
3807,2026-09-02,Starter,Asia Pacific,Retail,Organic,1,75,33,27.0,2,0,0,49,82.0,33.0,27.0,2,28,82.0,33.0,28.0
3808,2025-07-03,Growth,Europe,Retail,Outbound Sales,1,46,19,57.4375,3,0,0,129,48.375,18.5,57.4375,3,454,48.375,18.5,454.0
3809,2025-07-29,Enterprise,North America,Finance,Partner,1,30,19,21.733333333333334,2,0,0,399,30.266666666666666,18.866666666666667,21.733333333333334,2,428,30.266666666666666,18.866666666666667,428.0
3810,2026-04-29,Enterprise,North America,Finance,Partner,1,0,21,57.0,0,0,0,399,0.0,18.0,57.0,0,154,0.0,18.0,154.0
3811,2024-12-26,Growth,Asia Pacific,SaaS,Partner,1,37,15,75.63636363636364,0,0,0,129,37.81818181818182,14.954545454545455,75.63636363636364,0,643,37.81818181818182,14.954545454545455,643.0
3812,2025-06-11,Starter,Asia Pacific,Healthcare,Partner,1,37,16,86.75,3,0,0,49,38.125,14.625,86.75,3,476,38.125,14.625,476.0
3813,2026-06-11,Growth,Latin America,Healthcare,Partner,1,1,25,49.25,0,0,0,129,0.75,24.25,49.25,0,111,0.75,24.25,111.0
3814,2025-12-01,Starter,Latin America,Manufacturing,Referral,1,33,29,72.81818181818181,0,0,0,49,31.545454545454547,29.90909090909091,72.81818181818181,0,303,31.545454545454547,29.90909090909091,303.0
3815,2025-10-28,Enterprise,Latin America,Education,Referral,1,49,23,18.416666666666668,1,0,0,399,52.166666666666664,23.166666666666668,18.416666666666668,1,337,52.166666666666664,23.166666666666668,337.0
3816,2025-04-25,Starter,Latin America,Healthcare,Outbound Sales,1,11,22,47.22222222222222,0,0,0,49,10.5,21.444444444444443,47.22222222222222,0,523,10.5,21.444444444444443,523.0
3817,2025-04-28,Starter,Latin America,Education,Outbound Sales,1,22,25,55.27777777777778,2,0,0,49,21.555555555555557,27.055555555555557,55.27777777777778,2,520,21.555555555555557,27.055555555555557,520.0
3818,2025-06-29,Starter,Asia Pacific,Manufacturing,Organic,0,23,37,61.3125,2,0,0,49,22.6875,36.875,61.3125,2,458,22.6875,36.875,458.0
3819,2026-06-28,Enterprise,North America,Education,Referral,1,47,20,24.5,0,0,0,399,50.0,18.5,24.5,0,94,50.0,18.5,94.0
3820,2025-09-20,Starter,North America,Finance,Organic,1,82,16,40.0,0,0,0,49,75.3076923076923,14.0,40.0,0,375,75.3076923076923,14.0,375.0
3821,2025-11-01,Growth,North America,Healthcare,Referral,1,37,13,88.91666666666667,1,0,0,129,35.333333333333336,13.333333333333334,88.91666666666667,1,333,35.333333333333336,13.333333333333334,333.0
3822,2026-06-27,Enterprise,Asia Pacific,Healthcare,Outbound Sales,1,33,12,74.75,0,0,0,399,25.5,12.0,74.75,0,95,25.5,12.0,95.0
3823,2024-11-27,Enterprise,Europe,Healthcare,Outbound Sales,1,42,23,31.91304347826087,0,0,0,399,41.391304347826086,21.956521739130434,31.91304347826087,0,672,41.391304347826086,21.956521739130434,672.0
3824,2025-10-25,Starter,North America,Manufacturing,Partner,1,44,18,32.0,0,0,0,49,41.416666666666664,15.666666666666666,32.0,0,340,41.416666666666664,15.666666666666666,340.0
3825,2026-06-03,Starter,Asia Pacific,Finance,Partner,1,80,21,86.5,0,0,0,49,69.5,19.5,86.5,0,119,69.5,19.5,119.0
3826,2026-05-30,Starter,Europe,Retail,Partner,1,28,2,60.0,0,0,0,49,28.2,1.6,60.0,0,123,28.2,1.6,123.0
3827,2025-03-24,Starter,Europe,Healthcare,Referral,1,56,13,53.31578947368421,3,0,0,49,52.0,12.052631578947368,53.31578947368421,3,555,52.0,12.052631578947368,555.0
3828,2026-05-29,Growth,Asia Pacific,Education,Referral,1,39,15,85.8,1,0,0,129,40.6,14.2,85.8,1,124,40.6,14.2,124.0
3829,2025-05-10,Growth,Latin America,Healthcare,Partner,1,0,21,75.94117647058823,0,0,0,129,0.0,20.58823529411765,75.94117647058823,0,508,0.0,20.58823529411765,508.0
3830,2026-03-18,Starter,North America,Retail,Organic,1,61,25,86.42857142857143,1,0,0,49,69.28571428571429,26.142857142857142,86.42857142857143,1,196,69.28571428571429,26.142857142857142,196.0
3831,2026-05-08,Growth,Europe,Healthcare,Referral,1,51,12,57.6,0,0,0,129,46.8,12.6,57.6,0,145,46.8,12.6,145.0
3832,2025-09-11,Starter,Latin America,Manufacturing,Organic,1,44,14,49.69230769230769,2,0,0,49,42.69230769230769,13.76923076923077,49.69230769230769,2,384,42.69230769230769,13.76923076923077,384.0
3833,2025-04-27,Starter,Asia Pacific,SaaS,Organic,1,22,11,73.27777777777777,1,0,0,49,22.5,9.666666666666666,73.27777777777777,1,521,22.5,9.666666666666666,521.0
3834,2026-03-16,Enterprise,Asia Pacific,Retail,Outbound Sales,1,54,15,89.28571428571429,0,0,0,399,53.714285714285715,15.571428571428571,89.28571428571429,0,198,53.714285714285715,15.571428571428571,198.0
3835,2024-12-07,Starter,North America,Education,Outbound Sales,1,67,20,49.391304347826086,0,0,0,49,68.0,19.043478260869566,49.391304347826086,0,662,68.0,19.043478260869566,662.0
3836,2025-01-30,Starter,Europe,Retail,Referral,1,39,11,63.666666666666664,1,0,0,49,40.476190476190474,10.952380952380953,63.666666666666664,1,608,40.476190476190474,10.952380952380953,608.0
3837,2024-12-26,Starter,Europe,Finance,Organic,0,33,30,50.18181818181818,0,0,0,49,33.72727272727273,29.454545454545453,50.18181818181818,0,643,33.72727272727273,29.454545454545453,643.0
3838,2025-06-25,Growth,Europe,Finance,Paid Search,1,39,8,74.875,2,0,0,129,34.9375,7.625,74.875,2,462,34.9375,7.625,462.0
3839,2026-07-08,Growth,Asia Pacific,Healthcare,Partner,0,42,16,64.0,0,0,0,129,40.333333333333336,12.333333333333334,64.0,0,84,40.333333333333336,12.333333333333334,84.0
3840,2025-06-11,Starter,Asia Pacific,Manufacturing,Partner,1,76,23,82.8125,0,0,0,49,75.9375,22.875,82.8125,0,476,75.9375,22.875,476.0
3841,2024-11-19,Growth,Asia Pacific,Manufacturing,Referral,1,75,30,77.3913043478261,2,0,0,129,76.73913043478261,30.17391304347826,77.3913043478261,2,680,76.73913043478261,30.17391304347826,680.0
3842,2026-04-22,Starter,Asia Pacific,Finance,Outbound Sales,1,73,6,76.33333333333333,4,0,0,49,71.33333333333333,5.833333333333333,76.33333333333333,4,161,71.33333333333333,5.833333333333333,161.0
3843,2026-03-03,Enterprise,North America,Manufacturing,Partner,1,57,23,59.625,0,0,0,399,62.375,20.75,59.625,0,211,62.375,20.75,211.0
3844,2024-10-30,Enterprise,North America,Healthcare,Outbound Sales,1,64,16,58.291666666666664,1,0,0,399,58.583333333333336,16.458333333333332,58.291666666666664,1,700,58.583333333333336,16.458333333333332,700.0
3845,2025-10-04,Enterprise,Latin America,Finance,Paid Search,1,69,37,50.69230769230769,1,0,0,399,66.23076923076923,36.46153846153846,50.69230769230769,1,361,66.23076923076923,36.46153846153846,361.0
3846,2026-07-20,Starter,Latin America,Retail,Outbound Sales,1,45,15,100.0,3,0,0,49,38.0,16.333333333333332,100.0,3,72,38.0,16.333333333333332,72.0
3847,2025-05-24,Starter,Asia Pacific,SaaS,Referral,1,62,35,42.11764705882353,1,0,0,49,61.11764705882353,35.8235294117647,42.11764705882353,1,494,61.11764705882353,35.8235294117647,494.0
3848,2025-03-12,Starter,Asia Pacific,SaaS,Referral,1,61,3,91.3157894736842,1,0,0,49,58.36842105263158,2.9473684210526314,91.3157894736842,1,567,58.36842105263158,2.9473684210526314,567.0
3849,2025-10-13,Starter,Asia Pacific,Finance,Referral,1,51,24,29.5,0,0,0,49,48.416666666666664,25.416666666666668,29.5,0,352,48.416666666666664,25.416666666666668,352.0
3850,2025-04-29,Starter,Latin America,Education,Partner,1,32,18,74.5,3,0,0,49,31.22222222222222,17.38888888888889,74.5,3,519,31.22222222222222,17.38888888888889,519.0
3851,2025-09-26,Enterprise,Asia Pacific,Finance,Paid Search,1,33,6,67.92307692307692,2,0,0,399,28.153846153846153,6.230769230769231,67.92307692307692,2,369,28.153846153846153,6.230769230769231,369.0
3852,2024-12-29,Starter,Latin America,Healthcare,Organic,1,74,20,73.86363636363636,3,0,0,49,74.5,20.136363636363637,73.86363636363636,3,640,74.5,20.136363636363637,640.0
3853,2024-11-21,Starter,Asia Pacific,Retail,Partner,1,44,25,29.652173913043477,1,0,0,49,41.56521739130435,23.869565217391305,29.652173913043477,1,678,41.56521739130435,23.869565217391305,678.0
3854,2025-03-30,Starter,Asia Pacific,Finance,Partner,1,72,22,54.21052631578947,6,0,0,49,63.89473684210526,20.736842105263158,54.21052631578947,6,549,63.89473684210526,20.736842105263158,549.0
3855,2026-06-22,Growth,North America,SaaS,Organic,1,38,29,85.0,5,0,0,129,36.75,25.5,85.0,5,100,36.75,25.5,100.0
3856,2025-03-24,Starter,Latin America,Retail,Partner,0,25,12,61.36842105263158,0,0,0,49,23.68421052631579,12.631578947368421,61.36842105263158,0,555,23.68421052631579,12.631578947368421,555.0
3857,2025-02-20,Growth,North America,Retail,Referral,1,67,6,60.1,2,0,0,129,68.4,6.4,60.1,2,587,68.4,6.4,587.0
3858,2026-04-21,Starter,North America,Education,Referral,1,44,14,43.833333333333336,2,0,0,49,44.833333333333336,13.833333333333334,43.833333333333336,2,162,44.833333333333336,13.833333333333334,162.0
3859,2025-11-07,Starter,North America,Manufacturing,Outbound Sales,1,17,23,58.63636363636363,0,0,0,49,16.727272727272727,22.09090909090909,58.63636363636363,0,327,16.727272727272727,22.09090909090909,327.0
3860,2025-01-12,Enterprise,Europe,Healthcare,Referral,1,13,17,70.28571428571429,0,0,0,399,12.714285714285714,17.571428571428573,70.28571428571429,0,626,12.714285714285714,17.571428571428573,626.0
3861,2025-11-16,Starter,Europe,Finance,Paid Search,0,48,19,28.181818181818183,0,1,2026-07-06 00:00:00,49,45.72727272727273,19.727272727272727,28.181818181818183,0,318,45.72727272727273,19.727272727272727,232.0
3862,2026-06-22,Starter,Europe,SaaS,Partner,0,28,26,60.25,3,0,0,49,26.0,24.25,60.25,3,100,26.0,24.25,100.0
3863,2025-02-10,Starter,North America,Education,Referral,1,26,19,67.95,0,0,0,49,24.25,20.2,67.95,0,597,24.25,20.2,597.0
3864,2025-10-09,Starter,Asia Pacific,Manufacturing,Partner,1,0,11,45.25,2,0,0,49,0.0,9.666666666666666,45.25,2,356,0.0,9.666666666666666,356.0
3865,2025-09-04,Starter,Latin America,Healthcare,Partner,1,58,14,41.92857142857143,2,0,0,49,53.142857142857146,12.571428571428571,41.92857142857143,2,391,53.142857142857146,12.571428571428571,391.0
3866,2025-09-25,Enterprise,North America,Healthcare,Paid Search,0,24,8,55.23076923076923,1,0,0,399,22.76923076923077,7.538461538461538,55.23076923076923,1,370,22.76923076923077,7.538461538461538,370.0
3867,2025-03-18,Starter,Latin America,Healthcare,Paid Search,1,50,21,22.894736842105264,1,0,0,49,49.21052631578947,19.842105263157894,22.894736842105264,1,561,49.21052631578947,19.842105263157894,561.0
3868,2025-04-09,Enterprise,North America,Finance,Organic,1,37,16,60.666666666666664,2,0,0,399,37.611111111111114,16.77777777777778,60.666666666666664,2,539,37.611111111111114,16.77777777777778,539.0
3869,2026-01-20,Starter,Europe,Education,Partner,1,55,20,87.0,0,0,0,49,52.666666666666664,20.555555555555557,87.0,0,253,52.666666666666664,20.555555555555557,253.0
3870,2026-08-15,Starter,Europe,Healthcare,Paid Search,0,55,20,53.5,7,0,0,49,56.5,17.5,53.5,7,46,56.5,17.5,46.0
3871,2026-03-12,Starter,North America,SaaS,Outbound Sales,1,61,14,59.857142857142854,3,0,0,49,60.285714285714285,14.142857142857142,59.857142857142854,3,202,60.285714285714285,14.142857142857142,202.0
3872,2026-08-25,Growth,Asia Pacific,Healthcare,Organic,0,48,12,55.0,0,0,0,129,50.5,16.0,55.0,0,36,50.5,16.0,36.0
3873,2025-09-19,Growth,Europe,Retail,Partner,0,38,35,61.53846153846154,0,0,0,129,37.76923076923077,35.61538461538461,61.53846153846154,0,376,37.76923076923077,35.61538461538461,376.0
3874,2025-04-26,Starter,North America,Finance,Referral,0,25,14,70.44444444444444,1,0,0,49,23.22222222222222,14.222222222222221,70.44444444444444,1,522,23.22222222222222,14.222222222222221,522.0
3875,2026-05-28,Enterprise,Latin America,SaaS,Organic,0,53,16,64.4,1,0,0,399,52.4,17.4,64.4,1,125,52.4,17.4,125.0
3876,2026-07-20,Starter,Latin America,Finance,Organic,0,32,15,77.0,0,0,0,49,35.333333333333336,15.0,77.0,0,72,35.333333333333336,15.0,72.0
3877,2025-10-30,Starter,Europe,Education,Outbound Sales,1,31,21,83.91666666666667,2,0,0,49,26.0,17.75,83.91666666666667,2,335,26.0,17.75,335.0
3878,2025-06-15,Starter,North America,Manufacturing,Referral,0,76,22,49.5625,0,0,0,49,79.0625,21.5,49.5625,0,472,79.0625,21.5,472.0
3879,2026-09-11,Starter,Asia Pacific,SaaS,Organic,1,43,5,19.0,0,0,0,49,50.0,6.0,19.0,0,19,50.0,6.0,19.0
3880,2026-06-25,Enterprise,Asia Pacific,Finance,Referral,1,44,21,53.25,1,0,0,399,46.75,20.0,53.25,1,97,46.75,20.0,97.0
3881,2025-04-27,Growth,North America,Finance,Outbound Sales,1,33,13,48.111111111111114,0,0,0,129,34.27777777777778,11.61111111111111,48.111111111111114,0,521,34.27777777777778,11.61111111111111,521.0
3882,2025-11-21,Growth,North America,Healthcare,Referral,0,37,17,64.36363636363636,1,0,0,129,38.81818181818182,16.727272727272727,64.36363636363636,1,313,38.81818181818182,16.727272727272727,313.0
3883,2025-09-09,Enterprise,Europe,Retail,Outbound Sales,0,34,21,53.0,0,0,0,399,32.38461538461539,20.615384615384617,53.0,0,386,32.38461538461539,20.615384615384617,386.0
3884,2025-08-27,Growth,Europe,Education,Paid Search,1,76,15,60.642857142857146,2,0,0,129,72.64285714285714,13.642857142857142,60.642857142857146,2,399,72.64285714285714,13.642857142857142,399.0
3885,2025-03-09,Enterprise,Latin America,Finance,Partner,1,18,7,69.1,4,1,2025-07-07 00:00:00,399,17.7,5.9,69.1,4,570,17.7,5.9,120.0
3886,2024-10-31,Growth,Latin America,Manufacturing,Outbound Sales,1,27,43,71.70833333333333,3,0,0,129,27.0,44.0,71.70833333333333,3,699,27.0,44.0,699.0
3887,2026-06-08,Growth,Asia Pacific,Education,Outbound Sales,0,16,30,67.75,0,0,0,129,16.25,31.25,67.75,0,114,16.25,31.25,114.0
3888,2025-12-04,Growth,Latin America,Education,Referral,1,50,16,16.363636363636363,1,0,0,129,49.09090909090909,15.727272727272727,16.363636363636363,1,300,49.09090909090909,15.727272727272727,300.0
3889,2026-06-03,Starter,Europe,Healthcare,Outbound Sales,1,34,14,68.25,0,0,0,49,31.75,13.5,68.25,0,119,31.75,13.5,119.0
3890,2024-12-02,Starter,Asia Pacific,Manufacturing,Organic,1,16,16,64.56521739130434,3,0,0,49,15.391304347826088,15.91304347826087,64.56521739130434,3,667,15.391304347826088,15.91304347826087,667.0
3891,2025-05-04,Enterprise,Asia Pacific,Finance,Outbound Sales,1,44,1,43.05555555555556,2,0,0,399,44.55555555555556,0.5,43.05555555555556,2,514,44.55555555555556,0.5,514.0
3892,2026-07-08,Enterprise,Europe,Healthcare,Organic,1,38,7,57.666666666666664,1,0,0,399,41.333333333333336,4.666666666666667,57.666666666666664,1,84,41.333333333333336,4.666666666666667,84.0
3893,2025-09-20,Enterprise,Latin America,Finance,Paid Search,1,58,28,59.07692307692308,2,0,0,399,54.46153846153846,25.76923076923077,59.07692307692308,2,375,54.46153846153846,25.76923076923077,375.0
3894,2026-07-18,Growth,Latin America,Healthcare,Organic,1,28,21,53.0,4,0,0,129,29.333333333333332,20.0,53.0,4,74,29.333333333333332,20.0,74.0
3895,2025-06-13,Growth,Latin America,Retail,Referral,1,36,22,69.75,1,0,0,129,36.5625,22.875,69.75,1,474,36.5625,22.875,474.0
3896,2026-08-15,Starter,Latin America,Manufacturing,Partner,0,24,8,31.5,0,0,0,49,21.0,8.5,31.5,0,46,21.0,8.5,46.0
3897,2026-06-01,Growth,North America,Healthcare,Outbound Sales,1,29,23,50.8,0,0,0,129,25.8,21.2,50.8,0,121,25.8,21.2,121.0
3898,2025-02-13,Starter,Asia Pacific,Education,Paid Search,0,33,10,48.05,6,0,0,49,31.1,9.7,48.05,6,594,31.1,9.7,594.0
3899,2026-03-22,Starter,Latin America,Education,Paid Search,1,58,25,89.14285714285714,4,0,0,49,62.42857142857143,26.857142857142858,89.14285714285714,4,192,62.42857142857143,26.857142857142858,192.0
3900,2025-03-23,Starter,North America,Finance,Organic,1,36,12,43.421052631578945,3,0,0,49,34.526315789473685,11.210526315789474,43.421052631578945,3,556,34.526315789473685,11.210526315789474,556.0
3901,2025-10-04,Growth,Latin America,Retail,Paid Search,1,33,11,54.38461538461539,3,0,0,129,31.0,11.76923076923077,54.38461538461539,3,361,31.0,11.76923076923077,361.0
3902,2025-01-17,Starter,Latin America,Healthcare,Organic,0,34,25,88.19047619047619,2,0,0,49,33.57142857142857,24.047619047619047,88.19047619047619,2,621,33.57142857142857,24.047619047619047,621.0
3903,2025-06-30,Starter,North America,Finance,Partner,0,40,28,23.0,3,0,0,49,40.8125,27.1875,23.0,3,457,40.8125,27.1875,457.0
3904,2025-10-20,Starter,North America,Healthcare,Outbound Sales,1,37,24,71.91666666666667,1,0,0,49,38.333333333333336,23.083333333333332,71.91666666666667,1,345,38.333333333333336,23.083333333333332,345.0
3905,2025-09-22,Enterprise,Asia Pacific,SaaS,Paid Search,0,62,21,47.38461538461539,1,0,0,399,60.07692307692308,19.153846153846153,47.38461538461539,1,373,60.07692307692308,19.153846153846153,373.0
3906,2025-04-19,Growth,Asia Pacific,SaaS,Referral,1,47,12,81.27777777777777,0,0,0,129,47.611111111111114,12.61111111111111,81.27777777777777,0,529,47.611111111111114,12.61111111111111,529.0
3907,2026-08-12,Starter,Europe,Finance,Organic,1,21,19,62.5,0,0,0,49,18.5,18.0,62.5,0,49,18.5,18.0,49.0
3908,2025-01-28,Starter,Asia Pacific,Finance,Organic,1,46,35,36.57142857142857,1,0,0,49,45.80952380952381,32.57142857142857,36.57142857142857,1,610,45.80952380952381,32.57142857142857,610.0
3909,2026-09-16,Starter,Europe,SaaS,Paid Search,1,22,20,58.0,0,0,0,49,17.0,27.0,58.0,0,14,17.0,27.0,14.0
3910,2026-08-15,Growth,Europe,Retail,Partner,1,53,10,47.0,3,0,0,129,63.0,9.0,47.0,3,46,63.0,9.0,46.0
3911,2025-10-08,Growth,Europe,Manufacturing,Partner,1,54,24,46.916666666666664,0,0,0,129,51.833333333333336,21.5,46.916666666666664,0,357,51.833333333333336,21.5,357.0
3912,2026-01-30,Enterprise,Latin America,Education,Organic,1,63,10,59.55555555555556,0,0,0,399,63.666666666666664,9.11111111111111,59.55555555555556,0,243,63.666666666666664,9.11111111111111,243.0
3913,2024-11-10,Starter,North America,Retail,Paid Search,1,29,40,40.30434782608695,0,0,0,49,26.869565217391305,40.608695652173914,40.30434782608695,0,689,26.869565217391305,40.608695652173914,689.0
3914,2025-07-28,Enterprise,North America,Finance,Partner,1,9,12,49.333333333333336,3,0,0,399,8.2,10.4,49.333333333333336,3,429,8.2,10.4,429.0
3915,2025-06-01,Growth,North America,Finance,Partner,1,52,10,62.76470588235294,0,0,0,129,49.35294117647059,10.411764705882353,62.76470588235294,0,486,49.35294117647059,10.411764705882353,486.0
3916,2025-07-12,Growth,Latin America,Retail,Paid Search,1,65,17,53.6,4,0,0,129,64.13333333333334,18.466666666666665,53.6,4,445,64.13333333333334,18.466666666666665,445.0
3917,2025-01-07,Starter,Latin America,Education,Organic,1,58,16,60.72727272727273,1,0,0,49,58.22727272727273,17.0,60.72727272727273,1,631,58.22727272727273,17.0,631.0
3918,2025-10-23,Enterprise,Latin America,SaaS,Partner,0,37,23,61.333333333333336,1,0,0,399,36.333333333333336,26.916666666666668,61.333333333333336,1,342,36.333333333333336,26.916666666666668,342.0
3919,2025-07-19,Starter,Latin America,Finance,Paid Search,1,80,0,62.46666666666667,9,0,0,49,77.4,0.0,62.46666666666667,9,438,77.4,0.0,438.0
3920,2025-02-17,Growth,Latin America,Healthcare,Referral,1,34,30,21.05,1,0,0,129,34.55,28.95,21.05,1,590,34.55,28.95,590.0
3921,2024-10-31,Growth,Asia Pacific,Retail,Organic,1,23,8,60.125,4,0,0,129,23.875,6.958333333333333,60.125,4,699,23.875,6.958333333333333,699.0
3922,2024-12-18,Growth,Asia Pacific,Manufacturing,Outbound Sales,1,64,20,83.9090909090909,2,0,0,129,59.81818181818182,20.863636363636363,83.9090909090909,2,651,59.81818181818182,20.863636363636363,651.0
3923,2025-11-29,Enterprise,Latin America,Healthcare,Paid Search,1,25,5,20.272727272727273,0,0,0,399,23.272727272727273,4.363636363636363,20.272727272727273,0,305,23.272727272727273,4.363636363636363,305.0
3924,2026-01-21,Growth,Europe,Retail,Organic,1,28,26,66.44444444444444,4,0,0,129,28.77777777777778,27.11111111111111,66.44444444444444,4,252,28.77777777777778,27.11111111111111,252.0
3925,2026-01-02,Enterprise,North America,Education,Paid Search,1,53,21,50.9,0,0,0,399,53.7,22.6,50.9,0,271,53.7,22.6,271.0
3926,2025-04-18,Starter,Europe,SaaS,Organic,1,50,4,68.16666666666667,0,0,0,49,50.05555555555556,3.7222222222222223,68.16666666666667,0,530,50.05555555555556,3.7222222222222223,530.0
3927,2025-12-27,Enterprise,Europe,Retail,Referral,1,45,8,67.4,1,0,0,399,46.7,7.1,67.4,1,277,46.7,7.1,277.0
3928,2026-03-18,Starter,Asia Pacific,Finance,Organic,1,57,14,63.42857142857143,6,0,0,49,58.0,13.0,63.42857142857143,6,196,58.0,13.0,196.0
3929,2025-11-21,Enterprise,Europe,Education,Referral,1,45,28,82.27272727272727,1,0,0,399,45.18181818181818,28.636363636363637,82.27272727272727,1,313,45.18181818181818,28.636363636363637,313.0
3930,2025-10-24,Growth,Europe,Education,Organic,0,49,24,42.75,0,0,0,129,46.25,22.333333333333332,42.75,0,341,46.25,22.333333333333332,341.0
3931,2026-05-12,Starter,Asia Pacific,Finance,Organic,1,12,32,17.2,0,0,0,49,12.2,32.6,17.2,0,141,12.2,32.6,141.0
3932,2025-11-18,Growth,North America,Healthcare,Outbound Sales,1,71,19,76.81818181818181,0,0,0,129,70.18181818181819,18.454545454545453,76.81818181818181,0,316,70.18181818181819,18.454545454545453,316.0
3933,2025-02-10,Growth,Asia Pacific,SaaS,Partner,0,68,32,70.0,0,1,2026-05-10 00:00:00,129,62.65,30.25,70.0,0,597,62.65,30.25,454.0
3934,2026-03-04,Growth,Latin America,Finance,Paid Search,0,60,12,46.875,0,0,0,129,54.625,10.875,46.875,0,210,54.625,10.875,210.0
3935,2026-06-13,Starter,Asia Pacific,Retail,Partner,0,46,11,35.25,0,0,0,49,55.5,11.75,35.25,0,109,55.5,11.75,109.0
3936,2026-08-27,Starter,Asia Pacific,Healthcare,Outbound Sales,1,52,20,75.5,0,0,0,49,49.5,22.5,75.5,0,34,49.5,22.5,34.0
3937,2025-06-17,Starter,Europe,Healthcare,Partner,0,48,33,48.25,5,0,0,49,49.0,29.1875,48.25,5,470,49.0,29.1875,470.0
3938,2025-04-14,Starter,Europe,Manufacturing,Partner,1,22,38,75.5,0,0,0,49,22.166666666666668,40.55555555555556,75.5,0,534,22.166666666666668,40.55555555555556,534.0
3939,2026-02-04,Growth,Asia Pacific,Retail,Partner,1,33,29,94.25,0,0,0,129,33.5,28.25,94.25,0,238,33.5,28.25,238.0
3940,2025-01-13,Starter,Latin America,Manufacturing,Partner,1,44,29,57.04761904761905,0,0,0,49,45.476190476190474,30.904761904761905,57.04761904761905,0,625,45.476190476190474,30.904761904761905,625.0
3941,2024-12-03,Growth,Asia Pacific,Retail,Paid Search,0,30,39,60.130434782608695,0,0,0,129,29.434782608695652,36.30434782608695,60.130434782608695,0,666,29.434782608695652,36.30434782608695,666.0
3942,2025-08-27,Starter,Europe,Healthcare,Referral,1,43,8,71.35714285714286,0,0,0,49,45.57142857142857,7.142857142857143,71.35714285714286,0,399,45.57142857142857,7.142857142857143,399.0
3943,2024-11-19,Starter,Europe,Manufacturing,Partner,1,70,15,49.52173913043478,0,0,0,49,69.0,13.608695652173912,49.52173913043478,0,680,69.0,13.608695652173912,680.0
3944,2025-09-21,Starter,North America,Education,Partner,0,55,29,52.53846153846154,2,0,0,49,58.30769230769231,27.76923076923077,52.53846153846154,2,374,58.30769230769231,27.76923076923077,374.0
3945,2025-07-24,Growth,Europe,Manufacturing,Partner,1,57,5,48.266666666666666,0,0,0,129,56.266666666666666,4.333333333333333,48.266666666666666,0,433,56.266666666666666,4.333333333333333,433.0
3946,2025-02-14,Starter,Asia Pacific,Education,Partner,1,58,30,73.5,0,0,0,49,59.25,31.3,73.5,0,593,59.25,31.3,593.0
3947,2025-01-13,Starter,Latin America,Healthcare,Outbound Sales,0,21,28,78.33333333333333,2,0,0,49,20.61904761904762,29.285714285714285,78.33333333333333,2,625,20.61904761904762,29.285714285714285,625.0
3948,2025-10-15,Starter,Asia Pacific,Education,Organic,0,38,13,35.75,1,1,2026-02-09 00:00:00,49,39.166666666666664,11.75,35.75,1,350,39.166666666666664,11.75,117.0
3949,2025-11-18,Enterprise,North America,Finance,Outbound Sales,1,40,19,55.27272727272727,2,0,0,399,41.27272727272727,19.363636363636363,55.27272727272727,2,316,41.27272727272727,19.363636363636363,316.0
3950,2025-04-12,Starter,Asia Pacific,SaaS,Partner,0,21,9,45.611111111111114,1,0,0,49,21.22222222222222,8.38888888888889,45.611111111111114,1,536,21.22222222222222,8.38888888888889,536.0
3951,2025-01-14,Enterprise,Latin America,Retail,Outbound Sales,1,60,22,73.47619047619048,4,0,0,399,62.095238095238095,21.761904761904763,73.47619047619048,4,624,62.095238095238095,21.761904761904763,624.0
3952,2026-05-13,Starter,North America,Healthcare,Referral,1,21,17,48.4,0,0,0,49,21.2,13.0,48.4,0,140,21.2,13.0,140.0
3953,2025-02-02,Growth,Europe,SaaS,Outbound Sales,1,67,26,35.42857142857143,0,0,0,129,66.76190476190476,28.428571428571427,35.42857142857143,0,605,66.76190476190476,28.428571428571427,605.0
3954,2025-10-11,Growth,North America,Retail,Organic,0,66,16,77.75,4,1,2026-09-10 00:00:00,129,66.58333333333333,14.75,77.75,4,354,66.58333333333333,14.75,334.0
3955,2026-07-20,Growth,Europe,Healthcare,Referral,1,105,11,59.666666666666664,0,0,0,129,101.0,10.0,59.666666666666664,0,72,101.0,10.0,72.0
3956,2026-03-08,Starter,North America,Finance,Paid Search,1,81,30,61.0,0,0,0,49,86.28571428571429,27.428571428571427,61.0,0,206,86.28571428571429,27.428571428571427,206.0
3957,2024-11-30,Growth,Asia Pacific,SaaS,Paid Search,1,30,21,44.869565217391305,1,0,0,129,31.26086956521739,21.82608695652174,44.869565217391305,1,669,31.26086956521739,21.82608695652174,669.0
3958,2026-01-14,Starter,Latin America,Healthcare,Organic,1,42,6,54.111111111111114,3,0,0,49,40.333333333333336,5.777777777777778,54.111111111111114,3,259,40.333333333333336,5.777777777777778,259.0
3959,2026-08-30,Starter,Asia Pacific,SaaS,Organic,0,45,24,89.0,0,0,0,49,31.5,18.5,89.0,0,31,31.5,18.5,31.0
3960,2025-04-16,Growth,Europe,SaaS,Organic,1,15,25,46.333333333333336,2,0,0,129,14.166666666666666,23.61111111111111,46.333333333333336,2,532,14.166666666666666,23.61111111111111,532.0
3961,2026-07-13,Starter,North America,Healthcare,Paid Search,1,33,26,66.66666666666667,1,0,0,49,34.0,26.333333333333332,66.66666666666667,1,79,34.0,26.333333333333332,79.0
3962,2026-01-17,Starter,Asia Pacific,Finance,Organic,1,30,18,45.44444444444444,0,0,0,49,31.555555555555557,19.22222222222222,45.44444444444444,0,256,31.555555555555557,19.22222222222222,256.0
3963,2025-04-08,Starter,Europe,SaaS,Paid Search,1,56,18,95.42105263157895,2,0,0,49,52.94736842105263,16.57894736842105,95.42105263157895,2,540,52.94736842105263,16.57894736842105,540.0
3964,2024-12-23,Growth,Asia Pacific,Education,Organic,1,22,21,48.59090909090909,0,0,0,129,21.545454545454547,20.545454545454547,48.59090909090909,0,646,21.545454545454547,20.545454545454547,646.0
3965,2025-02-10,Starter,North America,Retail,Referral,1,49,26,56.25,1,1,2025-08-28 00:00:00,49,52.45,23.85,56.25,1,597,52.45,23.85,199.0
3966,2025-05-28,Starter,North America,SaaS,Organic,0,77,7,74.70588235294117,0,0,0,49,71.94117647058823,6.235294117647059,74.70588235294117,0,490,71.94117647058823,6.235294117647059,490.0
3967,2025-05-12,Growth,Latin America,Education,Outbound Sales,1,57,2,82.0,0,0,0,129,56.588235294117645,1.5294117647058822,82.0,0,506,56.588235294117645,1.5294117647058822,506.0
3968,2025-12-23,Starter,Europe,Retail,Outbound Sales,1,54,19,65.9,0,0,0,49,49.9,17.5,65.9,0,281,49.9,17.5,281.0
3969,2026-05-20,Growth,Asia Pacific,Healthcare,Partner,0,32,24,74.0,0,0,0,129,35.4,22.2,74.0,0,133,35.4,22.2,133.0
3970,2026-05-06,Growth,Europe,Retail,Outbound Sales,1,25,23,75.8,1,0,0,129,24.2,22.6,75.8,1,147,24.2,22.6,147.0
3971,2025-07-28,Growth,Latin America,Finance,Paid Search,1,85,25,79.93333333333334,0,0,0,129,80.06666666666666,28.133333333333333,79.93333333333334,0,429,80.06666666666666,28.133333333333333,429.0
3972,2026-09-06,Growth,Latin America,Healthcare,Paid Search,1,38,10,43.0,1,0,0,129,45.0,11.0,43.0,1,24,45.0,11.0,24.0
3973,2025-08-14,Starter,Latin America,Education,Organic,1,29,28,77.21428571428571,1,0,0,49,28.357142857142858,26.357142857142858,77.21428571428571,1,412,28.357142857142858,26.357142857142858,412.0
3974,2025-08-30,Starter,North America,Manufacturing,Referral,0,52,20,32.0,0,0,0,49,49.0,18.285714285714285,32.0,0,396,49.0,18.285714285714285,396.0
3975,2025-06-30,Starter,Europe,Education,Referral,1,75,7,60.375,0,0,0,49,68.0,6.1875,60.375,0,457,68.0,6.1875,457.0
3976,2025-02-05,Starter,North America,Healthcare,Outbound Sales,0,47,14,82.47619047619048,0,0,0,49,45.095238095238095,13.142857142857142,82.47619047619048,0,602,45.095238095238095,13.142857142857142,602.0
3977,2024-12-19,Growth,Europe,Retail,Outbound Sales,1,41,12,38.18181818181818,0,0,0,129,39.0,11.318181818181818,38.18181818181818,0,650,39.0,11.318181818181818,650.0
3978,2025-12-06,Growth,Europe,Retail,Partner,1,54,3,52.0,1,0,0,129,51.6,2.4,52.0,1,298,51.6,2.4,298.0
3979,2026-06-07,Enterprise,North America,Education,Paid Search,1,47,23,40.75,0,0,0,399,45.5,24.5,40.75,0,115,45.5,24.5,115.0
3980,2026-05-15,Starter,Asia Pacific,Education,Referral,1,36,9,51.0,0,0,0,49,32.8,8.8,51.0,0,138,32.8,8.8,138.0
3981,2026-03-16,Growth,North America,Education,Referral,1,40,8,90.71428571428571,1,0,0,129,37.285714285714285,8.571428571428571,90.71428571428571,1,198,37.285714285714285,8.571428571428571,198.0
3982,2025-04-05,Starter,Latin America,Retail,Outbound Sales,0,64,16,56.36842105263158,1,0,0,49,58.89473684210526,14.263157894736842,56.36842105263158,1,543,58.89473684210526,14.263157894736842,543.0
3983,2024-12-24,Growth,Europe,Finance,Referral,1,52,19,45.31818181818182,1,0,0,129,50.5,17.59090909090909,45.31818181818182,1,645,50.5,17.59090909090909,645.0
3984,2025-11-03,Starter,North America,Finance,Referral,1,38,29,23.916666666666668,2,0,0,49,37.666666666666664,29.25,23.916666666666668,2,331,37.666666666666664,29.25,331.0
3985,2024-11-02,Starter,North America,Retail,Referral,1,17,12,41.083333333333336,1,0,0,49,16.291666666666668,12.0,41.083333333333336,1,697,16.291666666666668,12.0,697.0
3986,2026-01-10,Starter,Asia Pacific,Retail,Paid Search,1,43,14,61.0,2,0,0,49,37.0,14.555555555555555,61.0,2,263,37.0,14.555555555555555,263.0
3987,2025-01-27,Growth,Asia Pacific,Healthcare,Organic,1,37,15,68.71428571428571,0,0,0,129,39.76190476190476,13.619047619047619,68.71428571428571,0,611,39.76190476190476,13.619047619047619,611.0
3988,2025-08-27,Starter,North America,Education,Partner,0,32,14,70.64285714285714,0,0,0,49,29.857142857142858,13.571428571428571,70.64285714285714,0,399,29.857142857142858,13.571428571428571,399.0
3989,2026-09-07,Enterprise,Asia Pacific,Education,Outbound Sales,1,6,21,100.0,3,0,0,399,4.0,12.0,100.0,3,23,4.0,12.0,23.0
3990,2026-08-01,Growth,Asia Pacific,SaaS,Referral,1,59,6,39.333333333333336,0,0,0,129,64.33333333333333,5.666666666666667,39.333333333333336,0,60,64.33333333333333,5.666666666666667,60.0
3991,2026-07-06,Growth,Latin America,Education,Outbound Sales,1,55,15,44.666666666666664,0,0,0,129,56.333333333333336,13.666666666666666,44.666666666666664,0,86,56.333333333333336,13.666666666666666,86.0
3992,2026-03-05,Growth,Latin America,Healthcare,Partner,1,68,9,88.71428571428571,0,0,0,129,68.85714285714286,8.857142857142858,88.71428571428571,0,209,68.85714285714286,8.857142857142858,209.0
3993,2025-05-22,Growth,North America,Finance,Organic,0,45,17,76.76470588235294,0,0,0,129,44.94117647058823,17.0,76.76470588235294,0,496,44.94117647058823,17.0,496.0
3994,2025-02-06,Growth,Europe,SaaS,Outbound Sales,1,53,19,37.76190476190476,1,0,0,129,54.23809523809524,18.333333333333332,37.76190476190476,1,601,54.23809523809524,18.333333333333332,601.0
3995,2024-11-25,Enterprise,Latin America,Manufacturing,Paid Search,1,21,36,69.82608695652173,6,0,0,399,20.130434782608695,33.69565217391305,69.82608695652173,6,674,20.130434782608695,33.69565217391305,674.0
3996,2025-05-29,Starter,Asia Pacific,Retail,Outbound Sales,0,85,9,69.17647058823529,0,0,0,49,84.70588235294117,9.588235294117647,69.17647058823529,0,489,84.70588235294117,9.588235294117647,489.0
3997,2025-04-22,Growth,Latin America,Manufacturing,Referral,1,47,33,52.72222222222222,0,0,0,129,41.77777777777778,35.27777777777778,52.72222222222222,0,526,41.77777777777778,35.27777777777778,526.0
3998,2026-08-14,Starter,Europe,Manufacturing,Partner,0,31,0,42.5,0,0,0,49,27.5,0.0,42.5,0,47,27.5,0.0,47.0
3999,2025-08-24,Growth,Latin America,Healthcare,Partner,1,59,0,33.857142857142854,4,0,0,129,64.78571428571429,0.0,33.857142857142854,4,402,64.78571428571429,0.0,402.0
4000,2025-01-21,Starter,North America,Finance,Organic,1,33,15,57.80952380952381,1,0,0,49,31.476190476190474,15.523809523809524,57.80952380952381,1,617,31.476190476190474,15.523809523809524,617.0
4001,2026-02-26,Growth,Asia Pacific,Education,Referral,1,49,19,50.25,3,0,0,129,46.5,16.625,50.25,3,216,46.5,16.625,216.0
4002,2025-02-25,Starter,Asia Pacific,Healthcare,Paid Search,1,16,9,71.1,2,1,2025-08-31 00:00:00,49,15.1,8.85,71.1,2,582,15.1,8.85,187.0
4003,2025-12-11,Starter,North America,Manufacturing,Paid Search,1,41,29,27.1,4,0,0,49,44.3,31.5,27.1,4,293,44.3,31.5,293.0
4004,2026-02-24,Growth,North America,Manufacturing,Organic,1,33,22,67.875,0,1,2026-07-29 00:00:00,129,31.625,21.625,67.875,0,218,31.625,21.625,155.0
4005,2026-09-06,Starter,Latin America,Manufacturing,Partner,1,19,14,50.0,1,1,2026-09-30 00:00:00,49,14.0,13.0,50.0,1,24,14.0,13.0,24.0
4006,2025-07-28,Starter,North America,Manufacturing,Outbound Sales,1,47,33,45.333333333333336,1,0,0,49,46.333333333333336,31.266666666666666,45.333333333333336,1,429,46.333333333333336,31.266666666666666,429.0
4007,2025-01-31,Enterprise,North America,Healthcare,Organic,1,20,22,75.9047619047619,1,0,0,399,20.666666666666668,19.952380952380953,75.9047619047619,1,607,20.666666666666668,19.952380952380953,607.0
4008,2026-08-18,Starter,Europe,Retail,Outbound Sales,0,100,33,42.5,1,0,0,49,103.0,33.5,42.5,1,43,103.0,33.5,43.0
4009,2026-05-10,Starter,Asia Pacific,Manufacturing,Outbound Sales,1,28,15,94.2,1,0,0,49,31.0,14.8,94.2,1,143,31.0,14.8,143.0
4010,2025-11-30,Starter,Europe,Healthcare,Referral,1,42,18,38.63636363636363,0,0,0,49,45.09090909090909,15.818181818181818,38.63636363636363,0,304,45.09090909090909,15.818181818181818,304.0
4011,2025-05-07,Starter,Latin America,Manufacturing,Partner,1,63,19,56.22222222222222,0,0,0,49,62.888888888888886,19.27777777777778,56.22222222222222,0,511,62.888888888888886,19.27777777777778,511.0
4012,2025-11-13,Starter,Latin America,Finance,Organic,1,55,18,66.0,2,0,0,49,51.63636363636363,18.818181818181817,66.0,2,321,51.63636363636363,18.818181818181817,321.0
4013,2025-11-24,Growth,Latin America,Finance,Organic,1,52,26,65.27272727272727,0,0,0,129,45.09090909090909,28.272727272727273,65.27272727272727,0,310,45.09090909090909,28.272727272727273,310.0
4014,2025-11-12,Starter,Asia Pacific,Manufacturing,Organic,0,16,16,67.0,1,0,0,49,15.909090909090908,14.454545454545455,67.0,1,322,15.909090909090908,14.454545454545455,322.0
4015,2025-05-09,Growth,North America,Finance,Organic,1,35,19,47.294117647058826,0,0,0,129,35.64705882352941,20.176470588235293,47.294117647058826,0,509,35.64705882352941,20.176470588235293,509.0
4016,2026-01-29,Enterprise,North America,Finance,Paid Search,1,83,32,43.0,2,0,0,399,83.33333333333333,32.888888888888886,43.0,2,244,83.33333333333333,32.888888888888886,244.0
4017,2024-12-14,Starter,Latin America,SaaS,Referral,0,48,11,24.863636363636363,4,0,0,49,48.40909090909091,10.590909090909092,24.863636363636363,4,655,48.40909090909091,10.590909090909092,655.0
4018,2025-07-26,Growth,Latin America,Finance,Referral,1,23,16,37.46666666666667,0,1,2026-04-07 00:00:00,129,23.6,17.466666666666665,37.46666666666667,0,431,23.6,17.466666666666665,255.0
4019,2026-02-18,Starter,Latin America,Education,Organic,0,65,12,27.375,0,0,0,49,64.0,13.25,27.375,0,224,64.0,13.25,224.0
4020,2025-07-26,Growth,Europe,Retail,Referral,1,72,22,61.46666666666667,2,0,0,129,74.06666666666666,20.733333333333334,61.46666666666667,2,431,74.06666666666666,20.733333333333334,431.0
4021,2025-06-18,Starter,Asia Pacific,Retail,Outbound Sales,0,42,14,47.6875,0,0,0,49,41.9375,13.9375,47.6875,0,469,41.9375,13.9375,469.0
4022,2025-08-01,Starter,Europe,Retail,Organic,1,14,34,53.13333333333333,1,0,0,49,13.866666666666667,34.53333333333333,53.13333333333333,1,425,13.866666666666667,34.53333333333333,425.0
4023,2026-05-30,Growth,Latin America,SaaS,Paid Search,1,16,20,48.0,1,0,0,129,16.2,22.4,48.0,1,123,16.2,22.4,123.0
4024,2025-01-01,Starter,Europe,Finance,Partner,1,56,10,39.68181818181818,0,0,0,49,53.77272727272727,9.863636363636363,39.68181818181818,0,637,53.77272727272727,9.863636363636363,637.0
4025,2025-04-02,Growth,Asia Pacific,Retail,Partner,0,58,18,0.5263157894736842,1,0,0,129,60.63157894736842,16.05263157894737,0.5263157894736842,1,546,60.63157894736842,16.05263157894737,546.0
4026,2026-09-13,Starter,Europe,Healthcare,Partner,1,38,20,50.0,3,0,0,49,49.0,14.0,50.0,3,17,49.0,14.0,17.0
4027,2025-02-06,Starter,Europe,Education,Outbound Sales,1,0,15,57.666666666666664,0,0,0,49,0.0,14.285714285714286,57.666666666666664,0,601,0.0,14.285714285714286,601.0
4028,2025-01-25,Starter,Latin America,Manufacturing,Partner,1,41,13,46.76190476190476,3,0,0,49,41.38095238095238,12.0,46.76190476190476,3,613,41.38095238095238,12.0,613.0
4029,2026-09-14,Enterprise,Asia Pacific,SaaS,Organic,1,51,12,87.0,3,0,0,399,56.0,9.0,87.0,3,16,56.0,9.0,16.0
4030,2025-10-17,Growth,Asia Pacific,Retail,Organic,1,73,23,77.08333333333333,0,0,0,129,66.91666666666667,22.5,77.08333333333333,0,348,66.91666666666667,22.5,348.0
4031,2026-05-07,Starter,North America,Education,Partner,1,44,20,36.4,5,0,0,49,49.2,20.0,36.4,5,146,49.2,20.0,146.0
4032,2025-12-27,Growth,Europe,Retail,Partner,1,41,27,79.0,0,0,0,129,36.6,25.8,79.0,0,277,36.6,25.8,277.0
4033,2026-06-25,Starter,Europe,Manufacturing,Referral,1,20,23,65.5,1,0,0,49,20.5,20.25,65.5,1,97,20.5,20.25,97.0
4034,2025-06-19,Starter,North America,Education,Partner,1,84,26,62.9375,0,0,0,49,79.9375,23.9375,62.9375,0,468,79.9375,23.9375,468.0
4035,2026-05-19,Growth,Latin America,SaaS,Paid Search,0,55,31,84.4,0,0,0,129,51.4,34.6,84.4,0,134,51.4,34.6,134.0
4036,2024-12-31,Starter,Asia Pacific,Healthcare,Paid Search,1,62,14,53.36363636363637,1,0,0,49,68.5,13.5,53.36363636363637,1,638,68.5,13.5,638.0
4037,2025-11-30,Growth,Asia Pacific,Education,Referral,0,26,20,45.45454545454545,8,0,0,129,27.09090909090909,19.454545454545453,45.45454545454545,8,304,27.09090909090909,19.454545454545453,304.0
4038,2026-04-18,Growth,Europe,SaaS,Partner,1,49,21,83.5,0,0,0,129,47.5,20.833333333333332,83.5,0,165,47.5,20.833333333333332,165.0
4039,2026-01-01,Growth,Asia Pacific,Education,Referral,1,0,17,84.7,2,0,0,129,0.0,17.5,84.7,2,272,0.0,17.5,272.0
4040,2026-05-01,Starter,North America,Education,Paid Search,1,29,32,45.5,1,0,0,49,30.166666666666668,32.333333333333336,45.5,1,152,30.166666666666668,32.333333333333336,152.0
4041,2026-02-28,Growth,Europe,Retail,Referral,0,60,18,51.0,0,0,0,129,61.625,16.375,51.0,0,214,61.625,16.375,214.0
4042,2026-06-08,Starter,Latin America,Retail,Outbound Sales,1,82,27,39.5,0,0,0,49,78.25,27.25,39.5,0,114,78.25,27.25,114.0
4043,2025-06-28,Growth,North America,Manufacturing,Organic,1,52,14,42.0,2,0,0,129,52.375,13.4375,42.0,2,459,52.375,13.4375,459.0
4044,2026-03-01,Starter,Latin America,Education,Outbound Sales,1,46,29,79.875,0,0,0,49,44.75,25.0,79.875,0,213,44.75,25.0,213.0
4045,2025-09-01,Starter,Europe,SaaS,Outbound Sales,0,28,24,19.785714285714285,0,0,0,49,26.785714285714285,22.0,19.785714285714285,0,394,26.785714285714285,22.0,394.0
4046,2025-01-18,Growth,Asia Pacific,Manufacturing,Outbound Sales,1,64,24,44.38095238095238,0,0,0,129,60.04761904761905,26.0,44.38095238095238,0,620,60.04761904761905,26.0,620.0
4047,2025-12-08,Growth,Europe,SaaS,Paid Search,0,40,10,87.1,1,1,2026-01-24 00:00:00,129,36.8,9.8,87.1,1,296,36.8,9.8,47.0
4048,2026-03-28,Starter,North America,Healthcare,Outbound Sales,0,69,23,56.857142857142854,0,0,0,49,70.57142857142857,23.857142857142858,56.857142857142854,0,186,70.57142857142857,23.857142857142858,186.0
4049,2026-06-06,Growth,Latin America,Finance,Paid Search,1,18,21,77.25,5,0,0,129,18.25,20.25,77.25,5,116,18.25,20.25,116.0
4050,2026-04-12,Enterprise,Latin America,Finance,Paid Search,1,15,16,77.66666666666667,5,0,0,399,13.833333333333334,14.333333333333334,77.66666666666667,5,171,13.833333333333334,14.333333333333334,171.0
4051,2026-06-07,Starter,North America,SaaS,Outbound Sales,1,63,13,82.25,3,0,0,49,51.25,12.0,82.25,3,115,51.25,12.0,115.0
4052,2026-09-23,Starter,Latin America,SaaS,Outbound Sales,1,36,28,41.0,0,0,0,49,26.0,25.0,41.0,0,7,26.0,25.0,7.0
4053,2026-07-27,Growth,Europe,Healthcare,Outbound Sales,0,25,7,17.0,1,0,0,129,24.0,6.666666666666667,17.0,1,65,24.0,6.666666666666667,65.0
4054,2025-03-29,Enterprise,Asia Pacific,Manufacturing,Outbound Sales,1,10,2,79.0,1,0,0,399,9.578947368421053,1.4210526315789473,79.0,1,550,9.578947368421053,1.4210526315789473,550.0
4055,2025-03-02,Starter,Europe,Education,Partner,0,67,22,66.9,0,0,0,49,63.55,21.1,66.9,0,577,63.55,21.1,577.0
4056,2026-02-01,Enterprise,Latin America,Finance,Referral,0,56,23,40.44444444444444,0,0,0,399,57.666666666666664,23.333333333333332,40.44444444444444,0,241,57.666666666666664,23.333333333333332,241.0
4057,2025-04-25,Starter,Europe,Finance,Referral,0,62,9,52.55555555555556,0,0,0,49,63.44444444444444,8.666666666666666,52.55555555555556,0,523,63.44444444444444,8.666666666666666,523.0
4058,2025-04-19,Enterprise,Asia Pacific,SaaS,Organic,1,18,6,59.0,0,0,0,399,17.833333333333332,5.333333333333333,59.0,0,529,17.833333333333332,5.333333333333333,529.0
4059,2025-06-03,Starter,North America,Retail,Outbound Sales,1,69,24,29.176470588235293,5,0,0,49,62.11764705882353,23.352941176470587,29.176470588235293,5,484,62.11764705882353,23.352941176470587,484.0
4060,2025-05-15,Starter,Europe,Education,Referral,1,65,8,65.70588235294117,1,0,0,49,65.6470588235294,7.588235294117647,65.70588235294117,1,503,65.6470588235294,7.588235294117647,503.0
4061,2025-03-08,Starter,Europe,Finance,Referral,1,26,34,46.9,1,0,0,49,24.4,34.05,46.9,1,571,24.4,34.05,571.0
4062,2024-12-12,Enterprise,North America,Healthcare,Outbound Sales,1,49,22,54.0,0,0,0,399,50.68181818181818,20.818181818181817,54.0,0,657,50.68181818181818,20.818181818181817,657.0
4063,2026-01-06,Starter,North America,Healthcare,Partner,1,16,9,83.66666666666667,5,0,0,49,15.444444444444445,10.11111111111111,83.66666666666667,5,267,15.444444444444445,10.11111111111111,267.0
4064,2025-01-18,Growth,Europe,Healthcare,Outbound Sales,1,66,10,48.04761904761905,1,1,2026-02-01 00:00:00,129,62.142857142857146,8.19047619047619,48.04761904761905,1,620,62.142857142857146,8.19047619047619,379.0
4065,2026-01-18,Starter,Asia Pacific,SaaS,Partner,1,41,26,33.666666666666664,3,0,0,49,40.55555555555556,25.11111111111111,33.666666666666664,3,255,40.55555555555556,25.11111111111111,255.0
4066,2025-05-24,Starter,Europe,Healthcare,Outbound Sales,1,71,19,48.411764705882355,4,0,0,49,68.23529411764706,19.764705882352942,48.411764705882355,4,494,68.23529411764706,19.764705882352942,494.0
4067,2026-08-03,Growth,Asia Pacific,Education,Referral,0,66,7,72.5,0,0,0,129,57.5,4.0,72.5,0,58,57.5,4.0,58.0
4068,2025-03-30,Starter,Asia Pacific,Manufacturing,Partner,1,43,29,51.8421052631579,3,0,0,49,40.473684210526315,28.05263157894737,51.8421052631579,3,549,40.473684210526315,28.05263157894737,549.0
4069,2026-07-01,Starter,Latin America,Education,Outbound Sales,1,35,21,80.25,0,0,0,49,30.75,18.5,80.25,0,91,30.75,18.5,91.0
4070,2025-07-21,Growth,Latin America,Education,Paid Search,0,55,18,41.266666666666666,3,0,0,129,53.733333333333334,17.733333333333334,41.266666666666666,3,436,53.733333333333334,17.733333333333334,436.0
4071,2025-09-22,Starter,North America,Manufacturing,Organic,0,24,26,55.84615384615385,1,0,0,49,24.53846153846154,24.692307692307693,55.84615384615385,1,373,24.53846153846154,24.692307692307693,373.0
4072,2025-01-06,Growth,Asia Pacific,SaaS,Paid Search,1,17,32,38.5,0,0,0,129,15.681818181818182,32.63636363636363,38.5,0,632,15.681818181818182,32.63636363636363,632.0
4073,2025-01-27,Growth,Latin America,Retail,Organic,1,31,17,29.047619047619047,2,0,0,129,29.476190476190474,16.19047619047619,29.047619047619047,2,611,29.476190476190474,16.19047619047619,611.0
4074,2025-12-01,Enterprise,Latin America,Education,Referral,1,52,14,81.72727272727273,0,1,2026-07-22 00:00:00,399,48.0,12.272727272727273,81.72727272727273,0,303,48.0,12.272727272727273,233.0
4075,2026-05-18,Growth,Latin America,SaaS,Partner,1,66,23,78.8,0,0,0,129,63.0,24.4,78.8,0,135,63.0,24.4,135.0
4076,2025-09-28,Starter,Europe,Finance,Paid Search,1,49,7,51.92307692307692,3,1,2026-03-18 00:00:00,49,50.53846153846154,6.923076923076923,51.92307692307692,3,367,50.53846153846154,6.923076923076923,171.0
4077,2026-04-15,Starter,Europe,Manufacturing,Outbound Sales,0,30,18,69.16666666666667,0,0,0,49,27.666666666666668,18.666666666666668,69.16666666666667,0,168,27.666666666666668,18.666666666666668,168.0
4078,2026-02-11,Growth,Asia Pacific,Finance,Organic,0,30,10,67.375,0,0,0,129,31.125,10.75,67.375,0,231,31.125,10.75,231.0
4079,2024-11-11,Growth,North America,SaaS,Organic,1,59,23,51.47826086956522,2,0,0,129,58.52173913043478,21.434782608695652,51.47826086956522,2,688,58.52173913043478,21.434782608695652,688.0
4080,2026-07-30,Starter,Latin America,Education,Paid Search,1,52,12,77.66666666666667,1,0,0,49,49.0,9.0,77.66666666666667,1,62,49.0,9.0,62.0
4081,2026-06-23,Starter,Asia Pacific,Healthcare,Partner,1,63,36,43.75,0,0,0,49,57.75,32.5,43.75,0,99,57.75,32.5,99.0
4082,2026-04-18,Starter,Europe,SaaS,Referral,1,59,4,62.333333333333336,0,0,0,49,62.166666666666664,3.6666666666666665,62.333333333333336,0,165,62.166666666666664,3.6666666666666665,165.0
4083,2026-01-02,Starter,Europe,SaaS,Outbound Sales,1,28,26,51.0,0,0,0,49,28.2,27.5,51.0,0,271,28.2,27.5,271.0
4084,2025-02-22,Growth,Europe,Education,Paid Search,0,53,15,52.45,1,0,0,129,51.15,13.85,52.45,1,585,51.15,13.85,585.0
4085,2025-12-28,Growth,Latin America,Education,Outbound Sales,0,27,12,59.6,0,0,0,129,25.7,9.9,59.6,0,276,25.7,9.9,276.0
4086,2025-04-01,Starter,Asia Pacific,Retail,Outbound Sales,0,96,19,78.52631578947368,1,0,0,49,95.57894736842105,19.105263157894736,78.52631578947368,1,547,95.57894736842105,19.105263157894736,547.0
4087,2025-03-30,Starter,Latin America,SaaS,Partner,1,43,19,35.10526315789474,1,0,0,49,42.526315789473685,20.68421052631579,35.10526315789474,1,549,42.526315789473685,20.68421052631579,549.0
4088,2026-06-02,Enterprise,Asia Pacific,SaaS,Partner,1,28,15,44.4,4,0,0,399,30.2,14.4,44.4,4,120,30.2,14.4,120.0
4089,2026-06-24,Starter,Latin America,Retail,Organic,1,39,12,48.75,1,0,0,49,38.5,11.75,48.75,1,98,38.5,11.75,98.0
4090,2026-06-18,Growth,Latin America,Education,Paid Search,1,52,2,38.0,0,0,0,129,52.5,1.25,38.0,0,104,52.5,1.25,104.0
4091,2025-02-09,Growth,Europe,Education,Referral,1,22,7,51.4,0,0,0,129,20.4,6.7,51.4,0,598,20.4,6.7,598.0
4092,2025-02-15,Enterprise,Europe,Retail,Organic,1,62,29,58.65,0,0,0,399,64.3,27.7,58.65,0,592,64.3,27.7,592.0
4093,2026-05-29,Growth,Asia Pacific,Education,Outbound Sales,1,6,16,72.4,2,0,0,129,5.4,12.6,72.4,2,124,5.4,12.6,124.0
4094,2025-02-10,Starter,Europe,Manufacturing,Paid Search,1,13,26,59.75,1,0,0,49,12.3,25.2,59.75,1,597,12.3,25.2,597.0
4095,2025-08-18,Growth,Asia Pacific,Finance,Paid Search,0,63,33,59.785714285714285,2,0,0,129,60.92857142857143,33.857142857142854,59.785714285714285,2,408,60.92857142857143,33.857142857142854,408.0
4096,2026-05-01,Growth,North America,Finance,Paid Search,1,47,23,65.83333333333333,1,0,0,129,42.333333333333336,21.0,65.83333333333333,1,152,42.333333333333336,21.0,152.0
4097,2025-10-17,Growth,Europe,Manufacturing,Organic,1,35,16,57.833333333333336,2,0,0,129,36.083333333333336,14.916666666666666,57.833333333333336,2,348,36.083333333333336,14.916666666666666,348.0
4098,2025-12-24,Starter,Asia Pacific,Education,Outbound Sales,0,21,19,47.9,3,0,0,49,21.1,19.7,47.9,3,280,21.1,19.7,280.0
4099,2025-07-27,Growth,Latin America,Education,Partner,0,71,18,73.53333333333333,0,0,0,129,67.06666666666666,17.266666666666666,73.53333333333333,0,430,67.06666666666666,17.266666666666666,430.0
4100,2025-11-26,Starter,Europe,Healthcare,Partner,1,29,29,62.63636363636363,6,0,0,49,28.272727272727273,28.363636363636363,62.63636363636363,6,308,28.272727272727273,28.363636363636363,308.0
4101,2026-08-31,Growth,North America,SaaS,Outbound Sales,0,57,18,83.5,1,0,0,129,55.0,17.0,83.5,1,30,55.0,17.0,30.0
4102,2026-03-11,Growth,Europe,SaaS,Referral,1,71,14,46.285714285714285,1,1,2026-09-03 00:00:00,129,71.42857142857143,12.285714285714286,46.285714285714285,1,203,71.42857142857143,12.285714285714286,176.0
4103,2026-07-15,Starter,Europe,Manufacturing,Outbound Sales,1,44,26,85.66666666666667,0,0,0,49,42.666666666666664,24.333333333333332,85.66666666666667,0,77,42.666666666666664,24.333333333333332,77.0
4104,2026-02-26,Starter,Latin America,Education,Paid Search,0,15,28,69.75,0,0,0,49,14.25,33.125,69.75,0,216,14.25,33.125,216.0
4105,2024-12-07,Growth,North America,Finance,Partner,0,2,22,40.78260869565217,0,0,0,129,1.608695652173913,22.73913043478261,40.78260869565217,0,662,1.608695652173913,22.73913043478261,662.0
4106,2025-04-24,Enterprise,Europe,Retail,Partner,1,13,25,69.27777777777777,3,0,0,399,12.666666666666666,24.666666666666668,69.27777777777777,3,524,12.666666666666666,24.666666666666668,524.0
4107,2025-08-08,Growth,Latin America,Education,Outbound Sales,1,34,2,90.85714285714286,0,0,0,129,34.142857142857146,1.5714285714285714,90.85714285714286,0,418,34.142857142857146,1.5714285714285714,418.0
4108,2025-12-16,Starter,North America,Manufacturing,Outbound Sales,1,74,14,73.2,1,0,0,49,75.9,14.3,73.2,1,288,75.9,14.3,288.0
4109,2025-03-26,Growth,North America,Finance,Partner,1,61,11,57.8421052631579,2,0,0,129,61.05263157894737,9.947368421052632,57.8421052631579,2,553,61.05263157894737,9.947368421052632,553.0
4110,2026-07-25,Growth,Latin America,Healthcare,Organic,1,49,7,40.0,0,0,0,129,43.666666666666664,5.666666666666667,40.0,0,67,43.666666666666664,5.666666666666667,67.0
4111,2026-07-15,Enterprise,Europe,Healthcare,Organic,1,49,16,67.0,0,0,0,399,54.0,18.0,67.0,0,77,54.0,18.0,77.0
4112,2026-09-27,Starter,Asia Pacific,Retail,Outbound Sales,1,40,11,45.0,1,0,0,49,36.0,13.0,45.0,1,3,36.0,13.0,3.0
4113,2025-12-15,Growth,Asia Pacific,Education,Outbound Sales,0,0,10,86.5,2,0,0,129,0.0,9.0,86.5,2,289,0.0,9.0,289.0
4114,2024-12-08,Starter,Asia Pacific,SaaS,Paid Search,1,18,32,45.43478260869565,0,0,0,49,17.52173913043478,30.304347826086957,45.43478260869565,0,661,17.52173913043478,30.304347826086957,661.0
4115,2025-12-09,Starter,Asia Pacific,Manufacturing,Outbound Sales,0,26,37,61.3,3,0,0,49,24.8,34.7,61.3,3,295,24.8,34.7,295.0
4116,2025-10-04,Growth,Asia Pacific,Retail,Outbound Sales,0,29,19,74.53846153846153,2,0,0,129,28.76923076923077,17.923076923076923,74.53846153846153,2,361,28.76923076923077,17.923076923076923,361.0
4117,2025-06-30,Starter,Europe,Manufacturing,Outbound Sales,1,54,19,84.0625,2,0,0,49,54.3125,17.875,84.0625,2,457,54.3125,17.875,457.0
4118,2024-12-19,Growth,North America,SaaS,Referral,0,49,15,19.136363636363637,0,1,2026-02-03 00:00:00,129,50.59090909090909,13.545454545454545,19.136363636363637,0,650,50.59090909090909,13.545454545454545,411.0
4119,2026-02-28,Starter,Europe,Retail,Organic,1,7,14,59.0,2,0,0,49,6.875,14.625,59.0,2,214,6.875,14.625,214.0
4120,2025-08-01,Starter,Asia Pacific,Finance,Outbound Sales,1,4,19,83.93333333333334,0,0,0,49,3.6,19.2,83.93333333333334,0,425,3.6,19.2,425.0
4121,2025-11-15,Starter,Asia Pacific,Finance,Organic,0,54,22,53.45454545454545,6,0,0,49,54.36363636363637,22.0,53.45454545454545,6,319,54.36363636363637,22.0,319.0
4122,2024-11-19,Growth,Latin America,Finance,Referral,0,26,0,72.04347826086956,0,0,0,129,25.91304347826087,0.0,72.04347826086956,0,680,25.91304347826087,0.0,680.0
4123,2025-10-10,Starter,Europe,Healthcare,Referral,0,76,20,54.916666666666664,0,0,0,49,73.25,19.166666666666668,54.916666666666664,0,355,73.25,19.166666666666668,355.0
4124,2025-09-05,Starter,Europe,Healthcare,Partner,1,25,5,52.57142857142857,2,0,0,49,23.857142857142858,4.5,52.57142857142857,2,390,23.857142857142858,4.5,390.0
4125,2025-09-13,Starter,Europe,Healthcare,Referral,1,53,6,48.30769230769231,0,0,0,49,50.07692307692308,5.461538461538462,48.30769230769231,0,382,50.07692307692308,5.461538461538462,382.0
4126,2025-08-13,Starter,Europe,Finance,Referral,1,70,28,85.85714285714286,1,0,0,49,60.357142857142854,26.928571428571427,85.85714285714286,1,413,60.357142857142854,26.928571428571427,413.0
4127,2026-03-17,Growth,Asia Pacific,Finance,Paid Search,1,71,22,71.71428571428571,0,0,0,129,75.0,17.142857142857142,71.71428571428571,0,197,75.0,17.142857142857142,197.0
4128,2025-02-07,Starter,North America,Education,Organic,0,36,16,37.19047619047619,0,0,0,49,33.80952380952381,16.714285714285715,37.19047619047619,0,600,33.80952380952381,16.714285714285715,600.0
4129,2025-06-20,Growth,Europe,SaaS,Paid Search,0,60,26,43.3125,4,0,0,129,54.3125,24.5625,43.3125,4,467,54.3125,24.5625,467.0
4130,2025-03-16,Starter,Europe,SaaS,Paid Search,1,41,9,42.1578947368421,0,0,0,49,42.05263157894737,8.421052631578947,42.1578947368421,0,563,42.05263157894737,8.421052631578947,563.0
4131,2025-09-02,Growth,Latin America,Education,Paid Search,1,53,4,36.714285714285715,1,0,0,129,51.07142857142857,3.4285714285714284,36.714285714285715,1,393,51.07142857142857,3.4285714285714284,393.0
4132,2026-01-26,Starter,Latin America,Finance,Partner,1,54,0,56.55555555555556,0,0,0,49,58.666666666666664,0.0,56.55555555555556,0,247,58.666666666666664,0.0,247.0
4133,2025-09-23,Starter,Latin America,Retail,Paid Search,1,59,17,14.0,1,0,0,49,58.15384615384615,16.53846153846154,14.0,1,372,58.15384615384615,16.53846153846154,372.0
4134,2025-08-01,Starter,North America,Retail,Outbound Sales,1,66,14,36.4,2,0,0,49,70.53333333333333,12.8,36.4,2,425,70.53333333333333,12.8,425.0
4135,2025-12-30,Starter,Europe,Healthcare,Paid Search,1,19,26,73.8,0,0,0,49,17.7,26.5,73.8,0,274,17.7,26.5,274.0
4136,2026-07-11,Starter,Asia Pacific,Healthcare,Paid Search,0,27,21,67.66666666666667,2,0,0,49,30.0,21.0,67.66666666666667,2,81,30.0,21.0,81.0
4137,2026-08-22,Growth,Asia Pacific,Healthcare,Organic,0,20,33,63.5,0,0,0,129,22.5,35.5,63.5,0,39,22.5,35.5,39.0
4138,2025-01-29,Growth,Asia Pacific,Finance,Paid Search,1,51,9,46.23809523809524,0,0,0,129,48.857142857142854,8.761904761904763,46.23809523809524,0,609,48.857142857142854,8.761904761904763,609.0
4139,2025-05-10,Starter,North America,SaaS,Partner,1,33,22,49.0,2,0,0,49,32.588235294117645,18.88235294117647,49.0,2,508,32.588235294117645,18.88235294117647,508.0
4140,2026-01-25,Starter,North America,Retail,Partner,0,27,12,42.333333333333336,1,1,2026-04-19 00:00:00,49,27.22222222222222,12.444444444444445,42.333333333333336,1,248,27.22222222222222,12.444444444444445,84.0
4141,2025-12-20,Growth,Latin America,Healthcare,Partner,1,53,12,30.1,0,0,0,129,55.4,9.8,30.1,0,284,55.4,9.8,284.0
4142,2026-03-10,Growth,North America,SaaS,Paid Search,1,82,25,70.85714285714286,0,0,0,129,80.14285714285714,20.571428571428573,70.85714285714286,0,204,80.14285714285714,20.571428571428573,204.0
4143,2026-04-11,Growth,Asia Pacific,Healthcare,Partner,1,50,14,90.0,0,0,0,129,51.333333333333336,15.166666666666666,90.0,0,172,51.333333333333336,15.166666666666666,172.0
4144,2025-11-16,Starter,Europe,Manufacturing,Paid Search,1,37,24,45.45454545454545,0,0,0,49,38.09090909090909,23.454545454545453,45.45454545454545,0,318,38.09090909090909,23.454545454545453,318.0
4145,2024-12-26,Starter,Asia Pacific,Healthcare,Outbound Sales,1,87,39,33.0,0,0,0,49,89.4090909090909,40.13636363636363,33.0,0,643,89.4090909090909,40.13636363636363,643.0
4146,2026-04-10,Starter,Asia Pacific,Manufacturing,Organic,0,44,21,73.5,0,0,0,49,42.5,20.333333333333332,73.5,0,173,42.5,20.333333333333332,173.0
4147,2025-04-10,Growth,Latin America,Retail,Organic,1,55,18,3.7222222222222223,5,0,0,129,53.22222222222222,18.72222222222222,3.7222222222222223,5,538,53.22222222222222,18.72222222222222,538.0
4148,2025-01-05,Enterprise,Europe,SaaS,Referral,1,56,21,48.95454545454545,0,0,0,399,57.22727272727273,19.181818181818183,48.95454545454545,0,633,57.22727272727273,19.181818181818183,633.0
4149,2025-09-13,Starter,Asia Pacific,Education,Partner,1,17,6,72.3076923076923,0,0,0,49,16.692307692307693,5.6923076923076925,72.3076923076923,0,382,16.692307692307693,5.6923076923076925,382.0
4150,2026-04-01,Starter,North America,Retail,Partner,1,30,29,70.42857142857143,2,0,0,49,29.142857142857142,24.857142857142858,70.42857142857143,2,182,29.142857142857142,24.857142857142858,182.0
4151,2025-12-17,Starter,Latin America,SaaS,Partner,0,41,26,42.2,0,0,0,49,41.8,27.9,42.2,0,287,41.8,27.9,287.0
4152,2025-03-17,Growth,Asia Pacific,SaaS,Partner,1,61,16,62.8421052631579,0,0,0,129,65.36842105263158,14.052631578947368,62.8421052631579,0,562,65.36842105263158,14.052631578947368,562.0
4153,2026-04-19,Growth,North America,Retail,Organic,1,97,17,74.83333333333333,2,0,0,129,89.16666666666667,13.666666666666666,74.83333333333333,2,164,89.16666666666667,13.666666666666666,164.0
4154,2026-06-04,Growth,Asia Pacific,SaaS,Referral,1,75,24,81.5,2,0,0,129,62.25,25.0,81.5,2,118,62.25,25.0,118.0
4155,2024-11-28,Starter,North America,Healthcare,Outbound Sales,1,67,33,38.52173913043478,1,0,0,49,66.65217391304348,31.91304347826087,38.52173913043478,1,671,66.65217391304348,31.91304347826087,671.0
4156,2025-04-25,Starter,Latin America,Healthcare,Organic,1,10,8,69.0,1,0,0,49,8.88888888888889,7.111111111111111,69.0,1,523,8.88888888888889,7.111111111111111,523.0
4157,2025-05-15,Growth,North America,SaaS,Paid Search,1,34,21,17.0,0,0,0,129,34.705882352941174,21.235294117647058,17.0,0,503,34.705882352941174,21.235294117647058,503.0
4158,2025-05-23,Growth,North America,Manufacturing,Paid Search,1,73,18,39.05882352941177,0,0,0,129,69.23529411764706,17.235294117647058,39.05882352941177,0,495,69.23529411764706,17.235294117647058,495.0
4159,2024-12-28,Starter,Europe,Education,Referral,1,46,0,63.72727272727273,3,0,0,49,48.63636363636363,0.0,63.72727272727273,3,641,48.63636363636363,0.0,641.0
4160,2025-07-12,Starter,Latin America,SaaS,Paid Search,1,66,17,77.86666666666666,0,0,0,49,62.733333333333334,16.0,77.86666666666666,0,445,62.733333333333334,16.0,445.0
4161,2024-12-02,Starter,North America,Finance,Organic,0,43,11,64.91304347826087,0,0,0,49,40.08695652173913,11.08695652173913,64.91304347826087,0,667,40.08695652173913,11.08695652173913,667.0
4162,2026-02-09,Starter,Europe,Finance,Organic,0,1,35,64.5,0,0,0,49,0.25,33.5,64.5,0,233,0.25,33.5,233.0
4163,2024-12-20,Starter,Europe,Education,Outbound Sales,0,57,10,56.04545454545455,3,0,0,49,51.40909090909091,9.590909090909092,56.04545454545455,3,649,51.40909090909091,9.590909090909092,649.0
4164,2025-11-03,Starter,Latin America,Healthcare,Paid Search,1,34,20,88.58333333333333,1,0,0,49,35.0,19.0,88.58333333333333,1,331,35.0,19.0,331.0
4165,2025-05-21,Growth,Latin America,Retail,Partner,1,35,3,57.8235294117647,0,0,0,129,35.05882352941177,2.588235294117647,57.8235294117647,0,497,35.05882352941177,2.588235294117647,497.0
4166,2025-08-06,Starter,Latin America,Education,Organic,1,77,7,15.333333333333334,0,0,0,49,81.6,6.8,15.333333333333334,0,420,81.6,6.8,420.0
4167,2025-11-11,Starter,Asia Pacific,Education,Outbound Sales,1,70,19,79.9090909090909,1,0,0,49,71.0909090909091,19.363636363636363,79.9090909090909,1,323,71.0909090909091,19.363636363636363,323.0
4168,2026-02-17,Growth,North America,Retail,Organic,1,44,14,65.75,1,0,0,129,44.75,12.75,65.75,1,225,44.75,12.75,225.0
4169,2026-03-31,Starter,Europe,Finance,Outbound Sales,0,52,11,46.142857142857146,2,1,2026-08-09 00:00:00,49,47.285714285714285,8.714285714285714,46.142857142857146,2,183,47.285714285714285,8.714285714285714,131.0
4170,2026-08-11,Starter,North America,Education,Outbound Sales,1,48,13,40.0,0,0,0,49,54.0,12.0,40.0,0,50,54.0,12.0,50.0
4171,2025-03-05,Starter,Europe,SaaS,Referral,1,27,12,75.95,0,0,0,49,26.65,11.2,75.95,0,574,26.65,11.2,574.0
4172,2026-09-27,Starter,Asia Pacific,Finance,Paid Search,0,58,17,30.0,1,0,0,49,54.0,23.0,30.0,1,3,54.0,23.0,3.0
4173,2024-11-30,Starter,Asia Pacific,Manufacturing,Paid Search,0,41,16,50.69565217391305,1,0,0,49,42.608695652173914,15.26086956521739,50.69565217391305,1,669,42.608695652173914,15.26086956521739,669.0
4174,2025-07-04,Growth,Europe,Education,Partner,1,38,21,6.125,1,0,0,129,37.375,20.375,6.125,1,453,37.375,20.375,453.0
4175,2025-11-15,Growth,Asia Pacific,Healthcare,Partner,0,27,30,78.72727272727273,0,0,0,129,24.818181818181817,29.181818181818183,78.72727272727273,0,319,24.818181818181817,29.181818181818183,319.0
4176,2026-03-14,Starter,Asia Pacific,Manufacturing,Outbound Sales,1,74,18,31.428571428571427,7,0,0,49,70.57142857142857,20.142857142857142,31.428571428571427,7,200,70.57142857142857,20.142857142857142,200.0
4177,2026-06-30,Enterprise,Asia Pacific,Retail,Referral,1,58,24,59.75,0,0,0,399,59.25,26.0,59.75,0,92,59.25,26.0,92.0
4178,2026-01-29,Growth,Asia Pacific,Healthcare,Organic,1,31,34,71.66666666666667,2,0,0,129,29.333333333333332,35.77777777777778,71.66666666666667,2,244,29.333333333333332,35.77777777777778,244.0
4179,2025-04-29,Starter,North America,Finance,Partner,1,19,13,51.0,0,0,0,49,18.61111111111111,12.722222222222221,51.0,0,519,18.61111111111111,12.722222222222221,519.0
4180,2026-02-27,Starter,North America,SaaS,Organic,1,75,22,72.25,0,0,0,49,78.5,21.25,72.25,0,215,78.5,21.25,215.0
4181,2026-06-22,Growth,Europe,Education,Referral,0,86,24,44.0,0,0,0,129,88.5,23.0,44.0,0,100,88.5,23.0,100.0
4182,2026-05-17,Growth,Latin America,SaaS,Referral,1,38,19,27.6,3,0,0,129,41.2,19.8,27.6,3,136,41.2,19.8,136.0
4183,2025-10-23,Starter,Latin America,SaaS,Referral,1,62,18,61.833333333333336,2,0,0,49,58.75,19.416666666666668,61.833333333333336,2,342,58.75,19.416666666666668,342.0
4184,2025-10-17,Starter,Latin America,Retail,Outbound Sales,1,56,21,78.91666666666667,0,0,0,49,56.416666666666664,19.916666666666668,78.91666666666667,0,348,56.416666666666664,19.916666666666668,348.0
4185,2025-04-15,Starter,Latin America,Education,Organic,1,64,14,39.77777777777778,1,0,0,49,63.388888888888886,13.5,39.77777777777778,1,533,63.388888888888886,13.5,533.0
4186,2025-07-21,Growth,North America,Finance,Paid Search,1,39,21,55.06666666666667,1,0,0,129,39.93333333333333,19.333333333333332,55.06666666666667,1,436,39.93333333333333,19.333333333333332,436.0
4187,2025-01-30,Growth,North America,SaaS,Outbound Sales,1,51,20,27.142857142857142,0,0,0,129,47.61904761904762,20.0,27.142857142857142,0,608,47.61904761904762,20.0,608.0
4188,2025-08-17,Starter,Asia Pacific,Retail,Partner,1,31,3,53.92857142857143,0,0,0,49,31.714285714285715,2.357142857142857,53.92857142857143,0,409,31.714285714285715,2.357142857142857,409.0
4189,2024-11-27,Starter,North America,Retail,Organic,1,56,15,54.65217391304348,0,0,0,49,58.43478260869565,14.608695652173912,54.65217391304348,0,672,58.43478260869565,14.608695652173912,672.0
4190,2025-11-29,Enterprise,Asia Pacific,Manufacturing,Referral,1,55,30,71.81818181818181,2,0,0,399,51.72727272727273,30.727272727272727,71.81818181818181,2,305,51.72727272727273,30.727272727272727,305.0
4191,2024-12-19,Growth,Europe,Manufacturing,Paid Search,1,27,23,76.31818181818181,3,0,0,129,26.40909090909091,22.227272727272727,76.31818181818181,3,650,26.40909090909091,22.227272727272727,650.0
4192,2025-04-14,Starter,North America,Retail,Paid Search,1,47,28,75.11111111111111,0,0,0,49,47.94444444444444,27.27777777777778,75.11111111111111,0,534,47.94444444444444,27.27777777777778,534.0
4193,2026-06-07,Enterprise,Latin America,Healthcare,Organic,1,44,17,26.5,1,0,0,399,38.25,15.5,26.5,1,115,38.25,15.5,115.0
4194,2025-06-06,Enterprise,Europe,Retail,Partner,1,0,19,63.1764705882353,0,0,0,399,0.0,20.705882352941178,63.1764705882353,0,481,0.0,20.705882352941178,481.0
4195,2025-06-13,Starter,Asia Pacific,Retail,Outbound Sales,1,10,11,40.375,1,0,0,49,8.75,9.75,40.375,1,474,8.75,9.75,474.0
4196,2026-08-23,Starter,Europe,Manufacturing,Paid Search,0,18,3,64.0,1,0,0,49,16.0,2.0,64.0,1,38,16.0,2.0,38.0
4197,2025-06-17,Enterprise,North America,Healthcare,Organic,1,21,19,42.9375,5,0,0,399,21.125,17.5,42.9375,5,470,21.125,17.5,470.0
4198,2026-09-23,Growth,Europe,Education,Organic,0,11,27,54.0,0,0,0,129,8.0,29.0,54.0,0,7,8.0,29.0,7.0
4199,2025-05-29,Growth,North America,Education,Outbound Sales,1,34,19,42.0,0,0,0,129,29.88235294117647,17.235294117647058,42.0,0,489,29.88235294117647,17.235294117647058,489.0
4200,2025-08-01,Enterprise,Asia Pacific,Retail,Referral,1,61,29,55.06666666666667,1,0,0,399,62.733333333333334,26.266666666666666,55.06666666666667,1,425,62.733333333333334,26.266666666666666,425.0
4201,2026-08-28,Growth,Europe,SaaS,Partner,0,44,3,72.0,1,0,0,129,50.0,2.5,72.0,1,33,50.0,2.5,33.0
4202,2025-12-23,Enterprise,Asia Pacific,Retail,Referral,1,8,23,63.5,4,0,0,399,7.9,23.2,63.5,4,281,7.9,23.2,281.0
4203,2026-04-08,Starter,Asia Pacific,Healthcare,Referral,1,51,19,59.333333333333336,2,0,0,49,48.166666666666664,21.833333333333332,59.333333333333336,2,175,48.166666666666664,21.833333333333332,175.0
4204,2024-11-19,Enterprise,North America,Retail,Referral,0,58,7,66.8695652173913,0,0,0,399,61.26086956521739,6.130434782608695,66.8695652173913,0,680,61.26086956521739,6.130434782608695,680.0
4205,2026-09-28,Starter,Asia Pacific,Healthcare,Outbound Sales,1,33,11,61.0,1,0,0,49,32.0,8.0,61.0,1,2,32.0,8.0,2.0
4206,2024-11-08,Growth,Asia Pacific,Manufacturing,Outbound Sales,0,44,22,62.208333333333336,2,0,0,129,45.666666666666664,22.708333333333332,62.208333333333336,2,691,45.666666666666664,22.708333333333332,691.0
4207,2026-02-27,Growth,Europe,Healthcare,Paid Search,1,55,18,22.25,1,0,0,129,52.125,17.125,22.25,1,215,52.125,17.125,215.0
4208,2025-03-14,Enterprise,Latin America,Healthcare,Paid Search,1,14,10,56.31578947368421,0,0,0,399,13.105263157894736,9.31578947368421,56.31578947368421,0,565,13.105263157894736,9.31578947368421,565.0
4209,2026-08-23,Enterprise,Latin America,Finance,Referral,1,44,16,42.5,1,0,0,399,41.5,18.0,42.5,1,38,41.5,18.0,38.0
4210,2025-04-25,Enterprise,Latin America,Manufacturing,Partner,1,22,27,55.27777777777778,1,0,0,399,20.333333333333332,23.833333333333332,55.27777777777778,1,523,20.333333333333332,23.833333333333332,523.0
4211,2026-07-07,Growth,Latin America,Education,Outbound Sales,0,20,17,41.333333333333336,4,0,0,129,18.666666666666668,18.666666666666668,41.333333333333336,4,85,18.666666666666668,18.666666666666668,85.0
4212,2024-11-07,Starter,Asia Pacific,SaaS,Partner,1,41,41,84.75,0,0,0,49,42.208333333333336,37.125,84.75,0,692,42.208333333333336,37.125,692.0
4213,2025-06-16,Starter,Europe,Education,Partner,1,38,21,41.375,0,0,0,49,39.5625,19.5625,41.375,0,471,39.5625,19.5625,471.0
4214,2025-07-15,Enterprise,Latin America,Healthcare,Paid Search,1,46,15,55.46666666666667,0,0,0,399,43.86666666666667,14.466666666666667,55.46666666666667,0,442,43.86666666666667,14.466666666666667,442.0
4215,2026-07-14,Starter,North America,Retail,Paid Search,1,53,14,62.0,1,0,0,49,51.666666666666664,14.666666666666666,62.0,1,78,51.666666666666664,14.666666666666666,78.0
4216,2025-09-07,Starter,Europe,Healthcare,Referral,1,38,24,54.30769230769231,1,0,0,49,39.15384615384615,26.076923076923077,54.30769230769231,1,388,39.15384615384615,26.076923076923077,388.0
4217,2026-08-19,Starter,North America,Finance,Referral,1,80,12,60.0,0,0,0,49,76.0,15.0,60.0,0,42,76.0,15.0,42.0
4218,2025-08-07,Starter,Europe,SaaS,Partner,0,48,20,81.92857142857143,0,0,0,49,47.0,19.357142857142858,81.92857142857143,0,419,47.0,19.357142857142858,419.0
4219,2026-01-06,Growth,Asia Pacific,SaaS,Referral,1,38,19,86.11111111111111,0,0,0,129,38.55555555555556,19.444444444444443,86.11111111111111,0,267,38.55555555555556,19.444444444444443,267.0
4220,2025-11-19,Growth,Asia Pacific,Manufacturing,Outbound Sales,1,35,20,73.0909090909091,1,0,0,129,34.90909090909091,19.818181818181817,73.0909090909091,1,315,34.90909090909091,19.818181818181817,315.0
4221,2025-10-22,Starter,North America,SaaS,Outbound Sales,1,3,21,79.91666666666667,0,0,0,49,2.6666666666666665,21.916666666666668,79.91666666666667,0,343,2.6666666666666665,21.916666666666668,343.0
4222,2026-02-12,Starter,Asia Pacific,Healthcare,Partner,1,31,23,57.0,0,0,0,49,27.125,20.875,57.0,0,230,27.125,20.875,230.0
4223,2025-07-15,Starter,North America,Manufacturing,Paid Search,1,22,2,75.8,0,0,0,49,21.266666666666666,1.7333333333333334,75.8,0,442,21.266666666666666,1.7333333333333334,442.0
4224,2025-06-10,Starter,Latin America,Education,Referral,1,39,28,39.4375,0,0,0,49,39.5,30.0,39.4375,0,477,39.5,30.0,477.0
4225,2026-02-19,Growth,Europe,Retail,Organic,1,78,19,77.25,0,0,0,129,85.75,19.5,77.25,0,223,85.75,19.5,223.0
4226,2025-09-04,Starter,Latin America,Retail,Paid Search,0,55,11,60.642857142857146,0,0,0,49,58.42857142857143,9.785714285714286,60.642857142857146,0,391,58.42857142857143,9.785714285714286,391.0
4227,2026-09-23,Growth,Latin America,Healthcare,Outbound Sales,1,56,21,48.0,0,0,0,129,72.0,29.0,48.0,0,7,72.0,29.0,7.0
4228,2026-04-16,Starter,North America,SaaS,Paid Search,1,35,25,68.0,0,0,0,49,35.166666666666664,23.666666666666668,68.0,0,167,35.166666666666664,23.666666666666668,167.0
4229,2026-07-30,Starter,Latin America,Finance,Paid Search,0,31,14,60.0,1,0,0,49,33.0,13.333333333333334,60.0,1,62,33.0,13.333333333333334,62.0
4230,2025-12-10,Starter,Latin America,SaaS,Paid Search,1,0,22,31.1,0,0,0,49,0.0,21.5,31.1,0,294,0.0,21.5,294.0
4231,2026-06-20,Starter,Asia Pacific,Education,Paid Search,1,73,14,98.5,0,0,0,49,83.75,16.5,98.5,0,102,83.75,16.5,102.0
4232,2025-02-11,Growth,Asia Pacific,Retail,Referral,1,64,17,56.4,0,0,0,129,63.75,16.9,56.4,0,596,63.75,16.9,596.0
4233,2024-11-06,Starter,Asia Pacific,Education,Referral,1,21,23,82.58333333333333,0,0,0,49,19.541666666666668,23.125,82.58333333333333,0,693,19.541666666666668,23.125,693.0
4234,2026-04-06,Starter,Asia Pacific,Manufacturing,Referral,0,33,23,50.5,0,0,0,49,33.166666666666664,23.5,50.5,0,177,33.166666666666664,23.5,177.0
4235,2026-09-08,Growth,Europe,Retail,Paid Search,0,31,25,40.0,0,0,0,129,21.0,21.0,40.0,0,22,21.0,21.0,22.0
4236,2025-11-17,Growth,Asia Pacific,Healthcare,Outbound Sales,1,56,3,41.36363636363637,2,0,0,129,55.72727272727273,2.4545454545454546,41.36363636363637,2,317,55.72727272727273,2.4545454545454546,317.0
4237,2026-05-27,Growth,Europe,Finance,Partner,1,61,28,39.0,0,0,0,129,57.8,28.4,39.0,0,126,57.8,28.4,126.0
4238,2026-08-23,Enterprise,Europe,Retail,Organic,0,79,6,72.0,0,0,0,399,89.5,7.5,72.0,0,38,89.5,7.5,38.0
4239,2026-06-30,Growth,Europe,Finance,Paid Search,1,56,17,78.5,0,0,0,129,49.75,16.25,78.5,0,92,49.75,16.25,92.0
4240,2026-07-15,Starter,Latin America,SaaS,Partner,1,58,28,46.333333333333336,3,0,0,49,61.0,35.666666666666664,46.333333333333336,3,77,61.0,35.666666666666664,77.0
4241,2025-08-15,Starter,North America,Healthcare,Outbound Sales,1,58,25,88.07142857142857,1,0,0,49,53.714285714285715,23.857142857142858,88.07142857142857,1,411,53.714285714285715,23.857142857142858,411.0
4242,2025-08-31,Growth,Latin America,Healthcare,Referral,1,27,23,67.78571428571429,2,0,0,129,26.571428571428573,24.142857142857142,67.78571428571429,2,395,26.571428571428573,24.142857142857142,395.0
4243,2026-09-30,Growth,Europe,Healthcare,Outbound Sales,1,45,18,50.0,3,0,0,129,56.0,20.0,50.0,3,0,56.0,20.0,0.0
4244,2025-02-17,Starter,Europe,Retail,Paid Search,0,44,26,51.05,0,1,2025-11-20 00:00:00,49,43.85,26.95,51.05,0,590,43.85,26.95,276.0
4245,2025-01-03,Growth,North America,Education,Paid Search,1,67,6,80.27272727272727,1,0,0,129,69.68181818181819,5.2727272727272725,80.27272727272727,1,635,69.68181818181819,5.2727272727272725,635.0
4246,2025-10-09,Growth,Latin America,Manufacturing,Partner,1,55,30,49.75,1,1,2026-03-29 00:00:00,129,57.583333333333336,30.5,49.75,1,356,57.583333333333336,30.5,171.0
4247,2026-08-16,Starter,Asia Pacific,Education,Outbound Sales,1,65,33,75.0,0,0,0,49,71.5,24.5,75.0,0,45,71.5,24.5,45.0
4248,2025-09-27,Growth,Europe,Healthcare,Organic,0,55,18,49.07692307692308,0,0,0,129,52.84615384615385,17.307692307692307,49.07692307692308,0,368,52.84615384615385,17.307692307692307,368.0
4249,2025-08-09,Enterprise,North America,Healthcare,Organic,1,69,15,61.857142857142854,0,0,0,399,68.57142857142857,14.214285714285714,61.857142857142854,0,417,68.57142857142857,14.214285714285714,417.0
4250,2025-07-24,Growth,North America,Healthcare,Referral,0,53,13,40.733333333333334,0,0,0,129,52.666666666666664,13.6,40.733333333333334,0,433,52.666666666666664,13.6,433.0
4251,2026-09-01,Starter,Latin America,Healthcare,Referral,0,43,26,67.0,3,0,0,49,37.0,35.0,67.0,3,29,37.0,35.0,29.0
4252,2026-08-28,Growth,Asia Pacific,SaaS,Partner,0,44,29,76.0,4,0,0,129,38.0,33.0,76.0,4,33,38.0,33.0,33.0
4253,2025-08-31,Enterprise,North America,Finance,Partner,1,56,26,56.642857142857146,1,0,0,399,52.92857142857143,24.142857142857142,56.642857142857146,1,395,52.92857142857143,24.142857142857142,395.0
4254,2025-05-10,Growth,Latin America,Manufacturing,Partner,1,65,16,50.294117647058826,1,0,0,129,63.294117647058826,14.882352941176471,50.294117647058826,1,508,63.294117647058826,14.882352941176471,508.0
4255,2025-04-01,Growth,Latin America,SaaS,Referral,1,29,9,69.94736842105263,3,0,0,129,30.157894736842106,7.894736842105263,69.94736842105263,3,547,30.157894736842106,7.894736842105263,547.0
4256,2026-04-12,Enterprise,Latin America,Finance,Organic,1,72,6,81.5,0,0,0,399,80.66666666666667,5.666666666666667,81.5,0,171,80.66666666666667,5.666666666666667,171.0
4257,2025-07-03,Growth,Latin America,Education,Organic,1,53,11,65.4375,0,0,0,129,50.9375,11.8125,65.4375,0,454,50.9375,11.8125,454.0
4258,2024-12-27,Starter,Europe,Finance,Paid Search,1,46,16,45.63636363636363,1,0,0,49,43.27272727272727,15.227272727272727,45.63636363636363,1,642,43.27272727272727,15.227272727272727,642.0
4259,2026-07-06,Enterprise,Europe,Education,Paid Search,1,29,19,36.0,1,0,0,399,33.0,16.333333333333332,36.0,1,86,33.0,16.333333333333332,86.0
4260,2025-12-17,Growth,Latin America,Finance,Paid Search,1,35,10,92.5,0,0,0,129,37.9,8.7,92.5,0,287,37.9,8.7,287.0
4261,2026-09-06,Growth,North America,Education,Organic,1,1,19,73.0,1,0,0,129,1.0,18.0,73.0,1,24,1.0,18.0,24.0
4262,2025-09-22,Growth,Europe,Retail,Paid Search,1,29,23,71.23076923076923,3,0,0,129,27.153846153846153,20.0,71.23076923076923,3,373,27.153846153846153,20.0,373.0
4263,2026-09-27,Starter,Europe,Retail,Partner,1,15,17,70.0,3,0,0,49,17.0,19.0,70.0,3,3,17.0,19.0,3.0
4264,2025-03-22,Growth,Latin America,Finance,Referral,1,74,22,92.73684210526316,0,0,0,129,75.78947368421052,22.736842105263158,92.73684210526316,0,557,75.78947368421052,22.736842105263158,557.0
4265,2024-11-25,Starter,Asia Pacific,Manufacturing,Referral,1,50,32,41.17391304347826,1,0,0,49,49.91304347826087,31.47826086956522,41.17391304347826,1,674,49.91304347826087,31.47826086956522,674.0
4266,2026-09-01,Starter,Asia Pacific,SaaS,Referral,1,36,25,55.0,2,0,0,49,40.0,26.0,55.0,2,29,40.0,26.0,29.0
4267,2026-03-23,Enterprise,Europe,Manufacturing,Paid Search,1,57,26,66.71428571428571,1,1,2026-07-06 00:00:00,399,59.0,22.571428571428573,66.71428571428571,1,191,59.0,22.571428571428573,105.0
4268,2025-07-22,Growth,North America,Finance,Outbound Sales,1,50,23,59.46666666666667,3,0,0,129,50.13333333333333,20.8,59.46666666666667,3,435,50.13333333333333,20.8,435.0
4269,2026-01-01,Enterprise,Asia Pacific,Healthcare,Paid Search,1,47,25,18.1,2,0,0,399,45.0,26.7,18.1,2,272,45.0,26.7,272.0
4270,2025-12-18,Starter,Europe,SaaS,Organic,1,17,11,52.3,0,0,0,49,16.3,11.9,52.3,0,286,16.3,11.9,286.0
4271,2025-12-01,Starter,Europe,Retail,Paid Search,1,82,27,42.18181818181818,0,0,0,49,86.63636363636364,28.363636363636363,42.18181818181818,0,303,86.63636363636364,28.363636363636363,303.0
4272,2024-12-05,Growth,Asia Pacific,Manufacturing,Paid Search,0,41,11,51.78260869565217,0,0,0,129,40.130434782608695,10.130434782608695,51.78260869565217,0,664,40.130434782608695,10.130434782608695,664.0
4273,2026-06-19,Starter,Latin America,SaaS,Referral,1,53,21,82.75,0,0,0,49,54.25,18.75,82.75,0,103,54.25,18.75,103.0
4274,2026-06-07,Starter,Asia Pacific,SaaS,Referral,0,58,16,24.75,2,0,0,49,57.0,17.5,24.75,2,115,57.0,17.5,115.0
4275,2025-05-12,Starter,Europe,Retail,Paid Search,1,36,18,59.94117647058823,1,0,0,49,34.294117647058826,19.41176470588235,59.94117647058823,1,506,34.294117647058826,19.41176470588235,506.0
4276,2025-10-16,Enterprise,Asia Pacific,Retail,Partner,0,89,16,26.083333333333332,2,0,0,399,86.33333333333333,17.333333333333332,26.083333333333332,2,349,86.33333333333333,17.333333333333332,349.0
4277,2025-06-14,Growth,Latin America,Manufacturing,Partner,0,54,23,51.375,0,0,0,129,53.25,22.5,51.375,0,473,53.25,22.5,473.0
4278,2026-04-30,Starter,Latin America,Finance,Paid Search,0,79,15,32.833333333333336,3,0,0,49,73.5,13.166666666666666,32.833333333333336,3,153,73.5,13.166666666666666,153.0
4279,2026-08-14,Growth,Latin America,Manufacturing,Outbound Sales,0,76,15,73.0,0,0,0,129,76.0,16.5,73.0,0,47,76.0,16.5,47.0
4280,2026-03-01,Starter,Europe,Education,Outbound Sales,1,25,5,88.25,2,0,0,49,23.125,4.125,88.25,2,213,23.125,4.125,213.0
4281,2026-09-17,Starter,Europe,SaaS,Outbound Sales,1,69,23,59.0,3,0,0,49,88.0,18.0,59.0,3,13,88.0,18.0,13.0
4282,2025-11-01,Growth,North America,Manufacturing,Partner,1,42,19,65.58333333333333,0,0,0,129,45.75,17.666666666666668,65.58333333333333,0,333,45.75,17.666666666666668,333.0
4283,2026-04-02,Starter,North America,Retail,Outbound Sales,1,60,8,49.142857142857146,4,0,0,49,58.857142857142854,8.0,49.142857142857146,4,181,58.857142857142854,8.0,181.0
4284,2025-09-02,Starter,North America,Retail,Paid Search,0,46,39,52.714285714285715,3,0,0,49,46.357142857142854,38.92857142857143,52.714285714285715,3,393,46.357142857142854,38.92857142857143,393.0
4285,2025-04-22,Starter,Latin America,Retail,Paid Search,1,31,19,84.22222222222223,0,0,0,49,30.555555555555557,19.444444444444443,84.22222222222223,0,526,30.555555555555557,19.444444444444443,526.0
4286,2026-09-03,Enterprise,North America,Retail,Referral,0,54,10,71.0,1,0,0,399,49.0,11.0,71.0,1,27,49.0,11.0,27.0
4287,2026-05-24,Growth,Latin America,Education,Referral,0,40,6,59.4,0,0,0,129,37.6,6.0,59.4,0,129,37.6,6.0,129.0
4288,2025-05-03,Growth,North America,Manufacturing,Referral,1,75,14,68.0,1,0,0,129,71.77777777777777,13.277777777777779,68.0,1,515,71.77777777777777,13.277777777777779,515.0
4289,2025-08-26,Growth,Europe,SaaS,Paid Search,1,32,24,48.57142857142857,0,0,0,129,31.785714285714285,23.857142857142858,48.57142857142857,0,400,31.785714285714285,23.857142857142858,400.0
4290,2025-02-06,Growth,North America,Education,Partner,1,46,17,86.9047619047619,0,0,0,129,44.23809523809524,16.523809523809526,86.9047619047619,0,601,44.23809523809524,16.523809523809526,601.0
4291,2026-02-24,Growth,Europe,Healthcare,Paid Search,1,70,21,50.25,3,0,0,129,65.5,20.25,50.25,3,218,65.5,20.25,218.0
4292,2025-03-10,Enterprise,Europe,Education,Paid Search,1,48,20,87.3157894736842,0,0,0,399,45.05263157894737,20.0,87.3157894736842,0,569,45.05263157894737,20.0,569.0
4293,2025-07-21,Growth,Latin America,SaaS,Organic,1,78,7,77.26666666666667,0,0,0,129,78.4,7.666666666666667,77.26666666666667,0,436,78.4,7.666666666666667,436.0
4294,2026-05-25,Starter,Latin America,Retail,Paid Search,1,71,29,74.0,5,0,0,49,78.4,31.2,74.0,5,128,78.4,31.2,128.0
4295,2025-05-05,Starter,Latin America,Manufacturing,Organic,1,42,19,68.5,0,0,0,49,44.833333333333336,17.166666666666668,68.5,0,513,44.833333333333336,17.166666666666668,513.0
4296,2026-09-26,Starter,North America,Finance,Paid Search,1,69,32,39.0,1,0,0,49,59.0,40.0,39.0,1,4,59.0,40.0,4.0
4297,2025-10-08,Growth,North America,SaaS,Organic,1,51,12,54.25,0,0,0,129,50.083333333333336,12.5,54.25,0,357,50.083333333333336,12.5,357.0
4298,2026-08-31,Growth,Asia Pacific,Healthcare,Referral,1,67,12,52.5,0,1,2026-09-30 00:00:00,129,55.5,12.0,52.5,0,30,55.5,12.0,30.0
4299,2025-06-14,Enterprise,Europe,Manufacturing,Organic,1,2,21,80.75,2,0,0,399,1.5625,20.625,80.75,2,473,1.5625,20.625,473.0
4300,2025-10-28,Starter,Asia Pacific,Education,Outbound Sales,1,48,19,22.583333333333332,0,0,0,49,50.166666666666664,15.416666666666666,22.583333333333332,0,337,50.166666666666664,15.416666666666666,337.0
4301,2025-06-15,Enterprise,Europe,Manufacturing,Paid Search,0,28,28,82.0625,0,0,0,399,26.125,29.25,82.0625,0,472,26.125,29.25,472.0
4302,2025-09-09,Growth,Europe,Finance,Paid Search,0,62,17,65.46153846153847,3,0,0,129,64.6923076923077,15.384615384615385,65.46153846153847,3,386,64.6923076923077,15.384615384615385,386.0
4303,2026-01-03,Growth,Europe,Finance,Paid Search,1,79,17,62.0,4,0,0,129,74.7,18.6,62.0,4,270,74.7,18.6,270.0
4304,2025-10-04,Growth,North America,Finance,Partner,1,50,25,63.84615384615385,0,0,0,129,47.07692307692308,22.23076923076923,63.84615384615385,0,361,47.07692307692308,22.23076923076923,361.0
4305,2025-11-14,Starter,Asia Pacific,Healthcare,Paid Search,0,50,17,45.0,0,0,0,49,48.81818181818182,14.636363636363637,45.0,0,320,48.81818181818182,14.636363636363637,320.0
4306,2025-07-23,Enterprise,Europe,Manufacturing,Paid Search,0,42,17,77.53333333333333,4,0,0,399,43.4,14.733333333333333,77.53333333333333,4,434,43.4,14.733333333333333,434.0
4307,2026-06-21,Enterprise,Europe,Manufacturing,Organic,0,49,27,54.25,0,0,0,399,39.5,29.0,54.25,0,101,39.5,29.0,101.0
4308,2025-08-27,Growth,Europe,Manufacturing,Partner,1,32,14,80.71428571428571,1,0,0,129,32.0,12.5,80.71428571428571,1,399,32.0,12.5,399.0
4309,2026-02-16,Starter,Europe,SaaS,Paid Search,0,73,11,49.25,1,0,0,49,70.75,10.25,49.25,1,226,70.75,10.25,226.0
4310,2025-02-27,Starter,Asia Pacific,Healthcare,Referral,1,45,21,55.2,0,0,0,49,45.9,19.85,55.2,0,580,45.9,19.85,580.0
4311,2026-02-23,Growth,Latin America,Retail,Referral,1,40,16,88.5,1,0,0,129,36.5,14.0,88.5,1,219,36.5,14.0,219.0
4312,2024-12-23,Growth,Latin America,Finance,Paid Search,1,64,8,41.31818181818182,2,0,0,129,61.40909090909091,7.363636363636363,41.31818181818182,2,646,61.40909090909091,7.363636363636363,646.0
4313,2026-08-10,Starter,Europe,Retail,Paid Search,1,59,27,84.5,0,0,0,49,67.5,22.5,84.5,0,51,67.5,22.5,51.0
4314,2026-06-19,Growth,North America,Education,Paid Search,1,33,4,43.25,1,0,0,129,31.0,3.0,43.25,1,103,31.0,3.0,103.0
4315,2026-06-16,Starter,Latin America,Finance,Referral,1,38,17,23.0,1,0,0,49,33.75,14.25,23.0,1,106,33.75,14.25,106.0
4316,2026-07-27,Growth,North America,Manufacturing,Organic,1,87,32,75.66666666666667,3,0,0,129,73.66666666666667,34.333333333333336,75.66666666666667,3,65,73.66666666666667,34.333333333333336,65.0
4317,2025-01-10,Enterprise,Europe,Education,Paid Search,1,71,2,49.142857142857146,3,0,0,399,71.61904761904762,1.3333333333333333,49.142857142857146,3,628,71.61904761904762,1.3333333333333333,628.0
4318,2026-02-25,Growth,Latin America,Finance,Partner,0,53,15,77.375,0,0,0,129,50.5,16.0,77.375,0,217,50.5,16.0,217.0
4319,2025-05-17,Starter,Latin America,SaaS,Outbound Sales,1,38,18,36.05882352941177,0,0,0,49,37.76470588235294,17.705882352941178,36.05882352941177,0,501,37.76470588235294,17.705882352941178,501.0
4320,2026-03-26,Enterprise,Latin America,Manufacturing,Outbound Sales,1,43,10,32.142857142857146,0,0,0,399,43.57142857142857,8.857142857142858,32.142857142857146,0,188,43.57142857142857,8.857142857142858,188.0
4321,2025-03-01,Starter,Asia Pacific,Finance,Partner,1,33,16,72.6,4,0,0,49,31.2,16.2,72.6,4,578,31.2,16.2,578.0
4322,2026-09-27,Starter,North America,Healthcare,Referral,1,58,12,51.0,0,1,2026-09-30 00:00:00,49,75.0,7.0,51.0,0,3,75.0,7.0,3.0
4323,2025-11-24,Growth,Europe,Retail,Referral,1,39,13,56.45454545454545,0,0,0,129,42.18181818181818,13.818181818181818,56.45454545454545,0,310,42.18181818181818,13.818181818181818,310.0
4324,2026-04-25,Starter,Asia Pacific,Retail,Organic,1,50,24,97.16666666666667,0,0,0,49,51.166666666666664,20.333333333333332,97.16666666666667,0,158,51.166666666666664,20.333333333333332,158.0
4325,2025-08-31,Starter,Europe,Healthcare,Outbound Sales,1,71,17,48.07142857142857,0,1,2026-04-29 00:00:00,49,72.0,15.285714285714286,48.07142857142857,0,395,72.0,15.285714285714286,241.0
4326,2024-12-24,Growth,Asia Pacific,Education,Paid Search,1,49,30,73.27272727272727,1,0,0,129,47.0,31.227272727272727,73.27272727272727,1,645,47.0,31.227272727272727,645.0
4327,2025-04-02,Growth,Asia Pacific,Education,Paid Search,1,39,14,61.1578947368421,2,0,0,129,36.68421052631579,14.157894736842104,61.1578947368421,2,546,36.68421052631579,14.157894736842104,546.0
4328,2025-03-19,Starter,North America,Healthcare,Paid Search,1,35,19,61.63157894736842,4,0,0,49,36.578947368421055,20.736842105263158,61.63157894736842,4,560,36.578947368421055,20.736842105263158,560.0
4329,2025-05-23,Starter,Europe,SaaS,Paid Search,1,63,11,87.0,4,0,0,49,62.11764705882353,10.823529411764707,87.0,4,495,62.11764705882353,10.823529411764707,495.0
4330,2025-10-15,Growth,Asia Pacific,Finance,Paid Search,0,64,14,73.16666666666667,0,0,0,129,62.333333333333336,11.75,73.16666666666667,0,350,62.333333333333336,11.75,350.0
4331,2025-12-23,Starter,Latin America,Education,Partner,1,39,6,70.0,3,0,0,49,40.3,5.7,70.0,3,281,40.3,5.7,281.0
4332,2026-06-05,Starter,Europe,SaaS,Outbound Sales,1,30,19,78.25,0,0,0,49,31.75,16.0,78.25,0,117,31.75,16.0,117.0
4333,2026-02-10,Growth,Latin America,Education,Partner,1,86,27,81.25,4,0,0,129,88.25,28.125,81.25,4,232,88.25,28.125,232.0
4334,2025-03-25,Starter,Europe,Finance,Referral,1,32,4,67.15789473684211,2,0,0,49,32.473684210526315,3.789473684210526,67.15789473684211,2,554,32.473684210526315,3.789473684210526,554.0
4335,2025-09-18,Starter,North America,SaaS,Paid Search,0,86,29,85.76923076923077,3,0,0,49,81.92307692307692,32.69230769230769,85.76923076923077,3,377,81.92307692307692,32.69230769230769,377.0
4336,2025-05-02,Starter,Asia Pacific,Healthcare,Partner,0,21,20,66.11111111111111,2,0,0,49,21.166666666666668,18.666666666666668,66.11111111111111,2,516,21.166666666666668,18.666666666666668,516.0
4337,2025-01-20,Starter,Europe,Finance,Paid Search,0,33,12,44.04761904761905,3,0,0,49,30.80952380952381,11.761904761904763,44.04761904761905,3,618,30.80952380952381,11.761904761904763,618.0
4338,2026-03-13,Growth,Europe,SaaS,Paid Search,1,44,13,71.0,0,0,0,129,42.142857142857146,13.857142857142858,71.0,0,201,42.142857142857146,13.857142857142858,201.0
4339,2025-10-05,Starter,North America,Healthcare,Organic,1,24,9,23.615384615384617,2,0,0,49,24.923076923076923,8.153846153846153,23.615384615384617,2,360,24.923076923076923,8.153846153846153,360.0
4340,2026-08-07,Starter,North America,Healthcare,Paid Search,1,53,20,56.0,0,0,0,49,57.0,19.5,56.0,0,54,57.0,19.5,54.0
4341,2025-04-29,Starter,North America,Healthcare,Paid Search,1,18,17,50.333333333333336,1,0,0,49,17.055555555555557,17.333333333333332,50.333333333333336,1,519,17.055555555555557,17.333333333333332,519.0
4342,2025-09-15,Growth,Asia Pacific,Education,Organic,1,31,24,64.84615384615384,0,0,0,129,34.84615384615385,20.307692307692307,64.84615384615384,0,380,34.84615384615385,20.307692307692307,380.0
4343,2026-08-10,Starter,Asia Pacific,Healthcare,Organic,1,43,19,46.0,0,0,0,49,49.0,19.5,46.0,0,51,49.0,19.5,51.0
4344,2024-12-28,Starter,Asia Pacific,Retail,Referral,1,41,12,53.95454545454545,4,0,0,49,39.86363636363637,12.090909090909092,53.95454545454545,4,641,39.86363636363637,12.090909090909092,641.0
4345,2024-11-03,Growth,Asia Pacific,Education,Partner,1,49,3,27.583333333333332,6,0,0,129,51.166666666666664,2.7916666666666665,27.583333333333332,6,696,51.166666666666664,2.7916666666666665,696.0
4346,2026-02-04,Starter,Latin America,Education,Organic,1,50,19,39.0,1,0,0,49,47.75,20.625,39.0,1,238,47.75,20.625,238.0
4347,2025-08-06,Starter,Latin America,Education,Referral,0,65,18,32.4,1,0,0,49,63.06666666666667,16.4,32.4,1,420,63.06666666666667,16.4,420.0
4348,2025-06-01,Starter,Latin America,Healthcare,Referral,1,11,13,21.764705882352942,3,0,0,49,11.0,11.705882352941176,21.764705882352942,3,486,11.0,11.705882352941176,486.0
4349,2025-04-20,Growth,Latin America,Retail,Paid Search,1,49,20,71.61111111111111,2,0,0,129,51.166666666666664,21.555555555555557,71.61111111111111,2,528,51.166666666666664,21.555555555555557,528.0
4350,2026-06-12,Enterprise,Latin America,Healthcare,Outbound Sales,1,52,22,66.5,0,1,2026-08-01 00:00:00,399,51.75,21.0,66.5,0,110,51.75,21.0,50.0
4351,2026-03-15,Growth,Asia Pacific,Manufacturing,Outbound Sales,1,19,7,86.71428571428571,0,0,0,129,19.714285714285715,6.857142857142857,86.71428571428571,0,199,19.714285714285715,6.857142857142857,199.0
4352,2025-01-28,Enterprise,Latin America,Education,Partner,1,46,15,55.904761904761905,0,0,0,399,44.95238095238095,14.904761904761905,55.904761904761905,0,610,44.95238095238095,14.904761904761905,610.0
4353,2025-03-11,Starter,Latin America,Healthcare,Referral,0,37,11,58.36842105263158,1,0,0,49,36.578947368421055,10.631578947368421,58.36842105263158,1,568,36.578947368421055,10.631578947368421,568.0
4354,2026-07-21,Enterprise,Europe,Healthcare,Partner,0,50,10,72.66666666666667,1,1,2026-09-16 00:00:00,399,59.333333333333336,10.666666666666666,72.66666666666667,1,71,59.333333333333336,10.666666666666666,57.0
4355,2026-08-09,Starter,Asia Pacific,Finance,Outbound Sales,1,44,14,70.5,7,0,0,49,45.0,8.5,70.5,7,52,45.0,8.5,52.0
4356,2026-01-12,Starter,North America,Manufacturing,Paid Search,0,27,0,57.111111111111114,5,0,0,49,25.555555555555557,0.0,57.111111111111114,5,261,25.555555555555557,0.0,261.0
4357,2025-12-17,Starter,Asia Pacific,Finance,Outbound Sales,0,82,11,57.7,4,0,0,49,84.1,11.0,57.7,4,287,84.1,11.0,287.0
4358,2026-01-12,Growth,North America,Manufacturing,Outbound Sales,1,36,18,95.44444444444444,2,0,0,129,36.44444444444444,16.0,95.44444444444444,2,261,36.44444444444444,16.0,261.0
4359,2026-03-02,Enterprise,Asia Pacific,Retail,Referral,0,62,22,71.25,2,0,0,399,67.375,20.75,71.25,2,212,67.375,20.75,212.0
4360,2025-11-26,Starter,Europe,Finance,Paid Search,1,59,13,88.0909090909091,0,0,0,49,58.72727272727273,13.727272727272727,88.0909090909091,0,308,58.72727272727273,13.727272727272727,308.0
4361,2024-11-03,Growth,North America,Retail,Organic,1,30,22,27.416666666666668,0,0,0,129,28.791666666666668,21.208333333333332,27.416666666666668,0,696,28.791666666666668,21.208333333333332,696.0
4362,2024-12-07,Enterprise,Latin America,Manufacturing,Outbound Sales,1,55,18,61.17391304347826,3,0,0,399,54.73913043478261,17.47826086956522,61.17391304347826,3,662,54.73913043478261,17.47826086956522,662.0
4363,2026-04-29,Starter,Latin America,Finance,Partner,1,61,14,42.0,5,0,0,49,53.333333333333336,13.166666666666666,42.0,5,154,53.333333333333336,13.166666666666666,154.0
4364,2025-05-22,Growth,North America,Education,Paid Search,1,40,19,35.1764705882353,2,1,2026-06-30 00:00:00,129,41.411764705882355,19.705882352941178,35.1764705882353,2,496,41.411764705882355,19.705882352941178,404.0
4365,2025-11-16,Growth,Asia Pacific,Manufacturing,Partner,1,0,14,88.36363636363636,1,0,0,129,0.0,13.0,88.36363636363636,1,318,0.0,13.0,318.0
4366,2024-11-13,Growth,Latin America,Education,Paid Search,1,39,19,28.434782608695652,5,0,0,129,36.82608695652174,19.956521739130434,28.434782608695652,5,686,36.82608695652174,19.956521739130434,686.0
4367,2025-09-24,Starter,Europe,Manufacturing,Organic,1,47,16,27.615384615384617,0,0,0,49,48.92307692307692,15.23076923076923,27.615384615384617,0,371,48.92307692307692,15.23076923076923,371.0
4368,2026-04-26,Starter,Europe,Finance,Partner,1,68,28,39.833333333333336,1,0,0,49,71.0,26.5,39.833333333333336,1,157,71.0,26.5,157.0
4369,2025-05-13,Growth,Asia Pacific,Healthcare,Outbound Sales,1,58,20,56.64705882352941,0,0,0,129,56.529411764705884,20.470588235294116,56.64705882352941,0,505,56.529411764705884,20.470588235294116,505.0
4370,2024-11-17,Starter,Europe,Manufacturing,Partner,1,45,28,62.0,0,0,0,49,48.30434782608695,26.82608695652174,62.0,0,682,48.30434782608695,26.82608695652174,682.0
4371,2026-09-22,Enterprise,North America,Manufacturing,Referral,0,40,16,54.0,0,0,0,399,48.0,15.0,54.0,0,8,48.0,15.0,8.0
4372,2024-11-03,Starter,Europe,Finance,Organic,0,53,24,70.75,0,0,0,49,52.416666666666664,23.25,70.75,0,696,52.416666666666664,23.25,696.0
4373,2026-08-02,Growth,Latin America,Healthcare,Organic,1,49,11,45.0,0,0,0,129,45.0,11.5,45.0,0,59,45.0,11.5,59.0
4374,2025-07-11,Starter,Europe,Finance,Paid Search,1,58,12,48.13333333333333,1,1,2025-12-03 00:00:00,49,58.6,11.533333333333333,48.13333333333333,1,446,58.6,11.533333333333333,145.0
4375,2025-10-17,Growth,Asia Pacific,SaaS,Paid Search,1,65,23,45.583333333333336,1,0,0,129,67.0,24.0,45.583333333333336,1,348,67.0,24.0,348.0
4376,2025-09-14,Starter,North America,SaaS,Outbound Sales,1,46,9,73.53846153846153,0,0,0,49,46.92307692307692,8.846153846153847,73.53846153846153,0,381,46.92307692307692,8.846153846153847,381.0
4377,2025-03-11,Enterprise,Latin America,SaaS,Paid Search,0,12,8,44.31578947368421,0,0,0,399,11.947368421052632,8.421052631578947,44.31578947368421,0,568,11.947368421052632,8.421052631578947,568.0
4378,2025-02-12,Growth,Asia Pacific,Manufacturing,Organic,0,22,21,70.7,0,0,0,129,20.8,20.6,70.7,0,595,20.8,20.6,595.0
4379,2025-11-26,Starter,North America,Retail,Outbound Sales,0,35,8,47.81818181818182,3,0,0,49,35.0,7.818181818181818,47.81818181818182,3,308,35.0,7.818181818181818,308.0
4380,2026-03-29,Enterprise,Latin America,Finance,Referral,1,22,13,55.57142857142857,0,0,0,399,20.142857142857142,11.285714285714286,55.57142857142857,0,185,20.142857142857142,11.285714285714286,185.0
4381,2026-06-24,Enterprise,Europe,Manufacturing,Referral,1,42,8,37.25,0,0,0,399,41.75,6.0,37.25,0,98,41.75,6.0,98.0
4382,2025-09-08,Growth,Europe,Finance,Paid Search,0,18,26,84.53846153846153,6,0,0,129,18.0,22.23076923076923,84.53846153846153,6,387,18.0,22.23076923076923,387.0
4383,2025-04-19,Enterprise,Europe,Education,Organic,1,38,14,57.333333333333336,1,0,0,399,36.27777777777778,13.666666666666666,57.333333333333336,1,529,36.27777777777778,13.666666666666666,529.0
4384,2025-01-04,Starter,North America,Manufacturing,Partner,0,59,22,43.95454545454545,0,0,0,49,58.68181818181818,23.0,43.95454545454545,0,634,58.68181818181818,23.0,634.0
4385,2024-12-15,Starter,North America,Manufacturing,Organic,1,49,26,54.59090909090909,0,0,0,49,47.59090909090909,24.045454545454547,54.59090909090909,0,654,47.59090909090909,24.045454545454547,654.0
4386,2025-08-31,Growth,North America,SaaS,Referral,1,45,28,52.714285714285715,2,0,0,129,44.0,27.5,52.714285714285715,2,395,44.0,27.5,395.0
4387,2025-08-23,Growth,Asia Pacific,Education,Outbound Sales,1,29,28,77.14285714285714,0,0,0,129,30.071428571428573,26.571428571428573,77.14285714285714,0,403,30.071428571428573,26.571428571428573,403.0
4388,2026-02-08,Growth,North America,Retail,Partner,1,18,22,25.625,0,0,0,129,15.125,25.0,25.625,0,234,15.125,25.0,234.0
4389,2026-04-15,Starter,North America,Finance,Referral,1,47,4,91.66666666666667,0,0,0,49,44.5,3.5,91.66666666666667,0,168,44.5,3.5,168.0
4390,2026-07-02,Starter,Asia Pacific,SaaS,Partner,0,36,29,31.0,1,1,2026-09-03 00:00:00,49,39.25,23.5,31.0,1,90,39.25,23.5,63.0
4391,2025-10-10,Starter,North America,Education,Paid Search,1,74,30,89.41666666666667,0,0,0,49,75.91666666666667,29.833333333333332,89.41666666666667,0,355,75.91666666666667,29.833333333333332,355.0
4392,2026-01-17,Enterprise,North America,SaaS,Partner,0,33,27,38.111111111111114,2,0,0,399,32.111111111111114,27.555555555555557,38.111111111111114,2,256,32.111111111111114,27.555555555555557,256.0
4393,2025-03-16,Growth,Latin America,SaaS,Paid Search,1,66,24,78.78947368421052,3,0,0,129,63.526315789473685,22.894736842105264,78.78947368421052,3,563,63.526315789473685,22.894736842105264,563.0
4394,2025-10-15,Enterprise,Latin America,Healthcare,Referral,1,43,7,65.16666666666667,0,0,0,399,41.25,6.5,65.16666666666667,0,350,41.25,6.5,350.0
4395,2026-03-15,Starter,North America,Healthcare,Organic,1,42,9,60.285714285714285,3,0,0,49,41.57142857142857,7.714285714285714,60.285714285714285,3,199,41.57142857142857,7.714285714285714,199.0
4396,2025-11-01,Starter,Asia Pacific,SaaS,Paid Search,1,13,13,37.666666666666664,0,0,0,49,12.75,12.916666666666666,37.666666666666664,0,333,12.75,12.916666666666666,333.0
4397,2025-05-10,Growth,Asia Pacific,SaaS,Organic,1,47,16,44.705882352941174,3,0,0,129,44.294117647058826,16.470588235294116,44.705882352941174,3,508,44.294117647058826,16.470588235294116,508.0
4398,2025-04-16,Growth,Latin America,SaaS,Partner,1,60,27,25.944444444444443,0,0,0,129,63.72222222222222,26.22222222222222,25.944444444444443,0,532,63.72222222222222,26.22222222222222,532.0
4399,2025-12-17,Starter,Asia Pacific,Education,Partner,1,9,19,78.4,1,0,0,49,9.0,20.5,78.4,1,287,9.0,20.5,287.0
4400,2024-11-18,Starter,Asia Pacific,Retail,Referral,1,31,17,76.8695652173913,0,0,0,49,28.434782608695652,16.47826086956522,76.8695652173913,0,681,28.434782608695652,16.47826086956522,681.0
4401,2025-06-20,Starter,Asia Pacific,Retail,Paid Search,1,32,14,69.9375,0,0,0,49,29.5,12.875,69.9375,0,467,29.5,12.875,467.0
4402,2025-06-16,Enterprise,North America,Retail,Outbound Sales,1,48,9,43.25,0,0,0,399,49.0,8.75,43.25,0,471,49.0,8.75,471.0
4403,2025-03-13,Enterprise,Latin America,Healthcare,Paid Search,0,26,10,90.36842105263158,0,0,0,399,23.789473684210527,8.263157894736842,90.36842105263158,0,566,23.789473684210527,8.263157894736842,566.0
4404,2025-06-03,Growth,Asia Pacific,Retail,Organic,1,5,20,74.94117647058823,1,0,0,129,4.411764705882353,18.88235294117647,74.94117647058823,1,484,4.411764705882353,18.88235294117647,484.0
4405,2024-11-21,Growth,Asia Pacific,Healthcare,Referral,0,69,16,22.0,3,1,2025-10-18 00:00:00,129,69.6086956521739,15.130434782608695,22.0,3,678,69.6086956521739,15.130434782608695,331.0
4406,2026-03-30,Growth,Europe,SaaS,Paid Search,1,45,13,55.57142857142857,0,0,0,129,44.285714285714285,11.428571428571429,55.57142857142857,0,184,44.285714285714285,11.428571428571429,184.0
4407,2025-04-21,Enterprise,North America,Finance,Partner,0,35,15,61.05555555555556,4,0,0,399,33.77777777777778,13.11111111111111,61.05555555555556,4,527,33.77777777777778,13.11111111111111,527.0
4408,2025-03-05,Starter,Asia Pacific,SaaS,Outbound Sales,1,51,5,52.95,0,0,0,49,48.8,4.6,52.95,0,574,48.8,4.6,574.0
4409,2025-11-09,Growth,North America,Education,Partner,0,57,14,41.36363636363637,0,0,0,129,55.36363636363637,13.545454545454545,41.36363636363637,0,325,55.36363636363637,13.545454545454545,325.0
4410,2026-08-27,Starter,Europe,Finance,Organic,0,43,23,43.0,4,0,0,49,33.0,27.5,43.0,4,34,33.0,27.5,34.0
4411,2024-12-07,Starter,Latin America,Education,Referral,1,53,21,33.17391304347826,0,0,0,49,50.82608695652174,19.652173913043477,33.17391304347826,0,662,50.82608695652174,19.652173913043477,662.0
4412,2025-11-18,Starter,Latin America,Education,Outbound Sales,1,0,3,6.636363636363637,0,1,2026-04-27 00:00:00,49,0.0,2.5454545454545454,6.636363636363637,0,316,0.0,2.5454545454545454,160.0
4413,2026-04-30,Starter,Latin America,Retail,Organic,1,39,12,25.333333333333332,5,0,0,49,36.5,13.166666666666666,25.333333333333332,5,153,36.5,13.166666666666666,153.0
4414,2026-07-30,Enterprise,North America,SaaS,Partner,0,44,31,59.0,4,0,0,399,48.333333333333336,24.0,59.0,4,62,48.333333333333336,24.0,62.0
4415,2024-12-18,Growth,Latin America,Finance,Organic,1,30,21,52.0,0,0,0,129,28.454545454545453,20.90909090909091,52.0,0,651,28.454545454545453,20.90909090909091,651.0
4416,2026-06-30,Starter,Europe,Healthcare,Referral,1,53,20,40.75,4,0,0,49,52.25,18.5,40.75,4,92,52.25,18.5,92.0
4417,2024-12-18,Starter,Europe,SaaS,Partner,0,27,28,67.5909090909091,0,0,0,49,27.40909090909091,27.5,67.5909090909091,0,651,27.40909090909091,27.5,651.0
4418,2026-09-07,Starter,Europe,Manufacturing,Referral,1,58,20,72.0,4,0,0,49,69.0,21.0,72.0,4,23,69.0,21.0,23.0
4419,2025-02-17,Starter,Asia Pacific,Education,Outbound Sales,1,25,29,87.25,0,0,0,49,23.65,27.4,87.25,0,590,23.65,27.4,590.0
4420,2026-08-30,Starter,Europe,Education,Organic,0,58,8,59.0,1,0,0,49,52.5,9.0,59.0,1,31,52.5,9.0,31.0
4421,2024-11-19,Starter,North America,Education,Organic,0,86,12,77.04347826086956,0,0,0,49,82.52173913043478,12.652173913043478,77.04347826086956,0,680,82.52173913043478,12.652173913043478,680.0
4422,2024-12-18,Starter,North America,Education,Paid Search,1,28,20,59.59090909090909,3,0,0,49,27.318181818181817,18.681818181818183,59.59090909090909,3,651,27.318181818181817,18.681818181818183,651.0
4423,2025-02-25,Starter,Latin America,Education,Paid Search,1,46,18,74.35,2,0,0,49,44.15,19.05,74.35,2,582,44.15,19.05,582.0
4424,2025-12-30,Enterprise,Latin America,Retail,Partner,0,59,13,84.6,0,0,0,399,57.4,12.9,84.6,0,274,57.4,12.9,274.0
4425,2026-01-27,Growth,North America,Healthcare,Outbound Sales,1,58,21,83.11111111111111,0,1,2026-06-03 00:00:00,129,54.666666666666664,21.22222222222222,83.11111111111111,0,246,54.666666666666664,21.22222222222222,127.0
4426,2025-03-05,Growth,Asia Pacific,Education,Partner,1,53,27,46.8,2,0,0,129,55.4,25.6,46.8,2,574,55.4,25.6,574.0
4427,2026-05-13,Starter,North America,Manufacturing,Referral,1,60,18,68.4,1,0,0,49,64.0,16.8,68.4,1,140,64.0,16.8,140.0
4428,2025-07-15,Starter,North America,Retail,Outbound Sales,1,81,19,70.4,3,0,0,49,81.8,17.6,70.4,3,442,81.8,17.6,442.0
4429,2026-02-27,Starter,Europe,Finance,Partner,0,49,27,47.25,0,0,0,49,50.0,23.625,47.25,0,215,50.0,23.625,215.0
4430,2025-04-04,Starter,Latin America,Finance,Outbound Sales,1,32,22,58.63157894736842,3,0,0,49,32.10526315789474,23.31578947368421,58.63157894736842,3,544,32.10526315789474,23.31578947368421,544.0
4431,2025-05-28,Growth,Latin America,Education,Referral,1,17,16,50.1764705882353,0,0,0,129,16.941176470588236,15.058823529411764,50.1764705882353,0,490,16.941176470588236,15.058823529411764,490.0
4432,2026-08-06,Starter,Asia Pacific,Education,Outbound Sales,1,31,18,58.5,0,0,0,49,33.5,14.5,58.5,0,55,33.5,14.5,55.0
4433,2024-11-08,Starter,North America,Education,Referral,0,23,27,64.0,4,0,0,49,22.333333333333332,25.958333333333332,64.0,4,691,22.333333333333332,25.958333333333332,691.0
4434,2025-09-03,Starter,Asia Pacific,Retail,Organic,1,51,29,35.357142857142854,0,0,0,49,47.142857142857146,27.785714285714285,35.357142857142854,0,392,47.142857142857146,27.785714285714285,392.0
4435,2026-01-03,Enterprise,Asia Pacific,SaaS,Outbound Sales,1,48,17,59.3,4,0,0,399,46.4,15.4,59.3,4,270,46.4,15.4,270.0
4436,2026-09-07,Starter,Asia Pacific,Education,Referral,0,89,17,30.0,0,0,0,49,93.0,15.0,30.0,0,23,93.0,15.0,23.0
4437,2025-02-10,Enterprise,Europe,Healthcare,Paid Search,1,68,23,38.25,3,0,0,399,62.8,22.6,38.25,3,597,62.8,22.6,597.0
4438,2026-09-08,Growth,Latin America,SaaS,Organic,1,35,15,35.0,0,0,0,129,43.0,16.0,35.0,0,22,43.0,16.0,22.0
4439,2026-04-15,Starter,Asia Pacific,Finance,Outbound Sales,1,27,5,50.5,2,1,2026-07-23 00:00:00,49,27.0,5.0,50.5,2,168,27.0,5.0,99.0
4440,2026-07-29,Starter,Asia Pacific,Education,Organic,1,52,27,38.666666666666664,0,0,0,49,44.666666666666664,26.333333333333332,38.666666666666664,0,63,44.666666666666664,26.333333333333332,63.0
4441,2026-07-12,Starter,Latin America,Education,Paid Search,1,31,11,49.333333333333336,1,0,0,49,32.333333333333336,11.333333333333334,49.333333333333336,1,80,32.333333333333336,11.333333333333334,80.0
4442,2025-03-19,Starter,Europe,Manufacturing,Outbound Sales,1,67,22,49.73684210526316,0,0,0,49,65.57894736842105,20.894736842105264,49.73684210526316,0,560,65.57894736842105,20.894736842105264,560.0
4443,2026-01-01,Starter,Europe,Manufacturing,Referral,1,41,18,61.7,0,0,0,49,42.5,14.8,61.7,0,272,42.5,14.8,272.0
4444,2025-02-14,Enterprise,Latin America,SaaS,Partner,1,26,9,73.8,2,0,0,399,26.25,9.0,73.8,2,593,26.25,9.0,593.0
4445,2026-04-06,Starter,Europe,Healthcare,Organic,1,59,32,45.333333333333336,4,0,0,49,61.166666666666664,30.5,45.333333333333336,4,177,61.166666666666664,30.5,177.0
4446,2026-07-24,Enterprise,Europe,Education,Partner,1,94,13,63.333333333333336,0,1,2026-08-30 00:00:00,399,105.66666666666667,14.333333333333334,63.333333333333336,0,68,105.66666666666667,14.333333333333334,37.0
4447,2025-08-15,Starter,Latin America,Manufacturing,Outbound Sales,0,76,9,66.85714285714286,4,0,0,49,72.5,8.285714285714286,66.85714285714286,4,411,72.5,8.285714285714286,411.0
4448,2025-02-23,Enterprise,Europe,Finance,Paid Search,1,38,10,32.55,1,0,0,399,36.1,8.55,32.55,1,584,36.1,8.55,584.0
4449,2025-02-15,Starter,Latin America,Finance,Paid Search,1,26,9,57.1,0,0,0,49,27.05,8.1,57.1,0,592,27.05,8.1,592.0
4450,2026-03-23,Growth,Asia Pacific,SaaS,Organic,0,77,12,38.857142857142854,0,0,0,129,75.85714285714286,12.714285714285714,38.857142857142854,0,191,75.85714285714286,12.714285714285714,191.0
4451,2025-05-21,Enterprise,Latin America,Manufacturing,Paid Search,1,49,13,79.17647058823529,1,0,0,399,45.35294117647059,12.705882352941176,79.17647058823529,1,497,45.35294117647059,12.705882352941176,497.0
4452,2026-07-15,Enterprise,Latin America,Education,Outbound Sales,1,61,14,83.33333333333333,3,0,0,399,60.0,15.333333333333334,83.33333333333333,3,77,60.0,15.333333333333334,77.0
4453,2025-05-22,Starter,Europe,Retail,Referral,1,77,26,74.70588235294117,2,0,0,49,73.23529411764706,23.941176470588236,74.70588235294117,2,496,73.23529411764706,23.941176470588236,496.0
4454,2025-07-26,Growth,Europe,Retail,Organic,1,50,8,58.733333333333334,3,0,0,129,48.6,7.8,58.733333333333334,3,431,48.6,7.8,431.0
4455,2026-04-18,Starter,Asia Pacific,Healthcare,Outbound Sales,1,76,9,63.5,1,0,0,49,79.66666666666667,9.666666666666666,63.5,1,165,79.66666666666667,9.666666666666666,165.0
4456,2025-05-24,Starter,Asia Pacific,SaaS,Outbound Sales,1,43,17,80.23529411764706,0,0,0,49,39.294117647058826,14.882352941176471,80.23529411764706,0,494,39.294117647058826,14.882352941176471,494.0
4457,2025-10-31,Starter,Asia Pacific,SaaS,Paid Search,0,67,16,44.833333333333336,1,0,0,49,66.33333333333333,15.666666666666666,44.833333333333336,1,334,66.33333333333333,15.666666666666666,334.0
4458,2025-12-23,Starter,Latin America,Retail,Outbound Sales,1,37,21,55.0,2,1,2026-04-07 00:00:00,49,34.7,20.2,55.0,2,281,34.7,20.2,105.0
4459,2025-04-12,Growth,Europe,Finance,Organic,1,51,20,40.611111111111114,0,0,0,129,54.44444444444444,18.555555555555557,40.611111111111114,0,536,54.44444444444444,18.555555555555557,536.0
4460,2024-12-09,Enterprise,North America,Finance,Outbound Sales,1,53,13,51.47826086956522,4,0,0,399,53.73913043478261,12.173913043478262,51.47826086956522,4,660,53.73913043478261,12.173913043478262,660.0
4461,2026-05-14,Growth,Latin America,Education,Organic,1,73,10,56.6,0,0,0,129,73.0,9.2,56.6,0,139,73.0,9.2,139.0
4462,2026-03-22,Growth,North America,Retail,Partner,1,50,12,69.14285714285714,1,0,0,129,46.57142857142857,9.857142857142858,69.14285714285714,1,192,46.57142857142857,9.857142857142858,192.0
4463,2025-05-30,Enterprise,North America,Healthcare,Outbound Sales,1,30,27,69.0,0,0,0,399,28.11764705882353,26.647058823529413,69.0,0,488,28.11764705882353,26.647058823529413,488.0
4464,2026-03-06,Starter,North America,Manufacturing,Outbound Sales,1,75,20,76.28571428571429,3,0,0,49,76.57142857142857,19.714285714285715,76.28571428571429,3,208,76.57142857142857,19.714285714285715,208.0
4465,2025-10-03,Starter,North America,Healthcare,Organic,1,34,31,42.0,0,0,0,49,34.69230769230769,31.692307692307693,42.0,0,362,34.69230769230769,31.692307692307693,362.0
4466,2025-06-27,Starter,Europe,Manufacturing,Outbound Sales,1,38,20,51.8125,2,0,0,49,37.6875,19.4375,51.8125,2,460,37.6875,19.4375,460.0
4467,2024-11-01,Growth,Asia Pacific,Finance,Outbound Sales,1,34,22,90.0,1,1,2024-12-07 00:00:00,129,35.625,19.5,90.0,1,698,35.625,19.5,36.0
4468,2026-09-17,Starter,Europe,Education,Organic,0,39,2,13.0,1,0,0,49,29.0,2.0,13.0,1,13,29.0,2.0,13.0
4469,2025-01-29,Growth,North America,Finance,Partner,1,55,23,41.333333333333336,0,0,0,129,53.95238095238095,23.095238095238095,41.333333333333336,0,609,53.95238095238095,23.095238095238095,609.0
4470,2025-02-20,Growth,Europe,Education,Outbound Sales,1,50,6,65.4,2,0,0,129,51.5,5.6,65.4,2,587,51.5,5.6,587.0
4471,2026-06-09,Starter,Latin America,Retail,Partner,1,52,18,47.75,0,0,0,49,54.5,19.0,47.75,0,113,54.5,19.0,113.0
4472,2026-09-15,Starter,Latin America,Retail,Referral,0,64,22,79.0,6,0,0,49,50.0,27.0,79.0,6,15,50.0,27.0,15.0
4473,2026-03-19,Starter,Latin America,Retail,Outbound Sales,0,37,21,45.857142857142854,2,0,0,49,37.714285714285715,22.0,45.857142857142854,2,195,37.714285714285715,22.0,195.0
4474,2025-03-31,Growth,Asia Pacific,Retail,Referral,1,32,21,66.26315789473684,2,0,0,129,31.894736842105264,19.263157894736842,66.26315789473684,2,548,31.894736842105264,19.263157894736842,548.0
4475,2025-01-30,Starter,Asia Pacific,Education,Organic,0,31,18,59.19047619047619,0,0,0,49,31.095238095238095,17.142857142857142,59.19047619047619,0,608,31.095238095238095,17.142857142857142,608.0
4476,2026-04-06,Starter,Asia Pacific,SaaS,Referral,1,68,7,69.33333333333333,2,0,0,49,67.66666666666667,6.166666666666667,69.33333333333333,2,177,67.66666666666667,6.166666666666667,177.0
4477,2025-01-14,Starter,Europe,Education,Organic,1,3,9,60.0,0,0,0,49,2.380952380952381,8.80952380952381,60.0,0,624,2.380952380952381,8.80952380952381,624.0
4478,2025-02-10,Enterprise,Europe,SaaS,Partner,0,21,12,85.65,0,0,0,399,20.7,11.95,85.65,0,597,20.7,11.95,597.0
4479,2025-07-19,Starter,Latin America,Education,Outbound Sales,1,59,16,77.53333333333333,0,0,0,49,60.86666666666667,15.8,77.53333333333333,0,438,60.86666666666667,15.8,438.0
4480,2026-08-20,Starter,Europe,Retail,Partner,1,37,23,52.0,1,0,0,49,31.5,21.0,52.0,1,41,31.5,21.0,41.0
4481,2025-06-23,Starter,Latin America,Retail,Referral,0,69,19,30.6875,0,0,0,49,70.625,18.0625,30.6875,0,464,70.625,18.0625,464.0
4482,2026-02-09,Starter,Europe,Finance,Paid Search,1,38,25,71.625,0,0,0,49,37.875,23.125,71.625,0,233,37.875,23.125,233.0
4483,2025-08-29,Starter,Europe,Retail,Referral,1,79,15,35.5,2,0,0,49,75.14285714285714,15.785714285714286,35.5,2,397,75.14285714285714,15.785714285714286,397.0
4484,2025-07-27,Growth,Latin America,Healthcare,Partner,1,18,19,57.93333333333333,2,0,0,129,17.8,17.666666666666668,57.93333333333333,2,430,17.8,17.666666666666668,430.0
4485,2026-02-17,Starter,Latin America,SaaS,Organic,1,36,1,70.625,2,0,0,49,32.375,0.5,70.625,2,225,32.375,0.5,225.0
4486,2024-12-20,Starter,Europe,Manufacturing,Organic,0,34,14,81.63636363636364,0,0,0,49,35.31818181818182,14.5,81.63636363636364,0,649,35.31818181818182,14.5,649.0
4487,2025-02-09,Starter,Latin America,Healthcare,Referral,0,2,21,50.5,1,0,0,49,1.65,19.55,50.5,1,598,1.65,19.55,598.0
4488,2025-04-26,Starter,North America,Manufacturing,Partner,0,70,21,45.833333333333336,3,0,0,49,72.16666666666667,19.27777777777778,45.833333333333336,3,522,72.16666666666667,19.27777777777778,522.0
4489,2024-12-09,Enterprise,Asia Pacific,Healthcare,Outbound Sales,1,49,13,34.04347826086956,2,0,0,399,49.30434782608695,12.652173913043478,34.04347826086956,2,660,49.30434782608695,12.652173913043478,660.0
4490,2025-08-23,Starter,Latin America,Healthcare,Paid Search,1,40,23,27.928571428571427,0,0,0,49,40.285714285714285,24.5,27.928571428571427,0,403,40.285714285714285,24.5,403.0
4491,2025-11-02,Starter,Latin America,Manufacturing,Referral,1,35,19,72.66666666666667,0,1,2026-05-11 00:00:00,49,33.833333333333336,19.5,72.66666666666667,0,332,33.833333333333336,19.5,190.0
4492,2026-01-09,Starter,Latin America,Education,Paid Search,1,11,30,85.77777777777777,1,0,0,49,10.777777777777779,27.555555555555557,85.77777777777777,1,264,10.777777777777779,27.555555555555557,264.0
4493,2025-02-25,Starter,North America,Healthcare,Outbound Sales,0,63,17,39.1,2,0,0,49,65.3,16.8,39.1,2,582,65.3,16.8,582.0
4494,2025-02-04,Growth,Europe,Manufacturing,Partner,1,27,11,51.095238095238095,0,0,0,129,27.761904761904763,9.761904761904763,51.095238095238095,0,603,27.761904761904763,9.761904761904763,603.0
4495,2024-12-15,Starter,Europe,SaaS,Outbound Sales,1,68,26,67.31818181818181,0,0,0,49,68.9090909090909,27.045454545454547,67.31818181818181,0,654,68.9090909090909,27.045454545454547,654.0
4496,2024-11-08,Growth,Europe,Manufacturing,Referral,1,80,19,62.916666666666664,0,0,0,129,83.125,17.166666666666668,62.916666666666664,0,691,83.125,17.166666666666668,691.0
4497,2025-03-20,Starter,Latin America,Finance,Paid Search,0,47,14,89.36842105263158,1,0,0,49,46.36842105263158,14.421052631578947,89.36842105263158,1,559,46.36842105263158,14.421052631578947,559.0
4498,2026-09-09,Starter,North America,Manufacturing,Partner,1,42,12,19.0,1,0,0,49,50.0,13.0,19.0,1,21,50.0,13.0,21.0
4499,2026-08-23,Starter,Asia Pacific,Retail,Paid Search,1,71,20,64.5,0,0,0,49,65.0,19.5,64.5,0,38,65.0,19.5,38.0
4500,2025-04-22,Growth,Asia Pacific,SaaS,Outbound Sales,1,67,21,38.27777777777778,0,0,0,129,65.83333333333333,19.833333333333332,38.27777777777778,0,526,65.83333333333333,19.833333333333332,526.0
4501,2025-10-01,Growth,North America,Healthcare,Partner,1,22,27,49.69230769230769,0,0,0,129,23.076923076923077,28.076923076923077,49.69230769230769,0,364,23.076923076923077,28.076923076923077,364.0
4502,2025-10-31,Growth,Latin America,SaaS,Partner,1,26,29,65.5,3,0,0,129,25.333333333333332,27.5,65.5,3,334,25.333333333333332,27.5,334.0
4503,2026-01-21,Growth,Asia Pacific,Education,Outbound Sales,1,40,19,39.22222222222222,2,0,0,129,34.333333333333336,19.0,39.22222222222222,2,252,34.333333333333336,19.0,252.0
4504,2026-07-28,Growth,Europe,Retail,Organic,1,63,15,55.666666666666664,5,0,0,129,68.0,15.0,55.666666666666664,5,64,68.0,15.0,64.0
4505,2025-07-31,Starter,North America,SaaS,Paid Search,1,24,25,83.93333333333334,0,0,0,49,23.466666666666665,26.0,83.93333333333334,0,426,23.466666666666665,26.0,426.0
4506,2025-02-02,Starter,Latin America,Healthcare,Paid Search,1,67,24,54.476190476190474,1,0,0,49,68.71428571428571,25.61904761904762,54.476190476190474,1,605,68.71428571428571,25.61904761904762,605.0
4507,2025-11-15,Enterprise,Latin America,Healthcare,Partner,1,52,19,86.0,0,0,0,399,52.36363636363637,21.545454545454547,86.0,0,319,52.36363636363637,21.545454545454547,319.0
4508,2025-10-15,Enterprise,Europe,SaaS,Referral,1,15,14,68.08333333333333,1,0,0,399,16.416666666666668,12.916666666666666,68.08333333333333,1,350,16.416666666666668,12.916666666666666,350.0
4509,2025-05-05,Starter,North America,Education,Paid Search,1,29,18,57.388888888888886,0,0,0,49,27.5,19.666666666666668,57.388888888888886,0,513,27.5,19.666666666666668,513.0
4510,2025-02-23,Enterprise,Latin America,SaaS,Outbound Sales,1,42,27,59.9,1,0,0,399,40.1,25.9,59.9,1,584,40.1,25.9,584.0
4511,2025-12-14,Starter,North America,Education,Paid Search,0,51,22,16.4,1,0,0,49,54.5,22.2,16.4,1,290,54.5,22.2,290.0
4512,2025-12-13,Starter,Europe,Manufacturing,Outbound Sales,0,37,17,62.9,0,0,0,49,34.3,14.4,62.9,0,291,34.3,14.4,291.0
4513,2026-02-09,Starter,Asia Pacific,Retail,Partner,0,59,26,44.5,0,0,0,49,58.375,23.625,44.5,0,233,58.375,23.625,233.0
4514,2025-08-04,Growth,Asia Pacific,SaaS,Paid Search,0,62,14,69.33333333333333,1,0,0,129,63.13333333333333,13.333333333333334,69.33333333333333,1,422,63.13333333333333,13.333333333333334,422.0
4515,2025-11-28,Growth,Asia Pacific,Education,Partner,1,49,10,67.36363636363636,0,0,0,129,53.18181818181818,9.181818181818182,67.36363636363636,0,306,53.18181818181818,9.181818181818182,306.0
4516,2026-03-03,Growth,Europe,Retail,Referral,0,51,20,76.375,0,0,0,129,52.125,18.5,76.375,0,211,52.125,18.5,211.0
4517,2026-01-04,Growth,Asia Pacific,Retail,Paid Search,1,88,24,78.88888888888889,0,0,0,129,82.77777777777777,23.444444444444443,78.88888888888889,0,269,82.77777777777777,23.444444444444443,269.0
4518,2026-08-25,Starter,Europe,Manufacturing,Outbound Sales,0,58,17,77.5,1,0,0,49,61.0,20.0,77.5,1,36,61.0,20.0,36.0
4519,2025-04-18,Enterprise,Asia Pacific,SaaS,Referral,1,37,33,48.833333333333336,0,0,0,399,35.666666666666664,29.833333333333332,48.833333333333336,0,530,35.666666666666664,29.833333333333332,530.0
4520,2025-02-22,Growth,North America,Retail,Paid Search,0,7,13,71.7,4,0,0,129,6.45,12.5,71.7,4,585,6.45,12.5,585.0
4521,2025-03-14,Enterprise,North America,Healthcare,Outbound Sales,0,42,23,74.10526315789474,1,0,0,399,41.0,23.473684210526315,74.10526315789474,1,565,41.0,23.473684210526315,565.0
4522,2024-12-29,Starter,Asia Pacific,Manufacturing,Outbound Sales,1,32,11,46.36363636363637,0,0,0,49,31.59090909090909,10.681818181818182,46.36363636363637,0,640,31.59090909090909,10.681818181818182,640.0
4523,2025-04-11,Starter,North America,Finance,Paid Search,0,34,15,71.22222222222223,5,0,0,49,34.5,14.277777777777779,71.22222222222223,5,537,34.5,14.277777777777779,537.0
4524,2025-02-13,Starter,Europe,Finance,Partner,1,75,23,31.85,1,1,2025-10-14 00:00:00,49,75.5,23.0,31.85,1,594,75.5,23.0,243.0
4525,2026-06-26,Starter,Europe,Healthcare,Outbound Sales,1,48,17,51.0,3,0,0,49,49.75,18.25,51.0,3,96,49.75,18.25,96.0
4526,2026-03-08,Starter,Europe,Manufacturing,Organic,1,31,23,51.42857142857143,0,0,0,49,26.857142857142858,21.857142857142858,51.42857142857143,0,206,26.857142857142858,21.857142857142858,206.0
4527,2026-06-04,Enterprise,Latin America,Healthcare,Outbound Sales,1,43,16,53.25,0,0,0,399,45.75,16.25,53.25,0,118,45.75,16.25,118.0
4528,2026-09-24,Enterprise,Asia Pacific,Education,Outbound Sales,1,55,30,59.0,0,0,0,399,66.0,26.0,59.0,0,6,66.0,26.0,6.0
4529,2026-01-21,Starter,Latin America,Manufacturing,Partner,1,0,22,51.77777777777778,1,0,0,49,0.0,23.88888888888889,51.77777777777778,1,252,0.0,23.88888888888889,252.0
4530,2025-05-03,Growth,Europe,Retail,Partner,1,88,22,61.27777777777778,0,0,0,129,96.11111111111111,21.88888888888889,61.27777777777778,0,515,96.11111111111111,21.88888888888889,515.0
4531,2026-07-17,Starter,Asia Pacific,Education,Paid Search,1,44,39,77.33333333333333,1,0,0,49,43.333333333333336,35.333333333333336,77.33333333333333,1,75,43.333333333333336,35.333333333333336,75.0
4532,2025-11-22,Growth,Europe,Finance,Referral,1,61,20,30.818181818181817,0,1,2026-06-23 00:00:00,129,60.81818181818182,16.90909090909091,30.818181818181817,0,312,60.81818181818182,16.90909090909091,213.0
4533,2026-07-18,Enterprise,Asia Pacific,Healthcare,Paid Search,1,53,7,62.0,2,0,0,399,57.666666666666664,5.666666666666667,62.0,2,74,57.666666666666664,5.666666666666667,74.0
4534,2024-11-28,Starter,Europe,Education,Partner,1,0,8,55.08695652173913,0,0,0,49,0.0,7.739130434782608,55.08695652173913,0,671,0.0,7.739130434782608,671.0
4535,2026-09-30,Starter,Europe,Finance,Organic,1,59,22,17.0,1,0,0,49,59.0,15.0,17.0,1,0,59.0,15.0,0.0
4536,2025-03-12,Growth,Asia Pacific,Retail,Organic,0,56,18,9.263157894736842,5,0,0,129,53.36842105263158,18.31578947368421,9.263157894736842,5,567,53.36842105263158,18.31578947368421,567.0
4537,2026-03-08,Growth,Asia Pacific,Finance,Referral,1,75,15,51.57142857142857,4,0,0,129,72.71428571428571,14.285714285714286,51.57142857142857,4,206,72.71428571428571,14.285714285714286,206.0
4538,2026-03-13,Starter,Europe,Finance,Referral,1,14,14,86.42857142857143,3,0,0,49,14.428571428571429,12.428571428571429,86.42857142857143,3,201,14.428571428571429,12.428571428571429,201.0
4539,2025-02-22,Growth,Europe,Manufacturing,Paid Search,1,16,24,30.25,0,1,2026-06-21 00:00:00,129,14.45,24.65,30.25,0,585,14.45,24.65,484.0
4540,2025-12-25,Growth,Latin America,Retail,Paid Search,1,83,4,62.3,1,0,0,129,86.6,3.0,62.3,1,279,86.6,3.0,279.0
4541,2026-01-24,Enterprise,North America,Manufacturing,Outbound Sales,1,4,10,56.888888888888886,1,0,0,399,3.111111111111111,10.222222222222221,56.888888888888886,1,249,3.111111111111111,10.222222222222221,249.0
4542,2024-12-16,Starter,Europe,Retail,Outbound Sales,1,62,26,85.5909090909091,5,0,0,49,58.27272727272727,26.363636363636363,85.5909090909091,5,653,58.27272727272727,26.363636363636363,653.0
4543,2025-01-02,Starter,Latin America,Finance,Paid Search,1,48,2,76.86363636363636,0,0,0,49,50.45454545454545,1.5909090909090908,76.86363636363636,0,636,50.45454545454545,1.5909090909090908,636.0
4544,2025-07-24,Growth,Europe,Education,Referral,1,45,15,21.6,3,0,0,129,44.333333333333336,14.4,21.6,3,433,44.333333333333336,14.4,433.0
4545,2026-08-31,Starter,Latin America,Education,Paid Search,0,44,13,20.0,1,0,0,49,41.5,14.0,20.0,1,30,41.5,14.0,30.0
4546,2025-09-16,Growth,Europe,Manufacturing,Organic,1,72,21,55.76923076923077,4,0,0,129,74.53846153846153,21.307692307692307,55.76923076923077,4,379,74.53846153846153,21.307692307692307,379.0
4547,2024-11-11,Starter,Europe,Education,Referral,1,24,24,28.91304347826087,0,0,0,49,22.956521739130434,24.043478260869566,28.91304347826087,0,688,22.956521739130434,24.043478260869566,688.0
4548,2026-09-24,Growth,North America,Retail,Referral,1,52,0,82.0,0,0,0,129,40.0,0.0,82.0,0,6,40.0,0.0,6.0
4549,2026-04-20,Starter,North America,Retail,Outbound Sales,1,32,17,82.0,0,0,0,49,28.5,16.5,82.0,0,163,28.5,16.5,163.0
4550,2026-06-12,Growth,Europe,Finance,Partner,1,76,0,80.5,0,0,0,129,76.25,0.0,80.5,0,110,76.25,0.0,110.0
4551,2026-05-31,Growth,Europe,Manufacturing,Outbound Sales,1,32,14,41.0,0,0,0,129,26.4,15.0,41.0,0,122,26.4,15.0,122.0
4552,2025-06-16,Growth,Asia Pacific,Healthcare,Outbound Sales,0,61,12,58.6875,0,0,0,129,62.25,12.4375,58.6875,0,471,62.25,12.4375,471.0
4553,2026-09-15,Starter,Europe,Retail,Partner,1,15,8,33.0,2,0,0,49,16.0,7.0,33.0,2,15,16.0,7.0,15.0
4554,2025-10-11,Starter,North America,Finance,Paid Search,1,50,28,30.0,0,0,0,49,50.25,30.25,30.0,0,354,50.25,30.25,354.0
4555,2026-04-14,Starter,Latin America,Education,Organic,0,47,22,58.333333333333336,3,0,0,49,42.166666666666664,20.666666666666668,58.333333333333336,3,169,42.166666666666664,20.666666666666668,169.0
4556,2026-04-18,Growth,Asia Pacific,Retail,Outbound Sales,1,53,0,86.66666666666667,2,0,0,129,52.166666666666664,0.0,86.66666666666667,2,165,52.166666666666664,0.0,165.0
4557,2026-07-25,Starter,Latin America,Finance,Organic,1,34,28,71.66666666666667,1,0,0,49,29.666666666666668,29.0,71.66666666666667,1,67,29.666666666666668,29.0,67.0
4558,2025-02-04,Starter,Latin America,Manufacturing,Referral,1,67,9,49.19047619047619,2,0,0,49,67.23809523809524,8.19047619047619,49.19047619047619,2,603,67.23809523809524,8.19047619047619,603.0
4559,2026-01-16,Starter,Asia Pacific,Education,Paid Search,1,0,5,49.55555555555556,0,0,0,49,0.0,4.555555555555555,49.55555555555556,0,257,0.0,4.555555555555555,257.0
4560,2026-09-07,Starter,Europe,Healthcare,Referral,0,26,25,72.0,0,0,0,49,25.0,16.0,72.0,0,23,25.0,16.0,23.0
4561,2025-07-11,Starter,North America,Finance,Organic,1,67,4,47.6,0,0,0,49,66.33333333333333,3.1333333333333333,47.6,0,446,66.33333333333333,3.1333333333333333,446.0
4562,2026-03-07,Starter,Asia Pacific,SaaS,Organic,0,39,8,53.857142857142854,0,0,0,49,36.57142857142857,7.428571428571429,53.857142857142854,0,207,36.57142857142857,7.428571428571429,207.0
4563,2025-10-19,Growth,North America,Education,Partner,1,58,15,33.333333333333336,2,0,0,129,58.75,13.666666666666666,33.333333333333336,2,346,58.75,13.666666666666666,346.0
4564,2026-09-09,Growth,Europe,Healthcare,Referral,1,32,19,60.0,1,0,0,129,41.0,22.0,60.0,1,21,41.0,22.0,21.0
4565,2026-09-22,Starter,North America,SaaS,Partner,1,49,12,43.0,0,0,0,49,35.0,16.0,43.0,0,8,35.0,16.0,8.0
4566,2026-08-17,Starter,Latin America,Retail,Organic,0,87,16,98.0,2,0,0,49,105.5,17.5,98.0,2,44,105.5,17.5,44.0
4567,2025-11-28,Starter,North America,Education,Organic,1,0,19,57.0,0,0,0,49,0.0,18.272727272727273,57.0,0,306,0.0,18.272727272727273,306.0
4568,2025-03-31,Starter,Asia Pacific,Finance,Referral,1,41,30,48.473684210526315,1,0,0,49,37.0,26.94736842105263,48.473684210526315,1,548,37.0,26.94736842105263,548.0
4569,2026-05-24,Starter,Latin America,SaaS,Outbound Sales,1,40,15,33.0,1,0,0,49,43.4,15.0,33.0,1,129,43.4,15.0,129.0
4570,2026-07-19,Growth,North America,Healthcare,Organic,1,75,14,62.666666666666664,1,0,0,129,69.33333333333333,12.333333333333334,62.666666666666664,1,73,69.33333333333333,12.333333333333334,73.0
4571,2024-12-24,Growth,North America,SaaS,Referral,1,41,22,49.5,2,0,0,129,38.81818181818182,22.818181818181817,49.5,2,645,38.81818181818182,22.818181818181817,645.0
4572,2024-11-10,Enterprise,Asia Pacific,Finance,Outbound Sales,1,13,17,57.43478260869565,3,0,0,399,12.73913043478261,15.91304347826087,57.43478260869565,3,689,12.73913043478261,15.91304347826087,689.0
4573,2026-08-19,Starter,Latin America,Manufacturing,Referral,1,38,7,47.5,1,0,0,49,40.5,7.0,47.5,1,42,40.5,7.0,42.0
4574,2025-04-08,Starter,Latin America,Retail,Referral,1,14,15,68.36842105263158,0,0,0,49,12.842105263157896,14.631578947368421,68.36842105263158,0,540,12.842105263157896,14.631578947368421,540.0
4575,2026-03-31,Starter,Asia Pacific,Healthcare,Referral,0,62,14,83.71428571428571,0,1,2026-08-28 00:00:00,49,52.142857142857146,15.428571428571429,83.71428571428571,0,183,52.142857142857146,15.428571428571429,150.0
4576,2026-03-21,Starter,North America,Healthcare,Organic,1,43,31,39.142857142857146,4,0,0,49,43.42857142857143,32.0,39.142857142857146,4,193,43.42857142857143,32.0,193.0
4577,2025-04-17,Starter,Europe,Education,Partner,1,23,19,65.83333333333333,3,0,0,49,23.444444444444443,18.77777777777778,65.83333333333333,3,531,23.444444444444443,18.77777777777778,531.0
4578,2025-01-14,Growth,Europe,Retail,Organic,1,47,7,74.0952380952381,1,0,0,129,48.38095238095238,7.190476190476191,74.0952380952381,1,624,48.38095238095238,7.190476190476191,624.0
4579,2026-03-17,Starter,Asia Pacific,Education,Referral,1,70,11,94.14285714285714,0,0,0,49,72.85714285714286,11.571428571428571,94.14285714285714,0,197,72.85714285714286,11.571428571428571,197.0
4580,2025-09-23,Starter,Latin America,Education,Paid Search,1,70,20,76.0,1,0,0,49,73.07692307692308,20.615384615384617,76.0,1,372,73.07692307692308,20.615384615384617,372.0
4581,2025-07-03,Growth,Latin America,Education,Referral,1,64,25,54.25,4,0,0,129,62.1875,22.5,54.25,4,454,62.1875,22.5,454.0
4582,2025-10-03,Starter,Latin America,Healthcare,Partner,1,52,14,44.15384615384615,0,0,0,49,50.92307692307692,14.538461538461538,44.15384615384615,0,362,50.92307692307692,14.538461538461538,362.0
4583,2025-08-10,Growth,Europe,Healthcare,Partner,0,40,22,81.71428571428571,0,0,0,129,40.785714285714285,20.571428571428573,81.71428571428571,0,416,40.785714285714285,20.571428571428573,416.0
4584,2024-12-20,Enterprise,Latin America,Healthcare,Organic,1,49,27,39.18181818181818,0,0,0,399,51.27272727272727,26.045454545454547,39.18181818181818,0,649,51.27272727272727,26.045454545454547,649.0
4585,2026-04-02,Enterprise,Latin America,Manufacturing,Referral,1,38,16,95.57142857142857,1,0,0,399,39.42857142857143,18.0,95.57142857142857,1,181,39.42857142857143,18.0,181.0
4586,2025-06-15,Growth,Europe,Healthcare,Paid Search,1,47,28,51.9375,2,0,0,129,46.75,28.125,51.9375,2,472,46.75,28.125,472.0
4587,2026-05-16,Starter,North America,Retail,Paid Search,0,41,20,70.8,1,0,0,49,41.4,17.6,70.8,1,137,41.4,17.6,137.0
4588,2026-08-19,Starter,Asia Pacific,Retail,Paid Search,0,53,14,81.5,3,0,0,49,47.5,13.5,81.5,3,42,47.5,13.5,42.0
4589,2025-11-21,Growth,Latin America,Education,Referral,1,22,11,75.9090909090909,1,0,0,129,21.818181818181817,10.0,75.9090909090909,1,313,21.818181818181817,10.0,313.0
4590,2025-12-16,Growth,Europe,SaaS,Partner,1,71,19,45.1,0,0,0,129,64.4,16.9,45.1,0,288,64.4,16.9,288.0
4591,2025-06-27,Starter,Latin America,SaaS,Referral,1,48,33,22.875,2,1,2025-09-05 00:00:00,49,46.4375,32.4375,22.875,2,460,46.4375,32.4375,70.0
4592,2026-02-12,Starter,North America,Education,Outbound Sales,1,0,17,66.625,2,0,0,49,0.0,16.375,66.625,2,230,0.0,16.375,230.0
4593,2026-01-27,Starter,Europe,Healthcare,Referral,0,41,14,42.22222222222222,0,0,0,49,38.333333333333336,13.333333333333334,42.22222222222222,0,246,38.333333333333336,13.333333333333334,246.0
4594,2026-06-08,Starter,Europe,SaaS,Partner,1,56,6,62.25,0,0,0,49,57.0,5.25,62.25,0,114,57.0,5.25,114.0
4595,2026-01-31,Starter,Europe,Retail,Organic,0,65,16,73.11111111111111,7,0,0,49,65.33333333333333,18.22222222222222,73.11111111111111,7,242,65.33333333333333,18.22222222222222,242.0
4596,2025-01-28,Enterprise,Asia Pacific,Manufacturing,Partner,1,49,16,58.42857142857143,0,0,0,399,48.80952380952381,15.142857142857142,58.42857142857143,0,610,48.80952380952381,15.142857142857142,610.0
4597,2026-03-24,Starter,Latin America,Education,Referral,1,20,16,53.142857142857146,0,0,0,49,19.714285714285715,15.571428571428571,53.142857142857146,0,190,19.714285714285715,15.571428571428571,190.0
4598,2026-01-30,Growth,North America,Retail,Partner,0,23,6,69.88888888888889,0,0,0,129,23.22222222222222,5.0,69.88888888888889,0,243,23.22222222222222,5.0,243.0
4599,2025-09-18,Starter,Europe,Retail,Partner,1,70,30,78.0,0,0,0,49,75.61538461538461,27.846153846153847,78.0,0,377,75.61538461538461,27.846153846153847,377.0
4600,2025-02-28,Starter,North America,Finance,Organic,1,18,26,67.75,1,0,0,49,17.65,26.5,67.75,1,579,17.65,26.5,579.0
4601,2026-03-23,Growth,North America,Finance,Paid Search,0,64,0,85.85714285714286,0,0,0,129,70.14285714285714,0.0,85.85714285714286,0,191,70.14285714285714,0.0,191.0
4602,2026-08-30,Growth,Europe,Healthcare,Organic,1,40,15,64.5,0,0,0,129,46.5,12.5,64.5,0,31,46.5,12.5,31.0
4603,2024-11-17,Starter,North America,Manufacturing,Paid Search,0,49,18,69.26086956521739,1,0,0,49,47.130434782608695,17.217391304347824,69.26086956521739,1,682,47.130434782608695,17.217391304347824,682.0
4604,2025-02-12,Growth,Europe,Manufacturing,Paid Search,1,39,22,68.45,6,0,0,129,41.0,22.45,68.45,6,595,41.0,22.45,595.0
4605,2025-12-17,Growth,Asia Pacific,Finance,Organic,1,59,16,63.2,2,0,0,129,55.3,15.8,63.2,2,287,55.3,15.8,287.0
4606,2025-12-26,Starter,Latin America,Manufacturing,Referral,1,13,25,49.5,4,0,0,49,11.5,21.7,49.5,4,278,11.5,21.7,278.0
4607,2024-12-05,Starter,Latin America,Healthcare,Partner,1,23,23,61.17391304347826,0,1,2025-10-16 00:00:00,49,22.608695652173914,20.47826086956522,61.17391304347826,0,664,22.608695652173914,20.47826086956522,315.0
4608,2026-05-15,Starter,Europe,Retail,Partner,1,48,22,72.0,0,0,0,49,45.6,19.4,72.0,0,138,45.6,19.4,138.0
4609,2024-10-30,Starter,North America,SaaS,Partner,1,51,18,57.0,4,0,0,49,50.833333333333336,17.666666666666668,57.0,4,700,50.833333333333336,17.666666666666668,700.0
4610,2025-01-31,Starter,Europe,Healthcare,Paid Search,1,43,29,71.04761904761905,3,0,0,49,40.95238095238095,29.714285714285715,71.04761904761905,3,607,40.95238095238095,29.714285714285715,607.0
4611,2026-07-10,Starter,Latin America,Manufacturing,Organic,1,74,7,64.33333333333333,4,0,0,49,72.66666666666667,6.666666666666667,64.33333333333333,4,82,72.66666666666667,6.666666666666667,82.0
4612,2026-07-25,Growth,Latin America,SaaS,Partner,0,69,24,28.333333333333332,5,0,0,129,72.33333333333333,29.0,28.333333333333332,5,67,72.33333333333333,29.0,67.0
4613,2026-08-13,Starter,Europe,Finance,Paid Search,0,68,17,77.0,0,0,0,49,67.5,16.5,77.0,0,48,67.5,16.5,48.0
4614,2025-09-06,Growth,North America,Manufacturing,Organic,1,6,14,79.0,0,0,0,129,5.076923076923077,13.384615384615385,79.0,0,389,5.076923076923077,13.384615384615385,389.0
4615,2026-04-03,Starter,Asia Pacific,Finance,Paid Search,0,84,9,50.285714285714285,0,0,0,49,82.57142857142857,8.571428571428571,50.285714285714285,0,180,82.57142857142857,8.571428571428571,180.0
4616,2026-05-28,Growth,Asia Pacific,SaaS,Outbound Sales,1,38,18,49.8,2,0,0,129,39.0,17.2,49.8,2,125,39.0,17.2,125.0
4617,2025-05-29,Starter,Asia Pacific,Manufacturing,Paid Search,0,27,20,74.29411764705883,0,0,0,49,25.11764705882353,21.352941176470587,74.29411764705883,0,489,25.11764705882353,21.352941176470587,489.0
4618,2026-08-31,Growth,Asia Pacific,Education,Paid Search,1,10,12,44.5,1,0,0,129,8.5,8.0,44.5,1,30,8.5,8.0,30.0
4619,2026-09-17,Enterprise,North America,Manufacturing,Outbound Sales,0,32,21,32.0,3,0,0,399,35.0,26.0,32.0,3,13,35.0,26.0,13.0
4620,2026-02-09,Starter,Europe,Retail,Paid Search,0,16,20,94.375,3,0,0,49,15.5,21.125,94.375,3,233,15.5,21.125,233.0
4621,2025-10-14,Starter,Europe,Retail,Referral,1,39,22,85.16666666666667,0,0,0,49,39.583333333333336,22.666666666666668,85.16666666666667,0,351,39.583333333333336,22.666666666666668,351.0
4622,2025-11-06,Growth,Asia Pacific,Healthcare,Partner,1,38,12,75.72727272727273,0,0,0,129,40.63636363636363,11.636363636363637,75.72727272727273,0,328,40.63636363636363,11.636363636363637,328.0
4623,2024-12-24,Growth,North America,Manufacturing,Outbound Sales,1,0,12,87.77272727272727,3,0,0,129,0.0,11.045454545454545,87.77272727272727,3,645,0.0,11.045454545454545,645.0
4624,2025-06-15,Starter,Asia Pacific,Manufacturing,Paid Search,1,31,13,43.75,0,0,0,49,29.3125,12.5625,43.75,0,472,29.3125,12.5625,472.0
4625,2026-02-07,Enterprise,Latin America,Manufacturing,Partner,1,63,29,43.25,1,0,0,399,60.625,27.625,43.25,1,235,60.625,27.625,235.0
4626,2025-10-04,Starter,Asia Pacific,Retail,Partner,0,39,21,62.07692307692308,0,0,0,49,40.30769230769231,19.692307692307693,62.07692307692308,0,361,40.30769230769231,19.692307692307693,361.0
4627,2026-05-26,Starter,Europe,SaaS,Paid Search,1,64,18,45.2,3,0,0,49,67.8,18.0,45.2,3,127,67.8,18.0,127.0
4628,2026-07-26,Growth,Europe,Manufacturing,Paid Search,1,44,5,61.666666666666664,1,0,0,129,35.333333333333336,4.666666666666667,61.666666666666664,1,66,35.333333333333336,4.666666666666667,66.0
4629,2026-07-06,Starter,Latin America,SaaS,Outbound Sales,1,59,20,77.0,2,0,0,49,62.333333333333336,17.333333333333332,77.0,2,86,62.333333333333336,17.333333333333332,86.0
4630,2026-02-26,Starter,North America,Retail,Paid Search,1,75,25,91.875,0,0,0,49,77.5,22.25,91.875,0,216,77.5,22.25,216.0
4631,2026-09-02,Growth,Latin America,SaaS,Partner,1,33,15,78.0,2,0,0,129,23.0,20.0,78.0,2,28,23.0,20.0,28.0
4632,2025-11-06,Growth,Latin America,SaaS,Organic,1,40,31,45.63636363636363,2,0,0,129,41.63636363636363,27.545454545454547,45.63636363636363,2,328,41.63636363636363,27.545454545454547,328.0
4633,2026-02-05,Growth,Europe,Retail,Organic,1,30,10,76.625,0,0,0,129,32.25,9.75,76.625,0,237,32.25,9.75,237.0
4634,2025-02-23,Starter,Latin America,Healthcare,Outbound Sales,1,64,27,76.25,2,0,0,49,61.35,25.65,76.25,2,584,61.35,25.65,584.0
4635,2025-02-06,Starter,Europe,Retail,Paid Search,1,24,34,77.57142857142857,8,0,0,49,24.666666666666668,33.04761904761905,77.57142857142857,8,601,24.666666666666668,33.04761904761905,601.0
4636,2026-09-04,Enterprise,Latin America,SaaS,Partner,1,38,33,62.0,2,0,0,399,38.0,26.0,62.0,2,26,38.0,26.0,26.0
4637,2025-06-14,Starter,Asia Pacific,Manufacturing,Outbound Sales,1,35,32,54.75,1,0,0,49,34.375,30.9375,54.75,1,473,34.375,30.9375,473.0
4638,2024-11-01,Starter,North America,Manufacturing,Organic,1,15,9,51.125,2,0,0,49,14.583333333333334,8.208333333333334,51.125,2,698,14.583333333333334,8.208333333333334,698.0
4639,2025-10-14,Growth,North America,Retail,Organic,1,51,11,48.75,0,0,0,129,47.5,11.916666666666666,48.75,0,351,47.5,11.916666666666666,351.0
4640,2025-10-28,Growth,Asia Pacific,Retail,Outbound Sales,0,88,6,65.58333333333333,1,0,0,129,88.58333333333333,5.416666666666667,65.58333333333333,1,337,88.58333333333333,5.416666666666667,337.0
4641,2026-08-09,Starter,Europe,Education,Referral,1,54,7,75.0,0,0,0,49,49.0,6.0,75.0,0,52,49.0,6.0,52.0
4642,2025-08-24,Starter,Europe,Education,Paid Search,1,54,18,83.28571428571429,0,0,0,49,48.785714285714285,17.857142857142858,83.28571428571429,0,402,48.785714285714285,17.857142857142858,402.0
4643,2026-05-13,Growth,Asia Pacific,Manufacturing,Organic,0,54,37,61.4,0,0,0,129,51.6,31.8,61.4,0,140,51.6,31.8,140.0
4644,2026-04-17,Starter,Asia Pacific,Manufacturing,Partner,1,20,20,88.0,1,0,0,49,19.833333333333332,22.166666666666668,88.0,1,166,19.833333333333332,22.166666666666668,166.0
4645,2025-11-16,Growth,North America,Manufacturing,Referral,1,50,26,49.81818181818182,0,0,0,129,49.72727272727273,23.818181818181817,49.81818181818182,0,318,49.72727272727273,23.818181818181817,318.0
4646,2025-02-15,Starter,Europe,Manufacturing,Partner,1,39,7,86.85,0,0,0,49,39.3,6.2,86.85,0,592,39.3,6.2,592.0
4647,2024-12-15,Growth,Europe,Healthcare,Referral,1,47,14,40.68181818181818,0,1,2026-04-18 00:00:00,129,45.04545454545455,12.318181818181818,40.68181818181818,0,654,45.04545454545455,12.318181818181818,489.0
4648,2025-04-16,Growth,North America,SaaS,Outbound Sales,1,64,20,51.44444444444444,1,0,0,129,63.55555555555556,20.055555555555557,51.44444444444444,1,532,63.55555555555556,20.055555555555557,532.0
4649,2026-03-18,Enterprise,North America,Healthcare,Partner,0,51,17,71.57142857142857,2,0,0,399,50.714285714285715,14.142857142857142,71.57142857142857,2,196,50.714285714285715,14.142857142857142,196.0
4650,2025-03-22,Starter,Europe,SaaS,Outbound Sales,1,20,12,0.0,0,0,0,49,17.36842105263158,11.842105263157896,0.0,0,557,17.36842105263158,11.842105263157896,557.0
4651,2025-12-23,Starter,Asia Pacific,Education,Paid Search,0,30,19,69.2,1,0,0,49,27.8,19.4,69.2,1,281,27.8,19.4,281.0
4652,2025-02-16,Starter,Latin America,Manufacturing,Organic,0,67,11,69.0,1,0,0,49,62.8,10.45,69.0,1,591,62.8,10.45,591.0
4653,2025-07-17,Growth,North America,Healthcare,Outbound Sales,1,41,0,21.666666666666668,0,0,0,129,42.2,0.0,21.666666666666668,0,440,42.2,0.0,440.0
4654,2026-07-17,Starter,Latin America,Education,Paid Search,0,34,30,67.0,1,0,0,49,38.0,26.0,67.0,1,75,38.0,26.0,75.0
4655,2025-05-18,Enterprise,Latin America,SaaS,Partner,1,29,7,91.88235294117646,4,0,0,399,28.294117647058822,6.882352941176471,91.88235294117646,4,500,28.294117647058822,6.882352941176471,500.0
4656,2025-05-10,Enterprise,North America,Healthcare,Partner,0,69,18,59.588235294117645,0,0,0,399,68.47058823529412,17.529411764705884,59.588235294117645,0,508,68.47058823529412,17.529411764705884,508.0
4657,2025-03-02,Enterprise,Latin America,SaaS,Referral,1,70,25,48.1,0,0,0,399,68.5,25.5,48.1,0,577,68.5,25.5,577.0
4658,2025-12-06,Growth,North America,Manufacturing,Referral,0,51,34,63.1,3,0,0,129,51.9,33.4,63.1,3,298,51.9,33.4,298.0
4659,2025-06-07,Enterprise,North America,SaaS,Outbound Sales,0,43,17,49.11764705882353,5,0,0,399,44.05882352941177,15.058823529411764,49.11764705882353,5,480,44.05882352941177,15.058823529411764,480.0
4660,2026-02-10,Starter,Asia Pacific,SaaS,Outbound Sales,0,45,13,75.625,0,0,0,49,42.625,10.875,75.625,0,232,42.625,10.875,232.0
4661,2025-05-13,Growth,Asia Pacific,SaaS,Paid Search,1,61,8,48.529411764705884,1,0,0,129,57.470588235294116,6.470588235294118,48.529411764705884,1,505,57.470588235294116,6.470588235294118,505.0
4662,2025-10-11,Starter,Europe,Retail,Outbound Sales,1,26,29,49.916666666666664,5,0,0,49,25.916666666666668,25.25,49.916666666666664,5,354,25.916666666666668,25.25,354.0
4663,2025-02-17,Starter,Europe,Retail,Referral,1,57,8,64.0,3,0,0,49,56.75,7.55,64.0,3,590,56.75,7.55,590.0
4664,2025-12-28,Starter,Asia Pacific,Finance,Partner,1,41,19,90.8,1,0,0,49,38.1,17.2,90.8,1,276,38.1,17.2,276.0
4665,2024-12-16,Growth,North America,Finance,Organic,1,30,23,75.4090909090909,0,0,0,129,27.863636363636363,20.772727272727273,75.4090909090909,0,653,27.863636363636363,20.772727272727273,653.0
4666,2026-08-09,Growth,Latin America,Finance,Partner,0,32,34,88.0,5,0,0,129,34.0,28.0,88.0,5,52,34.0,28.0,52.0
4667,2026-09-18,Enterprise,North America,Retail,Referral,1,33,14,21.0,2,0,0,399,28.0,14.0,21.0,2,12,28.0,14.0,12.0
4668,2026-06-24,Growth,North America,Finance,Organic,0,49,20,79.75,2,0,0,129,45.5,15.5,79.75,2,98,45.5,15.5,98.0
4669,2025-03-05,Starter,Latin America,Manufacturing,Referral,1,19,22,81.95,0,0,0,49,17.65,20.5,81.95,0,574,17.65,20.5,574.0
4670,2026-02-03,Growth,Europe,Healthcare,Organic,1,44,17,26.375,6,0,0,129,45.625,13.875,26.375,6,239,45.625,13.875,239.0
4671,2026-02-10,Enterprise,Asia Pacific,Retail,Organic,1,63,5,69.875,0,0,0,399,55.75,4.75,69.875,0,232,55.75,4.75,232.0
4672,2026-09-04,Starter,Europe,Education,Paid Search,1,54,0,95.0,6,0,0,49,59.0,0.0,95.0,6,26,59.0,0.0,26.0
4673,2026-06-25,Starter,Latin America,Finance,Organic,0,48,25,80.25,0,0,0,49,50.5,28.75,80.25,0,97,50.5,28.75,97.0
4674,2026-03-30,Starter,North America,SaaS,Organic,1,18,24,42.42857142857143,2,0,0,49,16.857142857142858,26.285714285714285,42.42857142857143,2,184,16.857142857142858,26.285714285714285,184.0
4675,2025-03-16,Growth,Asia Pacific,Retail,Organic,1,60,16,55.89473684210526,0,0,0,129,59.26315789473684,16.263157894736842,55.89473684210526,0,563,59.26315789473684,16.263157894736842,563.0
4676,2026-03-24,Starter,North America,Manufacturing,Organic,0,41,15,55.857142857142854,1,0,0,49,42.142857142857146,15.571428571428571,55.857142857142854,1,190,42.142857142857146,15.571428571428571,190.0
4677,2024-11-03,Starter,Europe,Healthcare,Partner,0,46,13,56.666666666666664,0,0,0,49,47.041666666666664,13.083333333333334,56.666666666666664,0,696,47.041666666666664,13.083333333333334,696.0
4678,2026-04-26,Starter,Latin America,Healthcare,Outbound Sales,0,62,19,99.0,0,0,0,49,66.66666666666667,18.833333333333332,99.0,0,157,66.66666666666667,18.833333333333332,157.0
4679,2024-12-18,Starter,Europe,Healthcare,Organic,1,66,12,73.4090909090909,4,0,0,49,65.04545454545455,11.454545454545455,73.4090909090909,4,651,65.04545454545455,11.454545454545455,651.0
4680,2026-05-19,Enterprise,North America,SaaS,Paid Search,1,57,14,92.6,2,0,0,399,53.6,15.2,92.6,2,134,53.6,15.2,134.0
4681,2026-01-16,Growth,North America,Healthcare,Partner,0,43,24,73.44444444444444,0,0,0,129,41.333333333333336,21.555555555555557,73.44444444444444,0,257,41.333333333333336,21.555555555555557,257.0
4682,2026-06-21,Growth,Latin America,Healthcare,Outbound Sales,0,61,21,71.75,0,0,0,129,51.75,22.75,71.75,0,101,51.75,22.75,101.0
4683,2026-03-08,Growth,North America,SaaS,Organic,1,61,13,49.42857142857143,3,0,0,129,61.0,9.428571428571429,49.42857142857143,3,206,61.0,9.428571428571429,206.0
4684,2026-04-03,Enterprise,Europe,Retail,Paid Search,0,63,18,43.714285714285715,0,0,0,399,72.85714285714286,16.714285714285715,43.714285714285715,0,180,72.85714285714286,16.714285714285715,180.0
4685,2025-04-29,Starter,North America,Retail,Partner,0,39,5,84.11111111111111,2,0,0,49,39.27777777777778,4.166666666666667,84.11111111111111,2,519,39.27777777777778,4.166666666666667,519.0
4686,2026-06-14,Enterprise,Asia Pacific,Healthcare,Outbound Sales,0,55,26,65.0,0,0,0,399,58.5,25.25,65.0,0,108,58.5,25.25,108.0
4687,2025-04-25,Starter,North America,SaaS,Referral,1,41,26,56.27777777777778,1,0,0,49,40.55555555555556,23.666666666666668,56.27777777777778,1,523,40.55555555555556,23.666666666666668,523.0
4688,2025-03-10,Enterprise,Europe,SaaS,Referral,0,76,29,54.10526315789474,5,0,0,399,79.6842105263158,28.842105263157894,54.10526315789474,5,569,79.6842105263158,28.842105263157894,569.0
4689,2025-02-13,Enterprise,Latin America,SaaS,Referral,1,59,21,67.8,0,0,0,399,55.35,22.15,67.8,0,594,55.35,22.15,594.0
4690,2025-11-30,Growth,Europe,Manufacturing,Referral,1,5,19,65.18181818181819,1,1,2026-06-12 00:00:00,129,4.2727272727272725,20.09090909090909,65.18181818181819,1,304,4.2727272727272725,20.09090909090909,194.0
4691,2026-03-30,Enterprise,Asia Pacific,Education,Partner,0,41,24,38.142857142857146,0,0,0,399,40.42857142857143,21.428571428571427,38.142857142857146,0,184,40.42857142857143,21.428571428571427,184.0
4692,2025-11-27,Enterprise,Asia Pacific,Manufacturing,Partner,0,32,12,62.0,1,0,0,399,31.09090909090909,11.727272727272727,62.0,1,307,31.09090909090909,11.727272727272727,307.0
4693,2026-01-01,Enterprise,Europe,Manufacturing,Referral,0,71,3,88.3,0,0,0,399,75.1,2.6,88.3,0,272,75.1,2.6,272.0
4694,2026-07-15,Starter,Europe,SaaS,Referral,1,27,9,80.0,0,0,0,49,28.0,7.333333333333333,80.0,0,77,28.0,7.333333333333333,77.0
4695,2025-07-11,Starter,Asia Pacific,Manufacturing,Outbound Sales,1,27,18,71.06666666666666,5,0,0,49,26.6,18.666666666666668,71.06666666666666,5,446,26.6,18.666666666666668,446.0
4696,2025-08-06,Starter,North America,Retail,Referral,0,32,20,45.4,0,0,0,49,32.6,19.666666666666668,45.4,0,420,32.6,19.666666666666668,420.0
4697,2025-12-11,Starter,Latin America,Retail,Partner,1,47,13,73.1,2,0,0,49,50.3,12.5,73.1,2,293,50.3,12.5,293.0
4698,2025-10-16,Starter,Latin America,SaaS,Partner,1,27,15,56.833333333333336,1,0,0,49,27.5,14.833333333333334,56.833333333333336,1,349,27.5,14.833333333333334,349.0
4699,2025-08-27,Starter,Europe,Finance,Paid Search,1,44,21,44.07142857142857,3,0,0,49,42.142857142857146,20.571428571428573,44.07142857142857,3,399,42.142857142857146,20.571428571428573,399.0
4700,2026-02-05,Growth,North America,Manufacturing,Outbound Sales,1,33,22,24.125,1,0,0,129,29.375,22.125,24.125,1,237,29.375,22.125,237.0
4701,2025-03-15,Starter,North America,Retail,Organic,1,51,20,64.47368421052632,0,0,0,49,53.1578947368421,18.842105263157894,64.47368421052632,0,564,53.1578947368421,18.842105263157894,564.0
4702,2025-03-20,Growth,Asia Pacific,Finance,Paid Search,1,54,10,93.15789473684211,2,0,0,129,52.0,9.68421052631579,93.15789473684211,2,559,52.0,9.68421052631579,559.0
4703,2025-12-26,Growth,Asia Pacific,Finance,Partner,1,52,21,79.6,2,0,0,129,55.1,17.9,79.6,2,278,55.1,17.9,278.0
4704,2026-07-08,Growth,Asia Pacific,Manufacturing,Referral,1,46,20,76.33333333333333,4,0,0,129,52.666666666666664,24.0,76.33333333333333,4,84,52.666666666666664,24.0,84.0
4705,2026-04-07,Starter,Europe,Education,Partner,1,28,28,53.333333333333336,1,0,0,49,25.833333333333332,23.333333333333332,53.333333333333336,1,176,25.833333333333332,23.333333333333332,176.0
4706,2025-09-01,Starter,Europe,Education,Referral,0,53,12,84.07142857142857,0,0,0,49,53.142857142857146,11.785714285714286,84.07142857142857,0,394,53.142857142857146,11.785714285714286,394.0
4707,2026-05-13,Enterprise,North America,Retail,Paid Search,1,54,14,20.8,0,0,0,399,52.2,11.2,20.8,0,140,52.2,11.2,140.0
4708,2025-09-16,Starter,Asia Pacific,Retail,Paid Search,1,27,27,54.46153846153846,4,0,0,49,27.76923076923077,25.76923076923077,54.46153846153846,4,379,27.76923076923077,25.76923076923077,379.0
4709,2026-05-19,Starter,North America,Healthcare,Organic,1,26,29,72.6,2,0,0,49,21.2,23.2,72.6,2,134,21.2,23.2,134.0
4710,2026-08-08,Growth,Europe,Finance,Organic,1,70,12,64.5,1,1,2026-09-13 00:00:00,129,70.5,8.5,64.5,1,53,70.5,8.5,36.0
4711,2025-05-23,Starter,North America,Finance,Outbound Sales,1,26,27,27.705882352941178,0,0,0,49,25.11764705882353,24.58823529411765,27.705882352941178,0,495,25.11764705882353,24.58823529411765,495.0
4712,2025-06-01,Growth,Latin America,Education,Organic,0,30,10,41.11764705882353,0,0,0,129,30.11764705882353,10.470588235294118,41.11764705882353,0,486,30.11764705882353,10.470588235294118,486.0
4713,2026-07-31,Growth,Latin America,Finance,Partner,1,36,11,48.0,1,0,0,129,33.666666666666664,8.0,48.0,1,61,33.666666666666664,8.0,61.0
4714,2025-08-23,Growth,Latin America,Retail,Paid Search,1,30,11,57.714285714285715,1,1,2026-09-08 00:00:00,129,30.571428571428573,10.071428571428571,57.714285714285715,1,403,30.571428571428573,10.071428571428571,381.0
4715,2025-10-18,Growth,Asia Pacific,Healthcare,Referral,1,78,8,25.416666666666668,1,0,0,129,82.08333333333333,7.0,25.416666666666668,1,347,82.08333333333333,7.0,347.0
4716,2026-09-18,Enterprise,Europe,Finance,Partner,1,69,27,100.0,1,0,0,399,54.0,18.0,100.0,1,12,54.0,18.0,12.0
4717,2025-03-14,Enterprise,Latin America,Retail,Outbound Sales,0,15,27,51.36842105263158,0,0,0,399,15.263157894736842,23.894736842105264,51.36842105263158,0,565,15.263157894736842,23.894736842105264,565.0
4718,2026-08-26,Enterprise,Asia Pacific,SaaS,Paid Search,1,51,22,48.5,0,0,0,399,53.5,20.0,48.5,0,35,53.5,20.0,35.0
4719,2025-04-30,Starter,Latin America,SaaS,Paid Search,1,13,22,32.72222222222222,1,0,0,49,12.777777777777779,20.61111111111111,32.72222222222222,1,518,12.777777777777779,20.61111111111111,518.0
4720,2026-03-29,Starter,Latin America,Finance,Outbound Sales,1,14,3,47.857142857142854,0,0,0,49,13.857142857142858,2.0,47.857142857142854,0,185,13.857142857142858,2.0,185.0
4721,2026-05-08,Growth,North America,Finance,Paid Search,1,3,8,85.6,1,0,0,129,2.8,8.2,85.6,1,145,2.8,8.2,145.0
4722,2026-08-13,Growth,Asia Pacific,Manufacturing,Paid Search,0,44,22,35.0,5,0,0,129,41.5,21.5,35.0,5,48,41.5,21.5,48.0
4723,2025-09-25,Starter,North America,Healthcare,Outbound Sales,1,39,11,34.92307692307692,0,0,0,49,39.69230769230769,10.461538461538462,34.92307692307692,0,370,39.69230769230769,10.461538461538462,370.0
4724,2025-02-25,Growth,Latin America,Manufacturing,Outbound Sales,1,35,17,80.65,0,0,0,129,33.45,17.9,80.65,0,582,33.45,17.9,582.0
4725,2025-10-25,Starter,Europe,Finance,Partner,0,41,25,50.833333333333336,0,0,0,49,42.083333333333336,25.166666666666668,50.833333333333336,0,340,42.083333333333336,25.166666666666668,340.0
4726,2026-05-28,Enterprise,Asia Pacific,SaaS,Partner,1,65,25,66.4,2,0,0,399,74.8,22.0,66.4,2,125,74.8,22.0,125.0
4727,2026-03-05,Starter,Latin America,Finance,Referral,0,82,0,56.142857142857146,0,0,0,49,81.0,0.0,56.142857142857146,0,209,81.0,0.0,209.0
4728,2026-06-18,Growth,Latin America,Manufacturing,Partner,1,41,5,43.75,2,0,0,129,40.25,3.75,43.75,2,104,40.25,3.75,104.0
4729,2026-06-06,Starter,North America,SaaS,Outbound Sales,0,75,6,29.75,2,0,0,49,76.25,5.75,29.75,2,116,76.25,5.75,116.0
4730,2026-09-13,Starter,Asia Pacific,SaaS,Referral,1,49,11,78.0,0,0,0,49,54.0,13.0,78.0,0,17,54.0,13.0,17.0
4731,2025-12-31,Starter,Europe,SaaS,Organic,1,11,22,13.8,0,0,0,49,10.8,22.8,13.8,0,273,10.8,22.8,273.0
4732,2026-09-20,Starter,Latin America,SaaS,Organic,1,42,21,43.0,1,0,0,49,43.0,20.0,43.0,1,10,43.0,20.0,10.0
4733,2026-04-29,Growth,Latin America,SaaS,Partner,1,40,16,36.5,0,0,0,129,39.833333333333336,14.833333333333334,36.5,0,154,39.833333333333336,14.833333333333334,154.0
4734,2025-08-18,Enterprise,Asia Pacific,Retail,Outbound Sales,1,39,32,69.14285714285714,3,0,0,399,38.142857142857146,31.214285714285715,69.14285714285714,3,408,38.142857142857146,31.214285714285715,408.0
4735,2026-01-05,Enterprise,North America,Healthcare,Organic,1,0,12,31.77777777777778,0,0,0,399,0.0,12.0,31.77777777777778,0,268,0.0,12.0,268.0
4736,2024-11-12,Enterprise,Europe,Finance,Paid Search,1,39,15,66.04347826086956,2,0,0,399,38.43478260869565,15.304347826086957,66.04347826086956,2,687,38.43478260869565,15.304347826086957,687.0
4737,2026-04-18,Starter,Latin America,Retail,Organic,1,73,5,43.666666666666664,0,0,0,49,73.5,4.833333333333333,43.666666666666664,0,165,73.5,4.833333333333333,165.0
4738,2025-02-16,Enterprise,Europe,Manufacturing,Referral,1,70,0,85.05,1,0,0,399,74.1,0.0,85.05,1,591,74.1,0.0,591.0
4739,2024-11-24,Starter,Europe,Finance,Referral,0,54,26,71.56521739130434,0,1,2025-07-07 00:00:00,49,53.69565217391305,24.17391304347826,71.56521739130434,0,675,53.69565217391305,24.17391304347826,225.0
4740,2025-03-27,Growth,Latin America,Education,Paid Search,1,40,23,64.42105263157895,0,0,0,129,40.68421052631579,22.94736842105263,64.42105263157895,0,552,40.68421052631579,22.94736842105263,552.0
4741,2024-12-23,Growth,Europe,SaaS,Organic,1,64,14,58.90909090909091,0,0,0,129,62.59090909090909,12.909090909090908,58.90909090909091,0,646,62.59090909090909,12.909090909090908,646.0
4742,2026-09-16,Growth,Asia Pacific,Education,Partner,1,53,18,32.0,2,1,2026-09-30 00:00:00,129,40.0,12.0,32.0,2,14,40.0,12.0,14.0
4743,2024-12-26,Growth,North America,Healthcare,Referral,0,58,10,15.272727272727273,4,0,0,129,59.18181818181818,9.090909090909092,15.272727272727273,4,643,59.18181818181818,9.090909090909092,643.0
4744,2025-05-22,Growth,Europe,Healthcare,Outbound Sales,0,44,20,76.17647058823529,0,0,0,129,40.23529411764706,20.352941176470587,76.17647058823529,0,496,40.23529411764706,20.352941176470587,496.0
4745,2025-07-30,Starter,Latin America,SaaS,Outbound Sales,1,56,0,61.733333333333334,0,0,0,49,56.0,0.0,61.733333333333334,0,427,56.0,0.0,427.0
4746,2025-04-12,Starter,Latin America,Healthcare,Paid Search,1,66,18,41.5,0,0,0,49,65.72222222222223,17.333333333333332,41.5,0,536,65.72222222222223,17.333333333333332,536.0
4747,2025-08-19,Enterprise,Latin America,Finance,Organic,1,51,27,23.071428571428573,1,0,0,399,49.07142857142857,27.071428571428573,23.071428571428573,1,407,49.07142857142857,27.071428571428573,407.0
4748,2026-09-29,Growth,North America,SaaS,Outbound Sales,1,40,14,37.0,0,0,0,129,39.0,11.0,37.0,0,1,39.0,11.0,1.0
4749,2025-07-13,Starter,Asia Pacific,SaaS,Outbound Sales,1,30,25,76.06666666666666,1,0,0,49,30.8,26.6,76.06666666666666,1,444,30.8,26.6,444.0
4750,2025-03-28,Growth,Asia Pacific,Retail,Paid Search,1,65,9,56.8421052631579,0,0,0,129,62.473684210526315,7.894736842105263,56.8421052631579,0,551,62.473684210526315,7.894736842105263,551.0
4751,2025-01-01,Growth,Latin America,Manufacturing,Outbound Sales,0,31,4,31.0,0,0,0,129,29.40909090909091,3.727272727272727,31.0,0,637,29.40909090909091,3.727272727272727,637.0
4752,2025-08-28,Growth,North America,Finance,Paid Search,1,36,23,36.642857142857146,0,0,0,129,35.5,21.928571428571427,36.642857142857146,0,398,35.5,21.928571428571427,398.0
4753,2025-05-26,Starter,Europe,SaaS,Referral,0,47,21,45.8235294117647,0,0,0,49,42.411764705882355,19.294117647058822,45.8235294117647,0,492,42.411764705882355,19.294117647058822,492.0
4754,2026-05-07,Growth,Latin America,SaaS,Organic,0,0,8,70.8,0,0,0,129,0.0,7.6,70.8,0,146,0.0,7.6,146.0
4755,2024-12-02,Growth,Latin America,Retail,Outbound Sales,1,53,7,25.08695652173913,2,0,0,129,49.95652173913044,6.3478260869565215,25.08695652173913,2,667,49.95652173913044,6.3478260869565215,667.0
4756,2025-11-01,Growth,Latin America,Retail,Organic,1,29,27,59.583333333333336,0,0,0,129,25.333333333333332,26.666666666666668,59.583333333333336,0,333,25.333333333333332,26.666666666666668,333.0
4757,2026-02-05,Enterprise,North America,SaaS,Partner,1,70,23,82.375,0,0,0,399,68.625,21.25,82.375,0,237,68.625,21.25,237.0
4758,2025-02-11,Enterprise,North America,SaaS,Referral,1,112,29,36.95,0,0,0,399,105.95,27.55,36.95,0,596,105.95,27.55,596.0
4759,2026-07-22,Growth,Europe,Finance,Organic,1,34,16,46.0,0,0,0,129,36.0,13.666666666666666,46.0,0,70,36.0,13.666666666666666,70.0
4760,2026-09-21,Starter,Latin America,Finance,Outbound Sales,1,63,12,27.0,0,0,0,49,71.0,8.0,27.0,0,9,71.0,8.0,9.0
4761,2026-05-28,Starter,Europe,Retail,Paid Search,0,58,29,42.4,0,0,0,49,59.6,25.8,42.4,0,125,59.6,25.8,125.0
4762,2025-06-16,Growth,North America,Education,Referral,1,36,22,64.5,5,0,0,129,36.75,21.875,64.5,5,471,36.75,21.875,471.0
4763,2026-08-23,Starter,Latin America,Education,Organic,0,45,10,45.0,0,0,0,49,55.5,10.0,45.0,0,38,55.5,10.0,38.0
4764,2026-05-27,Growth,Asia Pacific,Healthcare,Outbound Sales,1,41,17,92.6,0,0,0,129,47.4,13.2,92.6,0,126,47.4,13.2,126.0
4765,2025-12-02,Starter,North America,Finance,Organic,1,28,12,77.9090909090909,1,0,0,49,28.09090909090909,10.818181818181818,77.9090909090909,1,302,28.09090909090909,10.818181818181818,302.0
4766,2025-06-30,Enterprise,North America,Manufacturing,Partner,0,34,23,47.6875,0,0,0,399,33.875,22.0,47.6875,0,457,33.875,22.0,457.0
4767,2026-04-06,Growth,Latin America,Finance,Outbound Sales,1,79,23,74.83333333333333,2,0,0,129,75.0,22.0,74.83333333333333,2,177,75.0,22.0,177.0
4768,2025-08-20,Enterprise,Europe,SaaS,Organic,0,43,15,30.5,0,0,0,399,46.642857142857146,14.142857142857142,30.5,0,406,46.642857142857146,14.142857142857142,406.0
4769,2026-09-10,Starter,Europe,Manufacturing,Paid Search,0,34,11,49.0,0,0,0,49,38.0,13.0,49.0,0,20,38.0,13.0,20.0
4770,2024-12-17,Enterprise,Asia Pacific,SaaS,Paid Search,1,23,26,38.36363636363637,0,0,0,399,23.954545454545453,24.863636363636363,38.36363636363637,0,652,23.954545454545453,24.863636363636363,652.0
4771,2025-11-24,Starter,North America,Finance,Referral,1,53,16,33.81818181818182,2,0,0,49,53.45454545454545,16.181818181818183,33.81818181818182,2,310,53.45454545454545,16.181818181818183,310.0
4772,2025-11-30,Growth,Europe,SaaS,Organic,1,0,9,82.63636363636364,0,0,0,129,0.0,8.909090909090908,82.63636363636364,0,304,0.0,8.909090909090908,304.0
4773,2025-12-30,Starter,Asia Pacific,Finance,Paid Search,1,60,39,11.0,2,0,0,49,56.5,39.1,11.0,2,274,56.5,39.1,274.0
4774,2025-09-15,Enterprise,North America,Retail,Partner,1,38,9,51.84615384615385,3,0,0,399,39.0,8.692307692307692,51.84615384615385,3,380,39.0,8.692307692307692,380.0
4775,2026-05-18,Growth,North America,Finance,Referral,1,39,19,92.6,6,0,0,129,35.8,17.2,92.6,6,135,35.8,17.2,135.0
4776,2024-12-24,Growth,Asia Pacific,Education,Organic,1,70,22,73.54545454545455,0,0,0,129,65.86363636363636,25.227272727272727,73.54545454545455,0,645,65.86363636363636,25.227272727272727,645.0
4777,2024-11-12,Starter,Latin America,Education,Paid Search,1,7,26,51.56521739130435,0,0,0,49,6.478260869565218,25.08695652173913,51.56521739130435,0,687,6.478260869565218,25.08695652173913,687.0
4778,2025-07-14,Enterprise,Europe,Finance,Referral,1,60,33,90.46666666666667,0,0,0,399,58.0,31.8,90.46666666666667,0,443,58.0,31.8,443.0
4779,2025-05-25,Starter,North America,Education,Referral,1,50,20,31.176470588235293,0,0,0,49,48.588235294117645,18.058823529411764,31.176470588235293,0,493,48.588235294117645,18.058823529411764,493.0
4780,2026-07-27,Growth,Europe,Manufacturing,Outbound Sales,1,33,16,74.66666666666667,0,0,0,129,36.666666666666664,16.333333333333332,74.66666666666667,0,65,36.666666666666664,16.333333333333332,65.0
4781,2026-01-26,Starter,Europe,Retail,Outbound Sales,1,63,23,88.33333333333333,1,0,0,49,61.666666666666664,24.0,88.33333333333333,1,247,61.666666666666664,24.0,247.0
4782,2025-06-17,Starter,Europe,Manufacturing,Partner,1,22,24,71.875,2,0,0,49,21.875,22.4375,71.875,2,470,21.875,22.4375,470.0
4783,2026-08-09,Starter,Latin America,Finance,Partner,1,65,31,59.0,0,0,0,49,65.5,24.0,59.0,0,52,65.5,24.0,52.0
4784,2026-08-24,Starter,North America,Education,Partner,1,55,31,61.5,0,0,0,49,54.0,36.5,61.5,0,37,54.0,36.5,37.0
4785,2025-11-10,Starter,Latin America,Healthcare,Outbound Sales,1,26,15,59.36363636363637,2,0,0,49,24.727272727272727,14.909090909090908,59.36363636363637,2,324,24.727272727272727,14.909090909090908,324.0
4786,2026-06-24,Starter,Europe,Manufacturing,Outbound Sales,1,30,12,77.75,0,0,0,49,29.25,9.75,77.75,0,98,29.25,9.75,98.0
4787,2026-05-12,Growth,North America,Retail,Referral,1,56,17,58.0,0,0,0,129,60.4,15.8,58.0,0,141,60.4,15.8,141.0
4788,2026-07-09,Starter,Asia Pacific,Manufacturing,Paid Search,0,27,14,54.0,0,0,0,49,27.333333333333332,13.333333333333334,54.0,0,83,27.333333333333332,13.333333333333334,83.0
4789,2025-05-19,Growth,Latin America,Education,Organic,1,61,16,28.41176470588235,0,0,0,129,58.705882352941174,15.352941176470589,28.41176470588235,0,499,58.705882352941174,15.352941176470589,499.0
4790,2025-05-16,Growth,North America,Education,Partner,1,70,15,52.0,0,0,0,129,68.11764705882354,15.117647058823529,52.0,0,502,68.11764705882354,15.117647058823529,502.0
4791,2025-08-27,Growth,Asia Pacific,Retail,Organic,0,23,26,24.428571428571427,2,0,0,129,24.285714285714285,24.714285714285715,24.428571428571427,2,399,24.285714285714285,24.714285714285715,399.0
4792,2026-02-01,Starter,Latin America,SaaS,Outbound Sales,1,69,32,60.333333333333336,4,0,0,49,72.11111111111111,32.22222222222222,60.333333333333336,4,241,72.11111111111111,32.22222222222222,241.0
4793,2025-04-29,Enterprise,Latin America,Finance,Partner,1,36,18,32.888888888888886,0,0,0,399,37.833333333333336,18.38888888888889,32.888888888888886,0,519,37.833333333333336,18.38888888888889,519.0
4794,2026-09-29,Enterprise,Asia Pacific,Retail,Partner,1,29,12,69.0,0,0,0,399,29.0,8.0,69.0,0,1,29.0,8.0,1.0
4795,2025-01-14,Starter,North America,Education,Organic,0,70,21,46.285714285714285,0,0,0,49,68.19047619047619,21.428571428571427,46.285714285714285,0,624,68.19047619047619,21.428571428571427,624.0
4796,2025-05-09,Enterprise,Latin America,Finance,Partner,1,40,2,27.941176470588236,2,0,0,399,40.294117647058826,1.3529411764705883,27.941176470588236,2,509,40.294117647058826,1.3529411764705883,509.0
4797,2025-04-25,Starter,Europe,Retail,Paid Search,0,72,18,35.27777777777778,3,0,0,49,69.22222222222223,16.944444444444443,35.27777777777778,3,523,69.22222222222223,16.944444444444443,523.0
4798,2026-04-09,Starter,Latin America,Retail,Outbound Sales,0,14,21,64.33333333333333,0,0,0,49,12.5,19.0,64.33333333333333,0,174,12.5,19.0,174.0
4799,2025-03-01,Starter,Europe,SaaS,Paid Search,1,45,24,59.75,0,0,0,49,42.8,21.7,59.75,0,578,42.8,21.7,578.0
4800,2025-11-20,Enterprise,North America,SaaS,Outbound Sales,1,37,28,28.0,0,0,0,399,36.90909090909091,29.454545454545453,28.0,0,314,36.90909090909091,29.454545454545453,314.0
4801,2024-12-10,Growth,Latin America,Education,Referral,0,34,15,70.54545454545455,3,0,0,129,35.36363636363637,14.863636363636363,70.54545454545455,3,659,35.36363636363637,14.863636363636363,659.0
4802,2026-01-11,Growth,Europe,Retail,Outbound Sales,1,48,26,73.44444444444444,0,0,0,129,46.666666666666664,29.11111111111111,73.44444444444444,0,262,46.666666666666664,29.11111111111111,262.0
4803,2025-08-11,Starter,North America,Healthcare,Organic,1,63,27,73.0,0,0,0,49,60.214285714285715,28.142857142857142,73.0,0,415,60.214285714285715,28.142857142857142,415.0
4804,2026-05-22,Starter,Asia Pacific,Healthcare,Paid Search,0,71,16,41.0,3,0,0,49,72.0,12.6,41.0,3,131,72.0,12.6,131.0
4805,2025-07-27,Starter,North America,SaaS,Organic,0,8,9,64.06666666666666,0,1,2025-10-31 00:00:00,49,6.533333333333333,8.4,64.06666666666666,0,430,6.533333333333333,8.4,96.0
4806,2025-04-12,Starter,Europe,Manufacturing,Partner,1,20,12,71.27777777777777,1,0,0,49,19.166666666666668,11.555555555555555,71.27777777777777,1,536,19.166666666666668,11.555555555555555,536.0
4807,2026-06-20,Starter,Latin America,Education,Organic,1,77,12,88.75,1,0,0,49,67.25,10.75,88.75,1,102,67.25,10.75,102.0
4808,2025-07-18,Starter,Europe,Healthcare,Paid Search,0,19,5,76.33333333333333,1,0,0,49,18.8,4.533333333333333,76.33333333333333,1,439,18.8,4.533333333333333,439.0
4809,2024-11-04,Growth,North America,Healthcare,Organic,1,55,14,67.625,0,0,0,129,56.791666666666664,14.375,67.625,0,695,56.791666666666664,14.375,695.0
4810,2025-10-03,Growth,Europe,Retail,Paid Search,1,75,17,66.92307692307692,1,0,0,129,80.0,16.692307692307693,66.92307692307692,1,362,80.0,16.692307692307693,362.0
4811,2026-02-19,Starter,Europe,SaaS,Organic,1,53,4,71.375,0,0,0,49,51.125,3.125,71.375,0,223,51.125,3.125,223.0
4812,2025-04-06,Starter,Latin America,Healthcare,Partner,1,14,25,46.526315789473685,0,0,0,49,13.31578947368421,27.473684210526315,46.526315789473685,0,542,13.31578947368421,27.473684210526315,542.0
4813,2024-12-09,Starter,Asia Pacific,Manufacturing,Outbound Sales,1,87,22,36.391304347826086,2,0,0,49,85.47826086956522,20.217391304347824,36.391304347826086,2,660,85.47826086956522,20.217391304347824,660.0
4814,2025-04-05,Growth,Europe,Education,Paid Search,1,29,20,37.63157894736842,2,0,0,129,26.94736842105263,19.57894736842105,37.63157894736842,2,543,26.94736842105263,19.57894736842105,543.0
4815,2025-09-25,Starter,Europe,Finance,Paid Search,1,8,7,54.69230769230769,2,0,0,49,7.923076923076923,6.538461538461538,54.69230769230769,2,370,7.923076923076923,6.538461538461538,370.0
4816,2026-07-03,Growth,Europe,Education,Partner,1,46,1,76.0,0,0,0,129,47.333333333333336,0.3333333333333333,76.0,0,89,47.333333333333336,0.3333333333333333,89.0
4817,2024-12-21,Growth,Latin America,Finance,Paid Search,1,46,18,36.68181818181818,2,0,0,129,48.54545454545455,17.0,36.68181818181818,2,648,48.54545454545455,17.0,648.0
4818,2026-08-01,Growth,Europe,Finance,Referral,1,42,14,67.0,1,0,0,129,40.666666666666664,13.666666666666666,67.0,1,60,40.666666666666664,13.666666666666666,60.0
4819,2026-07-22,Starter,Latin America,Manufacturing,Referral,1,74,25,71.33333333333333,1,0,0,49,77.66666666666667,22.0,71.33333333333333,1,70,77.66666666666667,22.0,70.0
4820,2026-09-07,Growth,Asia Pacific,Manufacturing,Organic,0,58,22,43.0,0,0,0,129,48.0,13.0,43.0,0,23,48.0,13.0,23.0
4821,2025-09-03,Growth,Latin America,Healthcare,Organic,1,73,6,53.214285714285715,4,0,0,129,77.28571428571429,5.642857142857143,53.214285714285715,4,392,77.28571428571429,5.642857142857143,392.0
4822,2026-03-16,Starter,Latin America,Retail,Partner,0,24,0,53.42857142857143,0,0,0,49,22.857142857142858,0.0,53.42857142857143,0,198,22.857142857142858,0.0,198.0
4823,2026-06-08,Enterprise,Latin America,Manufacturing,Paid Search,1,55,12,61.0,0,0,0,399,57.0,11.25,61.0,0,114,57.0,11.25,114.0
4824,2026-05-16,Growth,North America,Manufacturing,Partner,1,18,16,59.0,0,0,0,129,18.4,13.4,59.0,0,137,18.4,13.4,137.0
4825,2025-10-31,Growth,North America,Education,Paid Search,1,36,4,48.916666666666664,0,0,0,129,37.833333333333336,3.3333333333333335,48.916666666666664,0,334,37.833333333333336,3.3333333333333335,334.0
4826,2025-01-12,Growth,Europe,Healthcare,Organic,1,48,16,73.61904761904762,1,0,0,129,48.76190476190476,14.666666666666666,73.61904761904762,1,626,48.76190476190476,14.666666666666666,626.0
4827,2025-09-20,Growth,Asia Pacific,SaaS,Paid Search,1,63,16,55.23076923076923,3,0,0,129,64.15384615384616,13.384615384615385,55.23076923076923,3,375,64.15384615384616,13.384615384615385,375.0
4828,2026-04-21,Starter,Latin America,Education,Referral,1,58,18,51.0,0,0,0,49,60.833333333333336,13.0,51.0,0,162,60.833333333333336,13.0,162.0
4829,2025-06-12,Enterprise,Asia Pacific,Manufacturing,Referral,1,12,30,63.625,4,0,0,399,10.9375,28.375,63.625,4,475,10.9375,28.375,475.0
4830,2025-05-06,Starter,Asia Pacific,Education,Referral,1,60,15,41.72222222222222,1,0,0,49,52.833333333333336,14.5,41.72222222222222,1,512,52.833333333333336,14.5,512.0
4831,2026-04-16,Starter,North America,Healthcare,Organic,1,59,14,84.0,0,0,0,49,62.5,11.5,84.0,0,167,62.5,11.5,167.0
4832,2025-01-07,Enterprise,Europe,Manufacturing,Organic,1,41,21,67.5,0,0,0,399,37.40909090909091,19.772727272727273,67.5,0,631,37.40909090909091,19.772727272727273,631.0
4833,2026-03-31,Growth,Latin America,Finance,Referral,1,7,18,67.0,0,0,0,129,6.0,18.0,67.0,0,183,6.0,18.0,183.0
4834,2025-04-11,Growth,Latin America,SaaS,Partner,1,28,22,86.11111111111111,0,0,0,129,28.22222222222222,20.27777777777778,86.11111111111111,0,537,28.22222222222222,20.27777777777778,537.0
4835,2025-12-29,Growth,North America,Retail,Paid Search,1,49,17,37.3,0,0,0,129,43.6,15.2,37.3,0,275,43.6,15.2,275.0
4836,2026-05-09,Starter,Latin America,Education,Outbound Sales,1,47,12,46.0,2,0,0,49,48.6,12.0,46.0,2,144,48.6,12.0,144.0
4837,2026-05-02,Starter,Latin America,Manufacturing,Partner,0,58,22,41.166666666666664,2,0,0,49,64.33333333333333,23.833333333333332,41.166666666666664,2,151,64.33333333333333,23.833333333333332,151.0
4838,2025-12-17,Starter,Europe,Healthcare,Outbound Sales,1,22,13,67.6,2,0,0,49,21.6,14.5,67.6,2,287,21.6,14.5,287.0
4839,2025-02-01,Growth,Asia Pacific,Retail,Paid Search,1,36,12,55.904761904761905,2,0,0,129,35.904761904761905,11.571428571428571,55.904761904761905,2,606,35.904761904761905,11.571428571428571,606.0
4840,2025-10-22,Growth,Latin America,Healthcare,Referral,1,48,19,74.58333333333333,2,0,0,129,45.416666666666664,20.5,74.58333333333333,2,343,45.416666666666664,20.5,343.0
4841,2025-06-13,Starter,Asia Pacific,Education,Outbound Sales,1,45,15,72.5,1,0,0,49,45.5,13.875,72.5,1,474,45.5,13.875,474.0
4842,2025-06-05,Starter,Latin America,Finance,Organic,1,0,15,55.94117647058823,1,0,0,49,0.0,15.411764705882353,55.94117647058823,1,482,0.0,15.411764705882353,482.0
4843,2026-09-09,Starter,Asia Pacific,Retail,Outbound Sales,1,61,22,100.0,0,0,0,49,46.0,27.0,100.0,0,21,46.0,27.0,21.0
4844,2025-10-04,Starter,North America,Finance,Referral,1,59,28,62.07692307692308,0,0,0,49,58.23076923076923,26.46153846153846,62.07692307692308,0,361,58.23076923076923,26.46153846153846,361.0
4845,2025-10-04,Enterprise,North America,SaaS,Partner,1,61,6,67.6923076923077,1,0,0,399,54.69230769230769,5.923076923076923,67.6923076923077,1,361,54.69230769230769,5.923076923076923,361.0
4846,2025-11-03,Starter,Latin America,Education,Referral,1,76,22,74.58333333333333,0,0,0,49,78.58333333333333,21.416666666666668,74.58333333333333,0,331,78.58333333333333,21.416666666666668,331.0
4847,2025-08-26,Starter,North America,Healthcare,Referral,1,7,6,84.21428571428571,1,0,0,49,6.357142857142857,5.5,84.21428571428571,1,400,6.357142857142857,5.5,400.0
4848,2025-06-10,Growth,North America,Manufacturing,Partner,1,73,17,27.9375,0,0,0,129,73.0,17.125,27.9375,0,477,73.0,17.125,477.0
4849,2026-07-25,Starter,North America,Finance,Organic,0,6,22,97.33333333333333,3,0,0,49,5.333333333333333,18.0,97.33333333333333,3,67,5.333333333333333,18.0,67.0
4850,2026-04-26,Starter,Europe,Retail,Partner,1,51,18,46.666666666666664,0,0,0,49,48.833333333333336,18.833333333333332,46.666666666666664,0,157,48.833333333333336,18.833333333333332,157.0
4851,2026-02-28,Starter,Europe,Manufacturing,Outbound Sales,1,69,12,55.875,1,0,0,49,66.75,11.375,55.875,1,214,66.75,11.375,214.0
4852,2026-05-27,Starter,Europe,SaaS,Referral,1,32,29,28.8,1,0,0,49,27.6,28.2,28.8,1,126,27.6,28.2,126.0
4853,2026-08-25,Growth,Asia Pacific,Education,Partner,0,38,23,69.5,2,0,0,129,39.0,20.5,69.5,2,36,39.0,20.5,36.0
4854,2024-11-08,Growth,Europe,Retail,Outbound Sales,1,20,28,44.208333333333336,0,0,0,129,17.916666666666668,29.583333333333332,44.208333333333336,0,691,17.916666666666668,29.583333333333332,691.0
4855,2025-02-24,Starter,Latin America,Finance,Referral,1,44,33,82.95,0,0,0,49,41.5,29.45,82.95,0,583,41.5,29.45,583.0
4856,2026-09-14,Starter,Europe,SaaS,Referral,1,39,15,60.0,0,0,0,49,50.0,10.0,60.0,0,16,50.0,10.0,16.0
4857,2025-10-19,Starter,Asia Pacific,Manufacturing,Referral,1,92,3,25.583333333333332,3,0,0,49,93.41666666666667,1.9166666666666667,25.583333333333332,3,346,93.41666666666667,1.9166666666666667,346.0
4858,2026-01-29,Enterprise,Asia Pacific,SaaS,Referral,1,40,23,66.88888888888889,1,0,0,399,42.77777777777778,25.22222222222222,66.88888888888889,1,244,42.77777777777778,25.22222222222222,244.0
4859,2025-07-03,Starter,Latin America,Education,Organic,1,61,38,50.5625,2,0,0,49,57.8125,39.375,50.5625,2,454,57.8125,39.375,454.0
4860,2026-08-18,Starter,Latin America,Finance,Partner,1,30,21,38.0,4,0,0,49,28.5,21.0,38.0,4,43,28.5,21.0,43.0
4861,2026-07-20,Growth,Latin America,Finance,Referral,1,55,5,72.33333333333333,0,0,0,129,53.333333333333336,4.0,72.33333333333333,0,72,53.333333333333336,4.0,72.0
4862,2026-07-28,Starter,North America,Education,Partner,1,24,12,49.666666666666664,0,0,0,49,20.0,10.333333333333334,49.666666666666664,0,64,20.0,10.333333333333334,64.0
4863,2025-07-06,Enterprise,Asia Pacific,Manufacturing,Outbound Sales,1,44,29,45.3125,0,0,0,399,39.5625,29.0625,45.3125,0,451,39.5625,29.0625,451.0
4864,2024-12-09,Starter,Europe,Manufacturing,Outbound Sales,1,17,24,49.0,0,0,0,49,16.08695652173913,23.695652173913043,49.0,0,660,16.08695652173913,23.695652173913043,660.0
4865,2026-09-28,Enterprise,Europe,SaaS,Paid Search,1,65,13,48.0,1,0,0,399,45.0,12.0,48.0,1,2,45.0,12.0,2.0
4866,2025-09-23,Starter,Latin America,SaaS,Organic,1,22,23,34.76923076923077,5,0,0,49,21.23076923076923,22.0,34.76923076923077,5,372,21.23076923076923,22.0,372.0
4867,2025-11-24,Starter,Asia Pacific,Education,Outbound Sales,1,24,30,76.72727272727273,0,0,0,49,24.454545454545453,25.272727272727273,76.72727272727273,0,310,24.454545454545453,25.272727272727273,310.0
4868,2025-02-23,Starter,Latin America,Manufacturing,Partner,1,76,21,43.3,3,0,0,49,78.45,16.6,43.3,3,584,78.45,16.6,584.0
4869,2025-11-29,Growth,Latin America,SaaS,Paid Search,1,68,19,45.81818181818182,2,0,0,129,68.27272727272727,19.454545454545453,45.81818181818182,2,305,68.27272727272727,19.454545454545453,305.0
4870,2025-07-19,Starter,Latin America,SaaS,Organic,1,70,12,35.53333333333333,2,0,0,49,66.73333333333333,11.2,35.53333333333333,2,438,66.73333333333333,11.2,438.0
4871,2026-05-06,Growth,North America,SaaS,Referral,1,88,9,68.4,0,0,0,129,87.6,6.8,68.4,0,147,87.6,6.8,147.0
4872,2025-08-15,Starter,North America,SaaS,Referral,0,73,39,81.64285714285714,0,0,0,49,73.57142857142857,45.0,81.64285714285714,0,411,73.57142857142857,45.0,411.0
4873,2024-11-24,Starter,North America,Healthcare,Paid Search,1,37,15,81.08695652173913,0,0,0,49,36.391304347826086,15.217391304347826,81.08695652173913,0,675,36.391304347826086,15.217391304347826,675.0
4874,2026-04-12,Growth,Asia Pacific,Finance,Referral,1,47,23,77.83333333333333,2,0,0,129,44.666666666666664,22.333333333333332,77.83333333333333,2,171,44.666666666666664,22.333333333333332,171.0
4875,2025-11-17,Starter,Asia Pacific,Education,Organic,1,50,26,56.90909090909091,0,0,0,49,48.81818181818182,28.545454545454547,56.90909090909091,0,317,48.81818181818182,28.545454545454547,317.0
4876,2026-04-09,Growth,Latin America,Retail,Referral,1,39,10,20.0,3,0,0,129,33.166666666666664,10.833333333333334,20.0,3,174,33.166666666666664,10.833333333333334,174.0
4877,2026-04-03,Starter,Latin America,Education,Outbound Sales,0,49,31,46.0,3,0,0,49,49.42857142857143,30.714285714285715,46.0,3,180,49.42857142857143,30.714285714285715,180.0
4878,2026-01-29,Enterprise,Asia Pacific,Education,Organic,0,54,7,48.666666666666664,0,0,0,399,49.22222222222222,7.111111111111111,48.666666666666664,0,244,49.22222222222222,7.111111111111111,244.0
4879,2026-03-12,Starter,Asia Pacific,Finance,Paid Search,1,70,21,67.28571428571429,0,0,0,49,66.57142857142857,19.857142857142858,67.28571428571429,0,202,66.57142857142857,19.857142857142858,202.0
4880,2024-12-13,Starter,Latin America,Retail,Partner,0,43,12,90.18181818181819,1,0,0,49,42.31818181818182,11.818181818181818,90.18181818181819,1,656,42.31818181818182,11.818181818181818,656.0
4881,2025-08-29,Enterprise,Asia Pacific,Healthcare,Paid Search,0,43,26,66.14285714285714,2,0,0,399,42.714285714285715,25.857142857142858,66.14285714285714,2,397,42.714285714285715,25.857142857142858,397.0
4882,2026-08-28,Growth,North America,Retail,Organic,1,72,14,32.0,0,0,0,129,80.0,13.5,32.0,0,33,80.0,13.5,33.0
4883,2025-05-15,Enterprise,Latin America,Manufacturing,Paid Search,1,54,4,73.05882352941177,1,0,0,399,51.529411764705884,3.7058823529411766,73.05882352941177,1,503,51.529411764705884,3.7058823529411766,503.0
4884,2025-09-23,Starter,Europe,Manufacturing,Referral,1,57,8,49.84615384615385,3,0,0,49,60.38461538461539,7.384615384615385,49.84615384615385,3,372,60.38461538461539,7.384615384615385,372.0
4885,2026-04-09,Growth,Asia Pacific,SaaS,Outbound Sales,1,39,22,62.833333333333336,2,0,0,129,43.0,15.666666666666666,62.833333333333336,2,174,43.0,15.666666666666666,174.0
4886,2025-01-22,Starter,North America,Finance,Partner,1,43,15,80.85714285714286,0,0,0,49,43.714285714285715,14.238095238095237,80.85714285714286,0,616,43.714285714285715,14.238095238095237,616.0
4887,2025-02-05,Starter,Asia Pacific,SaaS,Referral,0,21,8,59.0,1,0,0,49,19.476190476190474,7.333333333333333,59.0,1,602,19.476190476190474,7.333333333333333,602.0
4888,2025-04-19,Growth,Europe,Finance,Partner,1,47,30,33.833333333333336,0,0,0,129,44.44444444444444,28.555555555555557,33.833333333333336,0,529,44.44444444444444,28.555555555555557,529.0
4889,2026-05-03,Starter,North America,SaaS,Partner,1,42,14,44.5,3,0,0,49,46.333333333333336,10.666666666666666,44.5,3,150,46.333333333333336,10.666666666666666,150.0
4890,2026-04-29,Starter,North America,Finance,Partner,1,43,19,74.16666666666667,7,0,0,49,41.333333333333336,17.666666666666668,74.16666666666667,7,154,41.333333333333336,17.666666666666668,154.0
4891,2024-11-06,Growth,Asia Pacific,Finance,Referral,1,26,20,61.0,5,0,0,129,24.208333333333332,19.916666666666668,61.0,5,693,24.208333333333332,19.916666666666668,693.0
4892,2026-08-02,Starter,Latin America,Retail,Outbound Sales,1,47,22,81.0,0,0,0,49,40.5,25.0,81.0,0,59,40.5,25.0,59.0
4893,2025-01-05,Starter,Asia Pacific,Finance,Organic,0,19,15,64.72727272727273,1,0,0,49,18.454545454545453,15.409090909090908,64.72727272727273,1,633,18.454545454545453,15.409090909090908,633.0
4894,2025-06-02,Growth,Asia Pacific,Education,Paid Search,1,55,24,49.76470588235294,2,0,0,129,52.588235294117645,23.0,49.76470588235294,2,485,52.588235294117645,23.0,485.0
4895,2026-09-16,Starter,North America,Finance,Referral,1,23,13,54.0,2,0,0,49,24.0,13.0,54.0,2,14,24.0,13.0,14.0
4896,2026-08-05,Starter,Europe,Retail,Paid Search,1,98,15,36.0,0,0,0,49,85.0,14.0,36.0,0,56,85.0,14.0,56.0
4897,2025-06-05,Enterprise,Latin America,Retail,Partner,1,14,2,60.8235294117647,1,0,0,399,14.470588235294118,1.2941176470588236,60.8235294117647,1,482,14.470588235294118,1.2941176470588236,482.0
4898,2026-01-07,Starter,Europe,SaaS,Partner,1,54,23,75.11111111111111,4,0,0,49,50.888888888888886,22.333333333333332,75.11111111111111,4,266,50.888888888888886,22.333333333333332,266.0
4899,2025-02-13,Starter,Europe,Education,Referral,1,16,20,55.5,0,0,0,49,15.55,18.75,55.5,0,594,15.55,18.75,594.0
4900,2025-05-28,Starter,Asia Pacific,Healthcare,Partner,1,58,10,50.705882352941174,0,0,0,49,58.35294117647059,10.058823529411764,50.705882352941174,0,490,58.35294117647059,10.058823529411764,490.0
4901,2026-05-03,Starter,North America,Retail,Outbound Sales,1,46,14,57.666666666666664,0,0,0,49,45.0,14.666666666666666,57.666666666666664,0,150,45.0,14.666666666666666,150.0
4902,2026-01-18,Growth,Asia Pacific,Healthcare,Outbound Sales,1,43,17,79.22222222222223,1,0,0,129,38.44444444444444,13.777777777777779,79.22222222222223,1,255,38.44444444444444,13.777777777777779,255.0
4903,2026-08-23,Growth,Latin America,SaaS,Paid Search,1,82,18,46.0,1,0,0,129,91.0,15.5,46.0,1,38,91.0,15.5,38.0
4904,2025-01-11,Growth,Latin America,Manufacturing,Paid Search,1,87,15,56.61904761904762,1,0,0,129,82.66666666666667,15.80952380952381,56.61904761904762,1,627,82.66666666666667,15.80952380952381,627.0
4905,2025-04-05,Enterprise,Asia Pacific,Finance,Partner,1,13,9,65.47368421052632,2,0,0,399,12.789473684210526,8.789473684210526,65.47368421052632,2,543,12.789473684210526,8.789473684210526,543.0
4906,2024-11-23,Growth,Latin America,Manufacturing,Organic,1,41,22,59.130434782608695,1,0,0,129,40.65217391304348,22.73913043478261,59.130434782608695,1,676,40.65217391304348,22.73913043478261,676.0
4907,2026-02-12,Starter,North America,Manufacturing,Paid Search,1,14,22,58.0,3,0,0,49,12.625,22.125,58.0,3,230,12.625,22.125,230.0
4908,2025-10-04,Starter,Europe,Healthcare,Outbound Sales,1,17,21,32.07692307692308,0,0,0,49,17.076923076923077,18.384615384615383,32.07692307692308,0,361,17.076923076923077,18.384615384615383,361.0
4909,2024-12-07,Starter,Asia Pacific,Education,Outbound Sales,0,36,18,72.47826086956522,1,0,0,49,39.08695652173913,17.956521739130434,72.47826086956522,1,662,39.08695652173913,17.956521739130434,662.0
4910,2025-01-27,Starter,North America,Manufacturing,Outbound Sales,1,30,28,51.23809523809524,0,0,0,49,28.761904761904763,27.333333333333332,51.23809523809524,0,611,28.761904761904763,27.333333333333332,611.0
4911,2025-01-13,Enterprise,Europe,Finance,Organic,1,69,25,30.761904761904763,3,0,0,399,67.28571428571429,23.476190476190474,30.761904761904763,3,625,67.28571428571429,23.476190476190474,625.0
4912,2024-12-24,Starter,Latin America,Education,Outbound Sales,1,4,11,60.36363636363637,0,1,2025-04-24 00:00:00,49,3.3636363636363638,10.681818181818182,60.36363636363637,0,645,3.3636363636363638,10.681818181818182,121.0
4913,2025-07-14,Starter,North America,Retail,Organic,0,29,8,56.733333333333334,1,0,0,49,25.733333333333334,7.133333333333334,56.733333333333334,1,443,25.733333333333334,7.133333333333334,443.0
4914,2026-05-24,Starter,Latin America,Retail,Paid Search,1,72,11,60.6,1,0,0,49,62.6,10.4,60.6,1,129,62.6,10.4,129.0
4915,2025-01-10,Enterprise,North America,Retail,Organic,0,43,28,42.23809523809524,2,0,0,399,43.42857142857143,30.523809523809526,42.23809523809524,2,628,43.42857142857143,30.523809523809526,628.0
4916,2026-06-10,Starter,Europe,Retail,Referral,1,74,10,88.25,0,0,0,49,72.5,9.25,88.25,0,112,72.5,9.25,112.0
4917,2025-06-20,Starter,Asia Pacific,Finance,Outbound Sales,1,62,7,74.0625,2,0,0,49,62.5625,6.8125,74.0625,2,467,62.5625,6.8125,467.0
4918,2025-07-21,Enterprise,North America,Healthcare,Organic,1,43,17,69.66666666666667,2,0,0,399,44.13333333333333,15.8,69.66666666666667,2,436,44.13333333333333,15.8,436.0
4919,2025-12-21,Starter,Asia Pacific,Healthcare,Partner,1,36,19,43.5,0,0,0,49,35.9,18.3,43.5,0,283,35.9,18.3,283.0
4920,2025-12-01,Starter,Latin America,Retail,Partner,1,52,19,74.45454545454545,0,0,0,49,53.09090909090909,18.09090909090909,74.45454545454545,0,303,53.09090909090909,18.09090909090909,303.0
4921,2026-02-03,Enterprise,Europe,SaaS,Outbound Sales,1,39,16,10.875,2,0,0,399,38.375,13.625,10.875,2,239,38.375,13.625,239.0
4922,2026-08-06,Growth,Europe,Education,Outbound Sales,1,58,8,54.5,2,0,0,129,68.5,8.5,54.5,2,55,68.5,8.5,55.0
4923,2025-12-18,Starter,Europe,SaaS,Organic,1,49,29,51.6,2,0,0,49,44.4,26.7,51.6,2,286,44.4,26.7,286.0
4924,2026-01-16,Starter,Europe,Healthcare,Partner,1,49,26,65.88888888888889,0,0,0,49,51.888888888888886,23.444444444444443,65.88888888888889,0,257,51.888888888888886,23.444444444444443,257.0
4925,2025-09-18,Growth,Europe,Education,Referral,1,76,13,46.84615384615385,0,1,2025-10-26 00:00:00,129,77.92307692307692,11.923076923076923,46.84615384615385,0,377,77.92307692307692,11.923076923076923,38.0
4926,2025-12-02,Growth,Europe,Education,Referral,0,61,14,43.45454545454545,2,1,2026-03-02 00:00:00,129,61.27272727272727,14.272727272727273,43.45454545454545,2,302,61.27272727272727,14.272727272727273,90.0
4927,2026-04-30,Starter,North America,Finance,Paid Search,1,55,17,29.833333333333332,2,0,0,49,52.333333333333336,15.333333333333334,29.833333333333332,2,153,52.333333333333336,15.333333333333334,153.0
4928,2024-11-05,Starter,Latin America,Healthcare,Outbound Sales,1,26,0,12.625,0,0,0,49,25.416666666666668,0.0,12.625,0,694,25.416666666666668,0.0,694.0
4929,2026-08-17,Starter,Latin America,SaaS,Referral,0,52,19,73.5,0,0,0,49,48.5,16.0,73.5,0,44,48.5,16.0,44.0
4930,2026-07-25,Starter,Europe,Finance,Partner,1,72,17,76.0,4,0,0,49,64.0,18.0,76.0,4,67,64.0,18.0,67.0
4931,2025-01-02,Growth,North America,Retail,Outbound Sales,0,35,27,66.81818181818181,0,0,0,129,33.63636363636363,26.545454545454547,66.81818181818181,0,636,33.63636363636363,26.545454545454547,636.0
4932,2026-06-21,Starter,Latin America,Education,Partner,0,47,15,53.0,0,0,0,49,45.0,16.25,53.0,0,101,45.0,16.25,101.0
4933,2024-12-15,Enterprise,North America,Education,Paid Search,1,47,25,91.72727272727273,2,0,0,399,45.86363636363637,22.863636363636363,91.72727272727273,2,654,45.86363636363637,22.863636363636363,654.0
4934,2025-01-12,Starter,Asia Pacific,Healthcare,Outbound Sales,0,74,11,81.0952380952381,0,0,0,49,72.71428571428571,11.0,81.0952380952381,0,626,72.71428571428571,11.0,626.0
4935,2025-10-31,Growth,North America,Healthcare,Organic,1,35,20,31.833333333333332,0,0,0,129,34.5,18.333333333333332,31.833333333333332,0,334,34.5,18.333333333333332,334.0
4936,2026-03-28,Growth,Asia Pacific,Manufacturing,Referral,1,25,20,60.57142857142857,1,1,2026-05-24 00:00:00,129,25.571428571428573,17.428571428571427,60.57142857142857,1,186,25.571428571428573,17.428571428571427,57.0
4937,2025-08-22,Enterprise,North America,Finance,Outbound Sales,1,0,16,40.92857142857143,0,0,0,399,0.0,15.642857142857142,40.92857142857143,0,404,0.0,15.642857142857142,404.0
4938,2025-09-03,Growth,Europe,Manufacturing,Organic,1,64,7,18.071428571428573,2,0,0,129,63.5,7.071428571428571,18.071428571428573,2,392,63.5,7.071428571428571,392.0
4939,2026-07-13,Starter,Asia Pacific,Retail,Paid Search,1,40,25,83.66666666666667,1,0,0,49,38.666666666666664,26.0,83.66666666666667,1,79,38.666666666666664,26.0,79.0
4940,2025-01-26,Starter,Asia Pacific,Education,Paid Search,1,35,16,86.19047619047619,1,0,0,49,35.095238095238095,16.285714285714285,86.19047619047619,1,612,35.095238095238095,16.285714285714285,612.0
4941,2025-08-14,Starter,North America,Retail,Organic,1,48,23,82.64285714285714,7,0,0,49,46.714285714285715,24.428571428571427,82.64285714285714,7,412,46.714285714285715,24.428571428571427,412.0
4942,2026-01-21,Starter,Asia Pacific,Healthcare,Outbound Sales,1,45,20,41.22222222222222,3,0,0,49,45.77777777777778,16.666666666666668,41.22222222222222,3,252,45.77777777777778,16.666666666666668,252.0
4943,2025-11-24,Enterprise,North America,Finance,Partner,1,54,26,54.54545454545455,1,0,0,399,54.45454545454545,26.727272727272727,54.54545454545455,1,310,54.45454545454545,26.727272727272727,310.0
4944,2025-12-08,Starter,Asia Pacific,Healthcare,Paid Search,1,41,33,90.6,0,0,0,49,40.7,30.6,90.6,0,296,40.7,30.6,296.0
4945,2026-09-06,Starter,North America,Manufacturing,Organic,0,40,6,46.0,2,1,2026-09-30 00:00:00,49,41.0,6.0,46.0,2,24,41.0,6.0,24.0
4946,2024-11-30,Starter,Europe,Retail,Referral,1,16,13,73.65217391304348,1,0,0,49,16.0,12.347826086956522,73.65217391304348,1,669,16.0,12.347826086956522,669.0
4947,2026-02-27,Starter,Latin America,Retail,Partner,1,37,15,82.0,0,0,0,49,34.75,13.125,82.0,0,215,34.75,13.125,215.0
4948,2025-04-08,Starter,Asia Pacific,Education,Partner,0,29,21,67.57894736842105,0,0,0,49,30.105263157894736,19.31578947368421,67.57894736842105,0,540,30.105263157894736,19.31578947368421,540.0
4949,2026-04-29,Starter,Europe,Retail,Paid Search,1,17,17,32.166666666666664,0,0,0,49,18.5,17.666666666666668,32.166666666666664,0,154,18.5,17.666666666666668,154.0
4950,2025-06-12,Starter,North America,Retail,Referral,1,0,17,59.5,0,0,0,49,0.0,16.6875,59.5,0,475,0.0,16.6875,475.0
4951,2025-03-18,Enterprise,North America,Healthcare,Paid Search,0,68,18,81.05263157894737,3,0,0,399,68.63157894736842,18.473684210526315,81.05263157894737,3,561,68.63157894736842,18.473684210526315,561.0
4952,2025-12-04,Starter,Asia Pacific,Manufacturing,Outbound Sales,1,95,13,83.63636363636364,0,0,0,49,95.36363636363636,13.545454545454545,83.63636363636364,0,300,95.36363636363636,13.545454545454545,300.0
4953,2026-05-11,Starter,Europe,Finance,Outbound Sales,0,43,12,14.4,1,0,0,49,44.2,12.4,14.4,1,142,44.2,12.4,142.0
4954,2025-08-28,Starter,North America,Finance,Paid Search,1,84,19,87.5,1,0,0,49,85.5,18.214285714285715,87.5,1,398,85.5,18.214285714285715,398.0
4955,2026-08-10,Starter,Asia Pacific,SaaS,Outbound Sales,1,44,26,76.0,3,0,0,49,43.0,35.0,76.0,3,51,43.0,35.0,51.0
4956,2025-03-26,Starter,Europe,Education,Partner,1,52,19,46.78947368421053,0,0,0,49,53.94736842105263,20.789473684210527,46.78947368421053,0,553,53.94736842105263,20.789473684210527,553.0
4957,2025-08-31,Enterprise,Latin America,Manufacturing,Paid Search,0,54,30,80.57142857142857,2,0,0,399,50.642857142857146,30.857142857142858,80.57142857142857,2,395,50.642857142857146,30.857142857142858,395.0
4958,2026-09-23,Enterprise,North America,Education,Partner,1,36,7,17.0,3,0,0,399,28.0,7.0,17.0,3,7,28.0,7.0,7.0
4959,2026-08-24,Starter,Latin America,SaaS,Organic,1,16,17,93.0,2,0,0,49,13.5,14.5,93.0,2,37,13.5,14.5,37.0
4960,2025-11-16,Enterprise,Europe,Education,Outbound Sales,1,27,19,61.18181818181818,1,0,0,399,25.90909090909091,19.0,61.18181818181818,1,318,25.90909090909091,19.0,318.0
4961,2024-11-10,Growth,North America,Finance,Organic,1,53,18,66.43478260869566,2,0,0,129,55.52173913043478,19.304347826086957,66.43478260869566,2,689,55.52173913043478,19.304347826086957,689.0
4962,2026-05-19,Starter,North America,SaaS,Referral,1,57,21,84.8,5,0,0,49,50.6,21.0,84.8,5,134,50.6,21.0,134.0
4963,2026-05-21,Starter,North America,Finance,Referral,1,33,27,47.4,1,0,0,49,35.8,31.0,47.4,1,132,35.8,31.0,132.0
4964,2025-03-23,Enterprise,Latin America,Healthcare,Paid Search,1,21,21,56.526315789473685,1,0,0,399,18.263157894736842,18.736842105263158,56.526315789473685,1,556,18.263157894736842,18.736842105263158,556.0
4965,2025-03-05,Growth,Asia Pacific,Retail,Outbound Sales,1,54,23,61.85,0,0,0,129,51.1,20.55,61.85,0,574,51.1,20.55,574.0
4966,2024-12-11,Enterprise,North America,Finance,Outbound Sales,1,92,15,67.04545454545455,3,0,0,399,86.31818181818181,13.636363636363637,67.04545454545455,3,658,86.31818181818181,13.636363636363637,658.0
4967,2024-11-04,Starter,North America,Healthcare,Partner,1,33,11,78.29166666666667,3,0,0,49,31.458333333333332,10.416666666666666,78.29166666666667,3,695,31.458333333333332,10.416666666666666,695.0
4968,2026-06-08,Enterprise,Asia Pacific,Healthcare,Outbound Sales,1,59,20,69.25,5,0,0,399,67.5,19.25,69.25,5,114,67.5,19.25,114.0
4969,2026-07-02,Starter,Europe,SaaS,Paid Search,1,45,21,50.5,2,0,0,49,42.75,19.0,50.5,2,90,42.75,19.0,90.0
4970,2025-12-07,Growth,Europe,SaaS,Paid Search,1,32,19,91.7,0,0,0,129,32.8,19.3,91.7,0,297,32.8,19.3,297.0
4971,2026-05-03,Starter,Latin America,Healthcare,Outbound Sales,1,32,19,46.333333333333336,0,0,0,49,30.0,18.166666666666668,46.333333333333336,0,150,30.0,18.166666666666668,150.0
4972,2026-05-13,Starter,Latin America,SaaS,Organic,1,47,12,75.0,0,0,0,49,48.2,13.8,75.0,0,140,48.2,13.8,140.0
4973,2025-01-25,Starter,North America,Manufacturing,Paid Search,1,0,19,52.38095238095238,0,0,0,49,0.0,19.285714285714285,52.38095238095238,0,613,0.0,19.285714285714285,613.0
4974,2025-09-07,Enterprise,North America,Retail,Organic,0,23,32,64.53846153846153,1,0,0,399,25.0,30.846153846153847,64.53846153846153,1,388,25.0,30.846153846153847,388.0
4975,2025-06-02,Starter,North America,Healthcare,Organic,0,60,16,73.23529411764706,0,0,0,49,57.05882352941177,15.529411764705882,73.23529411764706,0,485,57.05882352941177,15.529411764705882,485.0
4976,2025-10-17,Enterprise,North America,SaaS,Partner,1,71,28,25.75,2,0,0,399,69.5,26.916666666666668,25.75,2,348,69.5,26.916666666666668,348.0
4977,2025-06-03,Starter,Asia Pacific,Manufacturing,Organic,1,43,21,59.88235294117647,5,0,0,49,40.588235294117645,19.352941176470587,59.88235294117647,5,484,40.588235294117645,19.352941176470587,484.0
4978,2025-12-26,Growth,Europe,Retail,Organic,1,49,20,47.4,3,0,0,129,50.4,20.6,47.4,3,278,50.4,20.6,278.0
4979,2026-08-22,Growth,Europe,Finance,Outbound Sales,1,40,20,51.0,4,0,0,129,35.5,22.0,51.0,4,39,35.5,22.0,39.0
4980,2026-04-07,Starter,Latin America,Healthcare,Partner,0,63,34,66.66666666666667,0,0,0,49,54.5,34.0,66.66666666666667,0,176,54.5,34.0,176.0
4981,2025-03-24,Growth,Asia Pacific,Education,Outbound Sales,1,50,18,65.26315789473684,0,0,0,129,50.26315789473684,16.789473684210527,65.26315789473684,0,555,50.26315789473684,16.789473684210527,555.0
4982,2025-04-12,Growth,Europe,Retail,Partner,0,66,23,42.388888888888886,0,0,0,129,60.888888888888886,23.88888888888889,42.388888888888886,0,536,60.888888888888886,23.88888888888889,536.0
4983,2025-05-06,Starter,North America,SaaS,Partner,0,24,20,85.94444444444444,2,0,0,49,23.166666666666668,19.0,85.94444444444444,2,512,23.166666666666668,19.0,512.0
4984,2025-06-13,Starter,North America,Retail,Referral,1,40,40,87.4375,0,0,0,49,43.5625,39.4375,87.4375,0,474,43.5625,39.4375,474.0
4985,2026-07-23,Starter,Asia Pacific,SaaS,Organic,0,76,22,71.33333333333333,4,0,0,49,75.66666666666667,20.333333333333332,71.33333333333333,4,69,75.66666666666667,20.333333333333332,69.0
4986,2025-07-15,Enterprise,Latin America,Education,Paid Search,1,43,15,75.0,1,0,0,399,41.8,13.866666666666667,75.0,1,442,41.8,13.866666666666667,442.0
4987,2025-05-16,Starter,Asia Pacific,Finance,Paid Search,1,61,9,73.6470588235294,3,0,0,49,60.529411764705884,8.764705882352942,73.6470588235294,3,502,60.529411764705884,8.764705882352942,502.0
4988,2025-02-24,Growth,Europe,Manufacturing,Partner,0,61,7,73.95,1,0,0,129,61.6,6.6,73.95,1,583,61.6,6.6,583.0
4989,2025-05-03,Starter,North America,Manufacturing,Paid Search,0,23,12,53.833333333333336,0,0,0,49,20.61111111111111,12.444444444444445,53.833333333333336,0,515,20.61111111111111,12.444444444444445,515.0
4990,2026-09-17,Starter,Latin America,Manufacturing,Paid Search,1,51,20,25.0,0,0,0,49,59.0,16.0,25.0,0,13,59.0,16.0,13.0
4991,2026-06-02,Growth,Europe,Healthcare,Outbound Sales,1,74,21,48.0,0,1,2026-07-08 00:00:00,129,73.8,18.6,48.0,0,120,73.8,18.6,36.0
4992,2026-05-15,Growth,North America,Retail,Outbound Sales,1,60,26,33.8,1,0,0,129,69.2,23.6,33.8,1,138,69.2,23.6,138.0
4993,2026-02-14,Starter,Europe,Healthcare,Referral,1,50,6,61.75,3,0,0,49,49.875,5.125,61.75,3,228,49.875,5.125,228.0
4994,2026-08-21,Starter,Latin America,SaaS,Paid Search,1,55,22,96.0,4,0,0,49,57.5,14.0,96.0,4,40,57.5,14.0,40.0
4995,2026-05-15,Starter,Latin America,Manufacturing,Outbound Sales,0,32,13,80.4,0,0,0,49,29.2,11.8,80.4,0,138,29.2,11.8,138.0
4996,2025-01-12,Starter,Asia Pacific,Finance,Referral,1,13,7,57.95238095238095,0,0,0,49,11.571428571428571,6.761904761904762,57.95238095238095,0,626,11.571428571428571,6.761904761904762,626.0
4997,2025-08-23,Enterprise,North America,Education,Organic,1,37,18,82.71428571428571,1,0,0,399,39.714285714285715,17.785714285714285,82.71428571428571,1,403,39.714285714285715,17.785714285714285,403.0
4998,2026-09-17,Growth,Latin America,Healthcare,Referral,1,0,18,43.0,1,0,0,129,0.0,16.0,43.0,1,13,0.0,16.0,13.0
4999,2025-01-06,Growth,Latin America,Retail,Outbound Sales,1,26,18,79.72727272727273,1,0,0,129,25.90909090909091,17.954545454545453,79.72727272727273,1,632,25.90909090909091,17.954545454545453,632.0
5000,2025-07-13,Enterprise,North America,SaaS,Paid Search,1,27,21,73.6,1,0,0,399,29.333333333333332,19.666666666666668,73.6,1,444,29.333333333333332,19.666666666666668,444.0
